# Blender 5.1.2
# www.blender.org
mtllib coke.mtl
o Cylinder.001
v -0.047973 3.487173 0.001703
v -0.033922 3.487173 0.035625
v -0.033922 3.487173 -0.032219
v -0.000000 3.487173 0.049676
v -0.000000 3.487173 -0.046270
v 0.047973 3.487173 0.001703
v 0.033922 3.487173 0.035625
v 0.033922 3.487173 -0.032219
v -0.045006 3.488665 0.001703
v -0.031824 3.488665 0.033527
v -0.031824 3.488665 -0.030121
v -0.000000 3.488665 0.046709
v -0.000000 3.488665 -0.043303
v 0.045006 3.488665 0.001703
v 0.031824 3.488665 0.033527
v 0.031824 3.488665 -0.030121
v -0.000000 3.491940 0.001703
v -0.158827 3.492527 0.055821
v -0.114619 3.603417 -0.377905
v -0.080671 3.608450 -0.397591
v -0.051024 3.610524 -0.405704
v -0.186501 3.579547 -0.284543
v -0.082064 3.468786 0.148674
v -0.169212 3.503489 0.012942
v -0.175798 3.521530 -0.057622
v -0.114142 3.474582 0.126005
v -0.140307 3.482655 0.094431
v -0.038800 3.464374 0.165931
v -0.169058 3.595190 -0.345727
v -0.140900 3.598993 -0.360603
v -0.183266 3.538445 -0.123782
v -0.186037 3.556042 -0.192607
v -0.129532 3.498845 0.031106
v -0.095236 3.598544 -0.358845
v -0.067686 3.601839 -0.371732
v -0.032712 3.603726 -0.379115
v -0.162667 3.574302 -0.264029
v -0.067802 3.470710 0.136096
v -0.137159 3.508626 -0.007148
v -0.148780 3.525451 -0.072956
v -0.088257 3.473359 0.120125
v -0.101864 3.476968 0.096281
v -0.030897 3.469364 0.146414
v -0.155201 3.583672 -0.300678
v -0.127001 3.592812 -0.336425
v -0.168401 3.549292 -0.166206
v -0.173147 3.558139 -0.200812
v -0.149206 3.562136 -0.216442
v -0.117454 3.512295 -0.021498
v -0.130252 3.555416 -0.190159
v -0.110034 3.525638 -0.073690
v -0.039754 3.542368 -0.139124
v -0.038488 3.550490 -0.170893
v -0.102824 3.550845 -0.172279
v -0.076784 3.536370 -0.115664
v -0.069745 3.550356 -0.170367
v -0.114472 3.500925 0.022972
v -0.103047 3.490699 0.048617
v -0.077713 3.483912 0.063708
v -0.055392 3.481743 0.063871
v -0.027072 3.481353 0.069017
v -0.174644 3.476434 0.067493
v -0.122757 3.594274 -0.393413
v -0.085555 3.599434 -0.413596
v -0.043768 3.602633 -0.426110
v -0.197134 3.566351 -0.284200
v -0.080380 3.450319 0.169636
v -0.184926 3.488692 0.019546
v -0.187964 3.507841 -0.055351
v -0.116693 3.456872 0.144007
v -0.148522 3.465689 0.109518
v -0.040977 3.446284 0.185417
v -0.175178 3.583622 -0.351751
v -0.141830 3.589076 -0.373083
v -0.191262 3.526130 -0.126881
v -0.194399 3.544974 -0.200590
v -0.087324 3.582288 -0.346532
v -0.062397 3.585467 -0.358970
v -0.028367 3.587437 -0.366674
v -0.141305 3.561787 -0.266348
v -0.134334 3.569383 -0.296059
v -0.112617 3.577474 -0.327704
v -0.131003 3.551671 -0.226780
v -0.113560 3.546238 -0.205533
v -0.036507 3.542118 -0.189416
v -0.085907 3.542654 -0.191512
v -0.063246 3.541887 -0.188513
v -0.103459 3.499984 -0.024619
v -0.084831 3.508818 -0.059169
v -0.032927 3.519556 -0.101170
v -0.061428 3.515192 -0.084101
v -0.106699 3.489968 0.014555
v -0.099333 3.484966 0.034120
v -0.087145 3.483867 0.039271
v -0.072601 3.482810 0.033099
v -0.033614 3.484810 0.033146
v -0.164869 3.464823 0.057352
v -0.114773 3.578596 -0.387648
v -0.078854 3.583577 -0.407134
v -0.038510 3.586667 -0.419216
v -0.186583 3.551637 -0.282204
v -0.073858 3.439609 0.155970
v -0.174797 3.476658 0.011060
v -0.177729 3.495146 -0.061253
v -0.108918 3.445935 0.131226
v -0.139649 3.454449 0.097927
v -0.035815 3.435713 0.171206
v -0.165385 3.568311 -0.347424
v -0.133187 3.573577 -0.368020
v -0.180913 3.512803 -0.130314
v -0.183942 3.530998 -0.201479
v -0.092236 3.570144 -0.354590
v -0.065650 3.573519 -0.367793
v -0.029354 3.575610 -0.375971
v -0.149811 3.548382 -0.269474
v -0.142376 3.556446 -0.301012
v -0.119213 3.565033 -0.334603
v -0.138823 3.537643 -0.227472
v -0.120218 3.531877 -0.204917
v -0.038037 3.527503 -0.187809
v -0.090725 3.528072 -0.190034
v -0.066555 3.527258 -0.186850
v -0.112263 3.486398 -0.027277
v -0.092329 3.495952 -0.064643
v -0.036435 3.507535 -0.109946
v -0.066948 3.502760 -0.091273
v -0.115807 3.475552 0.015148
v -0.104915 3.469291 0.039636
v -0.085819 3.467525 0.049893
v -0.073630 3.478793 0.034057
v -0.074167 3.481608 -0.004380
v -0.064203 3.480565 -0.032967
v -0.047628 3.479716 -0.056493
v -0.030692 3.481398 -0.036193
v -0.034624 3.483227 -0.001976
v -0.023935 3.479716 -0.071269
v -0.076354 3.478165 -0.004149
v -0.066147 3.477853 -0.033210
v -0.049815 3.477853 -0.057708
v -0.024907 3.477853 -0.073456
v -0.082251 3.470202 0.109347
v -0.055793 3.468276 0.116881
v -0.026172 3.467050 0.121679
v 0.158827 3.492527 0.055821
v -0.000000 3.612825 -0.414705
v 0.114619 3.603417 -0.377905
v 0.080671 3.608450 -0.397591
v 0.051024 3.610524 -0.405704
v 0.186501 3.579547 -0.284543
v 0.082064 3.468786 0.148674
v 0.169212 3.503489 0.012942
v 0.175798 3.521530 -0.057622
v 0.114142 3.474582 0.126005
v 0.140307 3.482655 0.094431
v -0.000000 3.462619 0.172798
v 0.038800 3.464374 0.165931
v 0.169058 3.595190 -0.345727
v 0.140900 3.598993 -0.360603
v 0.183266 3.538445 -0.123782
v 0.186037 3.556042 -0.192607
v 0.129532 3.498845 0.031106
v -0.000000 3.603986 -0.380131
v 0.095236 3.598544 -0.358845
v 0.067686 3.601839 -0.371732
v 0.032712 3.603726 -0.379115
v 0.162667 3.574302 -0.264029
v 0.067802 3.470710 0.136096
v 0.137159 3.508626 -0.007148
v 0.148780 3.525451 -0.072956
v 0.088257 3.473359 0.120125
v 0.101864 3.476968 0.096281
v -0.000000 3.468710 0.148975
v 0.030897 3.469364 0.146414
v 0.155201 3.583672 -0.300678
v 0.127001 3.592812 -0.336425
v 0.168401 3.549292 -0.166206
v 0.173147 3.558139 -0.200812
v 0.149206 3.562136 -0.216442
v 0.117454 3.512295 -0.021498
v 0.130252 3.555416 -0.190159
v -0.000000 3.544109 -0.145935
v -0.000000 3.550764 -0.171964
v 0.110034 3.525638 -0.073690
v 0.039754 3.542368 -0.139124
v 0.038488 3.550490 -0.170893
v 0.102824 3.550845 -0.172279
v 0.076784 3.536370 -0.115664
v 0.069745 3.550356 -0.170367
v 0.114472 3.500925 0.022972
v 0.103047 3.490699 0.048617
v 0.077713 3.483912 0.063708
v 0.055392 3.481743 0.063871
v 0.027072 3.481353 0.069017
v -0.000000 3.483932 0.072974
v 0.174644 3.476434 0.067493
v -0.000000 3.603717 -0.430350
v 0.122757 3.594274 -0.393413
v 0.085555 3.599434 -0.413596
v 0.043768 3.602633 -0.426110
v 0.197134 3.566351 -0.284200
v 0.080380 3.450319 0.169636
v 0.184926 3.488692 0.019546
v 0.187964 3.507841 -0.055351
v 0.116693 3.456872 0.144007
v 0.148522 3.465689 0.109518
v -0.000000 3.444922 0.190746
v 0.040977 3.446284 0.185417
v 0.175178 3.583622 -0.351751
v 0.141830 3.589076 -0.373083
v 0.191262 3.526130 -0.126881
v 0.194399 3.544974 -0.200590
v -0.000000 3.587661 -0.367547
v 0.087324 3.582288 -0.346532
v 0.062397 3.585467 -0.358970
v 0.028367 3.587437 -0.366674
v 0.141305 3.561787 -0.266348
v 0.134334 3.569383 -0.296059
v 0.112617 3.577474 -0.327704
v 0.131003 3.551671 -0.226780
v 0.113560 3.546238 -0.205533
v -0.000000 3.542469 -0.190789
v 0.036507 3.542118 -0.189416
v 0.085907 3.542654 -0.191512
v 0.063246 3.541887 -0.188513
v 0.103459 3.499984 -0.024619
v -0.000000 3.520664 -0.105504
v 0.084831 3.508818 -0.059169
v 0.032927 3.519556 -0.101170
v 0.061428 3.515192 -0.084101
v 0.106699 3.489968 0.014555
v 0.099333 3.484966 0.034120
v 0.087145 3.483867 0.039271
v 0.072601 3.482810 0.033099
v 0.033614 3.484810 0.033146
v -0.000000 3.485963 0.034932
v 0.164869 3.464823 0.057352
v -0.000000 3.587713 -0.423310
v 0.114773 3.578596 -0.387648
v 0.078854 3.583577 -0.407134
v 0.038510 3.586667 -0.419216
v 0.186583 3.551637 -0.282204
v 0.073858 3.439609 0.155970
v 0.174797 3.476658 0.011060
v 0.177729 3.495146 -0.061253
v 0.108918 3.445935 0.131226
v 0.139649 3.454449 0.097927
v -0.000000 3.434398 0.176351
v 0.035815 3.435713 0.171206
v 0.165385 3.568311 -0.347424
v 0.133187 3.573577 -0.368020
v 0.180913 3.512803 -0.130314
v 0.183942 3.530998 -0.201479
v -0.000000 3.575847 -0.376898
v 0.092236 3.570144 -0.354590
v 0.065650 3.573519 -0.367793
v 0.029354 3.575610 -0.375971
v 0.149811 3.548382 -0.269474
v 0.142376 3.556446 -0.301012
v 0.119213 3.565033 -0.334603
v 0.138823 3.537643 -0.227472
v 0.120218 3.531877 -0.204917
v -0.000000 3.527875 -0.189267
v 0.038037 3.527503 -0.187809
v 0.090725 3.528072 -0.190034
v 0.066555 3.527258 -0.186850
v 0.112263 3.486398 -0.027277
v -0.000000 3.508747 -0.114687
v 0.092329 3.495952 -0.064643
v 0.036435 3.507535 -0.109946
v 0.066948 3.502760 -0.091273
v 0.115807 3.475552 0.015148
v 0.104915 3.469291 0.039636
v 0.085819 3.467525 0.049893
v 0.073630 3.478793 0.034057
v 0.074167 3.481608 -0.004380
v -0.000000 3.483825 -0.002099
v 0.064203 3.480565 -0.032967
v -0.000000 3.481761 -0.038382
v 0.047628 3.479716 -0.056493
v -0.000000 3.479716 -0.076664
v 0.030692 3.481398 -0.036193
v 0.034624 3.483227 -0.001976
v 0.023935 3.479716 -0.071269
v 0.076354 3.478165 -0.004149
v 0.066147 3.477853 -0.033210
v 0.049815 3.477853 -0.057708
v 0.024907 3.477853 -0.073456
v -0.000000 3.477853 -0.079581
v 0.082251 3.470202 0.109347
v 0.055793 3.468276 0.116881
v 0.026172 3.467050 0.121679
v -0.000000 3.466728 0.122937
v 0.166828 0.536151 -0.838702
v 0.166828 3.078881 -0.838702
v 0.327245 0.536151 -0.790040
v 0.327245 3.078881 -0.790040
v 0.475087 0.536151 -0.711017
v 0.475087 3.078881 -0.711017
v 0.604670 0.536151 -0.604670
v 0.604670 3.078881 -0.604671
v 0.711017 0.536151 -0.475086
v 0.711017 3.078881 -0.475087
v 0.790040 0.536151 -0.327245
v 0.790040 3.078881 -0.327245
v 0.838702 0.536151 -0.166828
v 0.838702 3.078881 -0.166828
v 0.855133 0.536151 0.000000
v 0.855133 3.078881 -0.000000
v 0.838702 0.536151 0.166828
v 0.838702 3.078881 0.166828
v 0.790040 0.536151 0.327246
v 0.790040 3.078881 0.327245
v 0.711017 0.536151 0.475087
v 0.711017 3.078881 0.475086
v 0.604670 0.536151 0.604671
v 0.604670 3.078881 0.604670
v 0.475086 0.536151 0.711018
v 0.475086 3.078881 0.711017
v 0.327245 0.536151 0.790041
v 0.327245 3.078881 0.790040
v 0.166828 0.536151 0.838703
v 0.166828 3.078881 0.838702
v 0.153355 0.453877 -0.770969
v 0.300817 0.453877 -0.726237
v 0.436719 0.453877 -0.653596
v 0.555838 0.453877 -0.555837
v 0.653596 0.453877 -0.436719
v 0.726237 0.453877 -0.300817
v 0.770969 0.453877 -0.153355
v 0.786073 0.453877 0.000000
v 0.770969 0.453877 0.153356
v 0.726237 0.453877 0.300818
v 0.653596 0.453877 0.436719
v 0.555838 0.453877 0.555838
v 0.436719 0.453877 0.653596
v 0.300817 0.453877 0.726238
v 0.153355 0.453877 0.770970
v 0.122586 0.312483 -0.616282
v 0.240461 0.312483 -0.580525
v 0.349096 0.312483 -0.522458
v 0.444315 0.312483 -0.444314
v 0.522459 0.312483 -0.349095
v 0.580525 0.312483 -0.240461
v 0.616282 0.312483 -0.122586
v 0.628356 0.312483 0.000000
v 0.616282 0.312483 0.122586
v 0.580525 0.312483 0.240462
v 0.522459 0.312483 0.349096
v 0.444315 0.312483 0.444315
v 0.349096 0.312483 0.522459
v 0.240461 0.312483 0.580525
v 0.122586 0.312483 0.616282
v 0.139118 0.414416 -0.699391
v 0.130504 0.369296 -0.656089
v 0.272889 0.414416 -0.658812
v 0.255993 0.369296 -0.618022
v 0.396174 0.414416 -0.592915
v 0.371645 0.369296 -0.556205
v 0.504233 0.414416 -0.504233
v 0.473014 0.369296 -0.473014
v 0.592916 0.414416 -0.396173
v 0.556206 0.369296 -0.371644
v 0.658813 0.414416 -0.272889
v 0.618023 0.369296 -0.255993
v 0.699392 0.414416 -0.139117
v 0.656089 0.369296 -0.130504
v 0.713093 0.414416 0.000000
v 0.668943 0.369296 0.000000
v 0.699392 0.414416 0.139118
v 0.656089 0.369296 0.130505
v 0.658813 0.414416 0.272889
v 0.618023 0.369296 0.255994
v 0.592916 0.414416 0.396174
v 0.556206 0.369296 0.371645
v 0.504233 0.414416 0.504234
v 0.473014 0.369296 0.473014
v 0.396174 0.414416 0.592916
v 0.371645 0.369296 0.556206
v 0.272889 0.414416 0.658813
v 0.255993 0.369296 0.618023
v 0.139117 0.414416 0.699392
v 0.130504 0.369296 0.656090
v 0.164365 3.151051 -0.826319
v 0.322414 3.151051 -0.778375
v 0.468072 3.151051 -0.700519
v 0.595743 3.151051 -0.595743
v 0.700519 3.151051 -0.468072
v 0.778375 3.151052 -0.322414
v 0.826319 3.151052 -0.164365
v 0.842507 3.151052 -0.000000
v 0.826319 3.151052 0.164365
v 0.778375 3.151052 0.322413
v 0.700519 3.151052 0.468072
v 0.595743 3.151052 0.595743
v 0.468072 3.151052 0.700519
v 0.322414 3.151052 0.778375
v 0.164365 3.151052 0.826319
v 0.134613 3.419833 -0.676744
v 0.264053 3.419833 -0.637479
v 0.383345 3.419833 -0.573716
v 0.487905 3.419833 -0.487906
v 0.573716 3.419833 -0.383345
v 0.637479 3.419833 -0.264053
v 0.676744 3.419833 -0.134613
v 0.690003 3.419833 -0.000000
v 0.676744 3.419833 0.134613
v 0.637479 3.419833 0.264052
v 0.573716 3.419833 0.383345
v 0.487905 3.419833 0.487905
v 0.383345 3.419833 0.573716
v 0.264052 3.419833 0.637479
v 0.134613 3.419833 0.676744
v 0.134019 3.453892 -0.673760
v 0.262888 3.453892 -0.634668
v 0.381654 3.453892 -0.571186
v 0.485754 3.453892 -0.485754
v 0.571186 3.453892 -0.381655
v 0.634668 3.453892 -0.262888
v 0.673760 3.453892 -0.134019
v 0.686960 3.453892 -0.000000
v 0.673760 3.453892 0.134019
v 0.634668 3.453892 0.262888
v 0.571186 3.453892 0.381654
v 0.485754 3.453892 0.485754
v 0.381654 3.453892 0.571186
v 0.262888 3.453892 0.634668
v 0.134019 3.453892 0.673760
v 0.135123 3.483911 -0.679309
v 0.265053 3.483911 -0.639895
v 0.384797 3.483911 -0.575890
v 0.489754 3.483911 -0.489755
v 0.575890 3.483911 -0.384798
v 0.639895 3.483911 -0.265053
v 0.679309 3.483911 -0.135123
v 0.692617 3.483911 -0.000000
v 0.679309 3.483911 0.135123
v 0.639895 3.483911 0.265053
v 0.575890 3.483911 0.384797
v 0.489754 3.483911 0.489754
v 0.384797 3.483911 0.575890
v 0.265053 3.483911 0.639895
v 0.135123 3.483911 0.679309
v 0.580766 3.542393 0.388055
v 0.388055 3.542393 -0.580766
v 0.267297 3.542393 -0.645313
v 0.136267 3.542393 -0.685060
v 0.645313 3.542393 -0.267297
v 0.267297 3.542393 0.645312
v 0.645313 3.542393 0.267297
v 0.685060 3.542393 0.136267
v 0.388055 3.542393 0.580766
v 0.493901 3.542393 0.493901
v 0.136267 3.542393 0.685060
v 0.580766 3.542393 -0.388056
v 0.493901 3.542393 -0.493901
v 0.698481 3.542393 -0.000000
v 0.685060 3.542393 -0.136267
v 0.683097 3.485978 -0.135877
v 0.696480 3.485978 -0.000000
v 0.492486 3.485978 -0.492486
v 0.579102 3.485978 -0.386944
v 0.135876 3.485978 0.683097
v 0.492486 3.485978 0.492485
v 0.386943 3.485978 0.579102
v 0.683097 3.485978 0.135876
v 0.643464 3.485978 0.266531
v 0.266531 3.485978 0.643463
v 0.643464 3.485978 -0.266532
v 0.135876 3.485978 -0.683097
v 0.266531 3.485978 -0.643464
v 0.386943 3.485978 -0.579102
v 0.579102 3.485978 0.386943
v 0.575890 3.549760 0.384797
v 0.384797 3.549760 -0.575890
v 0.265053 3.549760 -0.639895
v 0.135123 3.549760 -0.679309
v 0.639895 3.549760 -0.265053
v 0.265053 3.549760 0.639895
v 0.639895 3.549760 0.265053
v 0.679309 3.549760 0.135123
v 0.384797 3.549760 0.575890
v 0.489754 3.549760 0.489754
v 0.135123 3.549760 0.679309
v 0.575890 3.549760 -0.384798
v 0.489754 3.549760 -0.489755
v 0.692617 3.549760 -0.000000
v 0.679309 3.549760 -0.135123
v 0.571728 3.549760 0.382016
v 0.382017 3.549760 -0.571729
v 0.263138 3.549760 -0.635271
v 0.134146 3.549760 -0.674400
v 0.635271 3.549760 -0.263138
v 0.263138 3.549760 0.635270
v 0.635271 3.549760 0.263137
v 0.674400 3.549760 0.134146
v 0.382017 3.549760 0.571728
v 0.486215 3.549760 0.486215
v 0.134146 3.549760 0.674399
v 0.571728 3.549760 -0.382017
v 0.486215 3.549760 -0.486215
v 0.687612 3.549760 -0.000000
v 0.674400 3.549760 -0.134147
v 0.516957 3.477255 0.345419
v 0.345419 3.477255 -0.516957
v 0.237929 3.477255 -0.574412
v 0.121295 3.477255 -0.609792
v 0.574412 3.477255 -0.237929
v 0.237929 3.477255 0.574411
v 0.574412 3.477255 0.237929
v 0.609792 3.477255 0.121295
v 0.345419 3.477255 0.516957
v 0.439636 3.477255 0.439635
v 0.121295 3.477255 0.609792
v 0.516957 3.477255 -0.345420
v 0.439636 3.477255 -0.439636
v 0.621739 3.477255 -0.000000
v 0.609792 3.477255 -0.121295
v 0.506153 3.485944 0.338200
v 0.338201 3.485944 -0.506153
v 0.232957 3.485944 -0.562407
v 0.118760 3.485944 -0.597048
v 0.562407 3.485944 -0.232957
v 0.232957 3.485944 0.562407
v 0.562407 3.485944 0.232956
v 0.597048 3.485944 0.118760
v 0.338201 3.485944 0.506153
v 0.430448 3.485944 0.430448
v 0.118760 3.485944 0.597048
v 0.506153 3.485944 -0.338201
v 0.430448 3.485944 -0.430448
v 0.608745 3.485944 -0.000000
v 0.597048 3.485944 -0.118761
v 0.114018 0.314321 -0.573206
v 0.223654 0.314321 -0.539948
v 0.324695 0.314321 -0.485940
v 0.413258 0.314321 -0.413258
v 0.485940 0.314321 -0.324695
v 0.539948 0.314321 -0.223654
v 0.573206 0.314321 -0.114017
v 0.584436 0.314321 0.000000
v 0.573206 0.314321 0.114018
v 0.539948 0.314321 0.223654
v 0.485940 0.314321 0.324695
v 0.413258 0.314321 0.413259
v 0.324695 0.314321 0.485941
v 0.223654 0.314321 0.539948
v 0.114018 0.314321 0.573206
v 0.081339 0.416955 -0.408919
v 0.048695 0.456672 -0.244805
v 0.159553 0.416955 -0.385193
v 0.095518 0.456672 -0.230601
v 0.231634 0.416956 -0.346665
v 0.138671 0.456672 -0.207535
v 0.294815 0.416956 -0.294814
v 0.176495 0.456672 -0.176494
v 0.346665 0.416956 -0.231634
v 0.207536 0.456672 -0.138671
v 0.385194 0.416956 -0.159552
v 0.230601 0.456672 -0.095518
v 0.408920 0.416956 -0.081339
v 0.244805 0.456672 -0.048695
v 0.416931 0.416956 0.000000
v 0.249601 0.456672 0.000000
v 0.408920 0.416956 0.081339
v 0.244805 0.456672 0.048695
v 0.385194 0.416956 0.159553
v 0.230601 0.456672 0.095518
v 0.346665 0.416956 0.231634
v 0.207536 0.456672 0.138671
v 0.294815 0.416956 0.294815
v 0.176495 0.456672 0.176495
v 0.231634 0.416956 0.346665
v 0.138671 0.456672 0.207536
v 0.159552 0.416956 0.385194
v 0.095518 0.456672 0.230601
v 0.081339 0.416956 0.408920
v 0.048695 0.456672 0.244805
v 0.364261 3.485944 0.299809
v 0.216169 3.485944 -0.396886
v 0.173231 3.485944 -0.471056
v 0.098239 3.485944 -0.519497
v 0.294812 3.485944 -0.142383
v 0.177319 3.485944 0.501719
v 0.379988 3.485944 0.193489
v 0.364891 3.485944 0.100857
v 0.260461 3.485944 0.457531
v 0.326177 3.485944 0.390257
v 0.092788 3.485944 0.522141
v 0.270226 3.485944 -0.226898
v 0.245770 3.485944 -0.309851
v 0.337714 3.485944 -0.000000
v 0.317873 3.485944 -0.067469
v -0.000000 0.536151 -0.855133
v -0.000000 3.078881 -0.855133
v -0.166828 0.536151 -0.838702
v -0.166828 3.078881 -0.838702
v -0.327245 0.536151 -0.790040
v -0.327245 3.078881 -0.790040
v -0.475087 0.536151 -0.711017
v -0.475087 3.078881 -0.711017
v -0.604670 0.536151 -0.604670
v -0.604670 3.078881 -0.604671
v -0.711017 0.536151 -0.475086
v -0.711017 3.078881 -0.475087
v -0.790040 0.536151 -0.327245
v -0.790040 3.078881 -0.327245
v -0.838702 0.536151 -0.166828
v -0.838702 3.078881 -0.166828
v -0.855133 0.536151 0.000000
v -0.855133 3.078881 -0.000000
v -0.838702 0.536151 0.166828
v -0.838702 3.078881 0.166828
v -0.790040 0.536151 0.327246
v -0.790040 3.078881 0.327245
v -0.711017 0.536151 0.475087
v -0.711017 3.078881 0.475086
v -0.604670 0.536151 0.604671
v -0.604670 3.078881 0.604670
v -0.475086 0.536151 0.711018
v -0.475086 3.078881 0.711017
v -0.327245 0.536151 0.790041
v -0.327245 3.078881 0.790040
v -0.166828 0.536151 0.838703
v -0.166828 3.078881 0.838702
v -0.000000 0.536151 0.855134
v -0.000000 3.078881 0.855133
v -0.000000 0.453877 -0.786073
v -0.153355 0.453877 -0.770969
v -0.300817 0.453877 -0.726237
v -0.436719 0.453877 -0.653596
v -0.555838 0.453877 -0.555837
v -0.653596 0.453877 -0.436719
v -0.726237 0.453877 -0.300817
v -0.770969 0.453877 -0.153355
v -0.786073 0.453877 0.000000
v -0.770969 0.453877 0.153356
v -0.726237 0.453877 0.300818
v -0.653596 0.453877 0.436719
v -0.555838 0.453877 0.555838
v -0.436719 0.453877 0.653596
v -0.300817 0.453877 0.726238
v -0.153355 0.453877 0.770970
v -0.000000 0.453877 0.786074
v -0.000000 0.312483 -0.628356
v -0.122586 0.312483 -0.616282
v -0.240461 0.312483 -0.580525
v -0.349096 0.312483 -0.522458
v -0.444315 0.312483 -0.444314
v -0.522459 0.312483 -0.349095
v -0.580525 0.312483 -0.240461
v -0.616282 0.312483 -0.122586
v -0.628356 0.312483 0.000000
v -0.616282 0.312483 0.122586
v -0.580525 0.312483 0.240462
v -0.522459 0.312483 0.349096
v -0.444315 0.312483 0.444315
v -0.349096 0.312483 0.522459
v -0.240461 0.312483 0.580525
v -0.122586 0.312483 0.616282
v -0.000000 0.312483 0.628356
v -0.000000 0.369296 -0.668943
v -0.000000 0.414416 -0.713093
v -0.139118 0.414416 -0.699391
v -0.130504 0.369296 -0.656089
v -0.272889 0.414416 -0.658812
v -0.255993 0.369296 -0.618022
v -0.396174 0.414416 -0.592915
v -0.371645 0.369296 -0.556205
v -0.504233 0.414416 -0.504233
v -0.473014 0.369296 -0.473014
v -0.592916 0.414416 -0.396173
v -0.556206 0.369296 -0.371644
v -0.658813 0.414416 -0.272889
v -0.618023 0.369296 -0.255993
v -0.699392 0.414416 -0.139117
v -0.656089 0.369296 -0.130504
v -0.713093 0.414416 0.000000
v -0.668943 0.369296 0.000000
v -0.699392 0.414416 0.139118
v -0.656089 0.369296 0.130505
v -0.658813 0.414416 0.272889
v -0.618023 0.369296 0.255994
v -0.592916 0.414416 0.396174
v -0.556206 0.369296 0.371645
v -0.504233 0.414416 0.504234
v -0.473014 0.369296 0.473014
v -0.396174 0.414416 0.592916
v -0.371645 0.369296 0.556206
v -0.272889 0.414416 0.658813
v -0.255993 0.369296 0.618023
v -0.139117 0.414416 0.699392
v -0.130504 0.369296 0.656090
v -0.000000 0.414416 0.713094
v -0.000000 0.369296 0.668943
v -0.000000 3.151051 -0.842508
v -0.164365 3.151051 -0.826319
v -0.322414 3.151051 -0.778375
v -0.468072 3.151051 -0.700519
v -0.595743 3.151051 -0.595743
v -0.700519 3.151051 -0.468072
v -0.778375 3.151052 -0.322414
v -0.826319 3.151052 -0.164365
v -0.842507 3.151052 -0.000000
v -0.826319 3.151052 0.164365
v -0.778375 3.151052 0.322413
v -0.700519 3.151052 0.468072
v -0.595743 3.151052 0.595743
v -0.468072 3.151052 0.700519
v -0.322414 3.151052 0.778375
v -0.164365 3.151052 0.826319
v -0.000000 3.151052 0.842507
v -0.000000 3.419833 -0.690003
v -0.134613 3.419833 -0.676744
v -0.264053 3.419833 -0.637479
v -0.383345 3.419833 -0.573716
v -0.487905 3.419833 -0.487906
v -0.573716 3.419833 -0.383345
v -0.637479 3.419833 -0.264053
v -0.676744 3.419833 -0.134613
v -0.690003 3.419833 -0.000000
v -0.676744 3.419833 0.134613
v -0.637479 3.419833 0.264052
v -0.573716 3.419833 0.383345
v -0.487905 3.419833 0.487905
v -0.383345 3.419833 0.573716
v -0.264052 3.419833 0.637479
v -0.134613 3.419833 0.676744
v -0.000000 3.419833 0.690002
v -0.000000 3.453892 -0.686960
v -0.134019 3.453892 -0.673760
v -0.262888 3.453892 -0.634668
v -0.381654 3.453892 -0.571186
v -0.485754 3.453892 -0.485754
v -0.571186 3.453892 -0.381655
v -0.634668 3.453892 -0.262888
v -0.673760 3.453892 -0.134019
v -0.686960 3.453892 -0.000000
v -0.673760 3.453892 0.134019
v -0.634668 3.453892 0.262888
v -0.571186 3.453892 0.381654
v -0.485754 3.453892 0.485754
v -0.381654 3.453892 0.571186
v -0.262888 3.453892 0.634668
v -0.134019 3.453892 0.673760
v -0.000000 3.453892 0.686960
v -0.000000 3.483911 -0.692618
v -0.135123 3.483911 -0.679309
v -0.265053 3.483911 -0.639895
v -0.384797 3.483911 -0.575890
v -0.489754 3.483911 -0.489755
v -0.575890 3.483911 -0.384798
v -0.639895 3.483911 -0.265053
v -0.679309 3.483911 -0.135123
v -0.692617 3.483911 -0.000000
v -0.679309 3.483911 0.135123
v -0.639895 3.483911 0.265053
v -0.575890 3.483911 0.384797
v -0.489754 3.483911 0.489754
v -0.384797 3.483911 0.575890
v -0.265053 3.483911 0.639895
v -0.135123 3.483911 0.679309
v -0.000000 3.483911 0.692617
v -0.580766 3.542393 0.388055
v -0.000000 3.542393 -0.698481
v -0.388055 3.542393 -0.580766
v -0.267297 3.542393 -0.645313
v -0.136267 3.542393 -0.685060
v -0.645313 3.542393 -0.267297
v -0.267297 3.542393 0.645312
v -0.645313 3.542393 0.267297
v -0.685060 3.542393 0.136267
v -0.388055 3.542393 0.580766
v -0.493901 3.542393 0.493901
v -0.000000 3.542393 0.698481
v -0.136267 3.542393 0.685060
v -0.580766 3.542393 -0.388056
v -0.493901 3.542393 -0.493901
v -0.698481 3.542393 -0.000000
v -0.685060 3.542393 -0.136267
v -0.683097 3.485978 -0.135877
v -0.696480 3.485978 -0.000000
v -0.492486 3.485978 -0.492486
v -0.579102 3.485978 -0.386944
v -0.135876 3.485978 0.683097
v -0.000000 3.485978 0.696480
v -0.492486 3.485978 0.492485
v -0.386943 3.485978 0.579102
v -0.683097 3.485978 0.135876
v -0.643464 3.485978 0.266531
v -0.266531 3.485978 0.643463
v -0.643464 3.485978 -0.266532
v -0.135876 3.485978 -0.683097
v -0.266531 3.485978 -0.643464
v -0.386943 3.485978 -0.579102
v -0.000000 3.485978 -0.696480
v -0.579102 3.485978 0.386943
v -0.575890 3.549760 0.384797
v -0.000000 3.549760 -0.692617
v -0.384797 3.549760 -0.575890
v -0.265053 3.549760 -0.639895
v -0.135123 3.549760 -0.679309
v -0.639895 3.549760 -0.265053
v -0.265053 3.549760 0.639895
v -0.639895 3.549760 0.265053
v -0.679309 3.549760 0.135123
v -0.384797 3.549760 0.575890
v -0.489754 3.549760 0.489754
v -0.000000 3.549760 0.692617
v -0.135123 3.549760 0.679309
v -0.575890 3.549760 -0.384798
v -0.489754 3.549760 -0.489755
v -0.692617 3.549760 -0.000000
v -0.679309 3.549760 -0.135123
v -0.571728 3.549760 0.382016
v 0.000000 3.549760 -0.687612
v -0.382017 3.549760 -0.571729
v -0.263138 3.549760 -0.635271
v -0.134146 3.549760 -0.674400
v -0.635271 3.549760 -0.263138
v -0.263138 3.549760 0.635270
v -0.635271 3.549760 0.263137
v -0.674400 3.549760 0.134146
v -0.382017 3.549760 0.571728
v -0.486215 3.549760 0.486215
v 0.000000 3.549760 0.687612
v -0.134146 3.549760 0.674399
v -0.571728 3.549760 -0.382017
v -0.486215 3.549760 -0.486215
v -0.687612 3.549760 -0.000000
v -0.674400 3.549760 -0.134147
v -0.516957 3.477255 0.345419
v 0.000000 3.477255 -0.621739
v -0.345419 3.477255 -0.516957
v -0.237929 3.477255 -0.574412
v -0.121295 3.477255 -0.609792
v -0.574412 3.477255 -0.237929
v -0.237929 3.477255 0.574411
v -0.574412 3.477255 0.237929
v -0.609792 3.477255 0.121295
v -0.345419 3.477255 0.516957
v -0.439636 3.477255 0.439635
v 0.000000 3.477255 0.621738
v -0.121295 3.477255 0.609792
v -0.516957 3.477255 -0.345420
v -0.439636 3.477255 -0.439636
v -0.621739 3.477255 -0.000000
v -0.609792 3.477255 -0.121295
v -0.506153 3.485944 0.338200
v 0.000000 3.485944 -0.608745
v -0.338201 3.485944 -0.506153
v -0.232957 3.485944 -0.562407
v -0.118760 3.485944 -0.597048
v -0.562407 3.485944 -0.232957
v -0.232957 3.485944 0.562407
v -0.562407 3.485944 0.232956
v -0.597048 3.485944 0.118760
v -0.338201 3.485944 0.506153
v -0.430448 3.485944 0.430448
v 0.000000 3.485944 0.608745
v -0.118760 3.485944 0.597048
v -0.506153 3.485944 -0.338201
v -0.430448 3.485944 -0.430448
v -0.608745 3.485944 -0.000000
v -0.597048 3.485944 -0.118761
v -0.000000 0.314321 -0.584435
v -0.114018 0.314321 -0.573206
v -0.223654 0.314321 -0.539948
v -0.324695 0.314321 -0.485940
v -0.413258 0.314321 -0.413258
v -0.485940 0.314321 -0.324695
v -0.539948 0.314321 -0.223654
v -0.573206 0.314321 -0.114017
v -0.584436 0.314321 0.000000
v -0.573206 0.314321 0.114018
v -0.539948 0.314321 0.223654
v -0.485940 0.314321 0.324695
v -0.413258 0.314321 0.413259
v -0.324695 0.314321 0.485941
v -0.223654 0.314321 0.539948
v -0.114018 0.314321 0.573206
v -0.000000 0.314321 0.584436
v -0.000000 0.484557 0.000000
v -0.000000 0.456672 -0.249601
v -0.000000 0.416955 -0.416931
v -0.081339 0.416955 -0.408919
v -0.048695 0.456672 -0.244805
v -0.159553 0.416955 -0.385193
v -0.095518 0.456672 -0.230601
v -0.231634 0.416956 -0.346665
v -0.138671 0.456672 -0.207535
v -0.294815 0.416956 -0.294814
v -0.176495 0.456672 -0.176494
v -0.346665 0.416956 -0.231634
v -0.207536 0.456672 -0.138671
v -0.385194 0.416956 -0.159552
v -0.230601 0.456672 -0.095518
v -0.408920 0.416956 -0.081339
v -0.244805 0.456672 -0.048695
v -0.416931 0.416956 0.000000
v -0.249601 0.456672 0.000000
v -0.408920 0.416956 0.081339
v -0.244805 0.456672 0.048695
v -0.385194 0.416956 0.159553
v -0.230601 0.456672 0.095518
v -0.346665 0.416956 0.231634
v -0.207536 0.456672 0.138671
v -0.294815 0.416956 0.294815
v -0.176495 0.456672 0.176495
v -0.231634 0.416956 0.346665
v -0.138671 0.456672 0.207536
v -0.159552 0.416956 0.385194
v -0.095518 0.456672 0.230601
v -0.081339 0.416956 0.408920
v -0.048695 0.456672 0.244805
v -0.000000 0.416956 0.416931
v -0.000000 0.456672 0.249601
v -0.364261 3.485944 0.299809
v -0.000000 3.485944 -0.536916
v -0.216169 3.485944 -0.396886
v -0.173231 3.485944 -0.471056
v -0.098239 3.485944 -0.519497
v -0.294812 3.485944 -0.142383
v -0.177319 3.485944 0.501719
v -0.379988 3.485944 0.193489
v -0.364891 3.485944 0.100857
v -0.260461 3.485944 0.457531
v -0.326177 3.485944 0.390257
v -0.000000 3.485944 0.529339
v -0.092788 3.485944 0.522141
v -0.270226 3.485944 -0.226898
v -0.245770 3.485944 -0.309851
v -0.337714 3.485944 -0.000000
v -0.317873 3.485944 -0.067469
v 0.334911 3.469690 0.285755
v 0.198751 3.469690 -0.375884
v 0.159273 3.469690 -0.446322
v 0.090324 3.469690 -0.492326
v 0.271057 3.469690 -0.134187
v 0.163032 3.469690 0.477505
v 0.349371 3.469690 0.184784
v 0.335490 3.469690 0.096814
v 0.239474 3.469690 0.435541
v 0.299895 3.469690 0.371652
v 0.085312 3.469690 0.496900
v 0.248453 3.469690 -0.214450
v 0.225967 3.469690 -0.293229
v 0.310502 3.469690 0.001031
v 0.292261 3.469690 -0.063042
v -0.334911 3.469690 0.285755
v -0.000000 3.469690 -0.508868
v -0.198751 3.469690 -0.375884
v -0.159273 3.469690 -0.446322
v -0.090324 3.469690 -0.492326
v -0.271057 3.469690 -0.134187
v -0.163032 3.469690 0.477505
v -0.349371 3.469690 0.184784
v -0.335490 3.469690 0.096814
v -0.239474 3.469690 0.435541
v -0.299895 3.469690 0.371652
v -0.000000 3.469690 0.503735
v -0.085312 3.469690 0.496900
v -0.248453 3.469690 -0.214450
v -0.225967 3.469690 -0.293229
v -0.310502 3.469690 0.001031
v -0.292261 3.469690 -0.063042
v 0.280247 3.469690 0.351105
v 0.177397 3.469690 -0.002952
v 0.122193 3.469690 -0.028108
v 0.062294 3.469690 -0.043600
v 0.295000 3.469690 0.119219
v 0.092243 3.469690 0.482646
v 0.312098 3.365233 0.260674
v 0.177397 3.469690 0.449744
v 0.225784 3.469690 0.415889
v 0.265493 3.469690 0.072155
v 0.272265 3.469690 0.060131
v 0.313171 3.469690 0.170287
v -0.280247 3.469690 0.351105
v 0.000000 3.469690 -0.048831
v -0.177397 3.469690 -0.002952
v -0.122193 3.469690 -0.028108
v -0.062294 3.469690 -0.043600
v -0.295000 3.469690 0.119219
v -0.092243 3.469690 0.482646
v -0.313171 3.469690 0.276505
v -0.177397 3.469690 0.449744
v -0.225784 3.469690 0.415889
v 0.000000 3.469690 0.495623
v -0.265493 3.469690 0.072155
v -0.272265 3.469690 0.060131
v -0.313171 3.469690 0.170287
v 0.252179 3.352746 0.315720
v 0.159678 3.469690 0.031273
v 0.109988 3.469690 0.009920
v 0.056072 3.469690 -0.003229
v 0.265535 3.408636 0.134971
v 0.084183 3.327378 0.426342
v 0.281045 3.371862 0.254782
v 0.160274 3.329928 0.397042
v 0.203512 3.336457 0.368571
v 0.238976 3.422793 0.095023
v 0.203232 3.441986 0.060009
v 0.279843 3.397307 0.175120
v -0.248666 3.408524 0.339686
v 0.000000 3.469690 -0.007669
v -0.159678 3.469690 0.031273
v -0.109988 3.469690 0.009920
v -0.056072 3.469690 -0.003229
v -0.265535 3.469690 0.134971
v -0.080670 3.345737 0.434231
v -0.278640 3.434529 0.281565
v -0.156762 3.365237 0.412213
v -0.199999 3.381396 0.387880
v 0.001756 3.332209 0.440406
v -0.238976 3.469690 0.095023
v -0.203232 3.469690 0.060009
v -0.279842 3.460771 0.190537
v 0.127328 3.490394 -0.640123
v 0.125666 3.472414 -0.631763
v 0.000000 3.472414 -0.644140
v 0.000000 3.490394 -0.652664
v 0.602983 3.490394 0.249763
v 0.595108 3.472414 0.246501
v 0.631763 3.472414 0.125665
v 0.640123 3.490394 0.127328
v 0.127328 3.490394 0.640123
v 0.125665 3.472414 0.631763
v 0.246502 3.472414 0.595108
v 0.249764 3.490394 0.602983
v 0.542670 3.490394 -0.362601
v 0.535583 3.472414 -0.357865
v 0.455476 3.472414 -0.455476
v 0.461503 3.490394 -0.461503
v 0.652664 3.490394 -0.000000
v 0.644140 3.472414 -0.000000
v 0.631763 3.472414 -0.125666
v 0.640123 3.490394 -0.127329
v 0.357865 3.472414 0.535583
v 0.362601 3.490394 0.542670
v 0.362601 3.490394 -0.542670
v 0.357865 3.472414 -0.535583
v 0.246502 3.472414 -0.595108
v 0.249764 3.490394 -0.602983
v 0.542670 3.490394 0.362600
v 0.535583 3.472414 0.357865
v 0.455476 3.472414 0.455476
v 0.461503 3.490394 0.461503
v 0.602983 3.490394 -0.249764
v 0.595108 3.472414 -0.246502
v 0.000000 3.490394 0.652664
v 0.000000 3.472414 0.644140
v -0.125666 3.472414 -0.631763
v -0.127328 3.490394 -0.640123
v -0.595108 3.472414 0.246501
v -0.602983 3.490394 0.249763
v -0.640123 3.490394 0.127328
v -0.631763 3.472414 0.125665
v -0.125665 3.472414 0.631763
v -0.127328 3.490394 0.640123
v -0.249764 3.490394 0.602983
v -0.246502 3.472414 0.595108
v -0.535583 3.472414 -0.357865
v -0.542670 3.490394 -0.362601
v -0.461503 3.490394 -0.461503
v -0.455476 3.472414 -0.455476
v -0.644140 3.472414 -0.000000
v -0.652664 3.490394 -0.000000
v -0.640123 3.490394 -0.127329
v -0.631763 3.472414 -0.125666
v -0.362601 3.490394 0.542670
v -0.357865 3.472414 0.535583
v -0.357865 3.472414 -0.535583
v -0.362601 3.490394 -0.542670
v -0.249764 3.490394 -0.602983
v -0.246502 3.472414 -0.595108
v -0.535583 3.472414 0.357865
v -0.542670 3.490394 0.362600
v -0.461503 3.490394 0.461503
v -0.455476 3.472414 0.455476
v -0.595108 3.472414 -0.246502
v -0.602983 3.490394 -0.249764
v 0.131934 3.518769 -0.663278
v 0.131384 3.508119 -0.660512
v 0.000000 3.508119 -0.673452
v 0.000000 3.518769 -0.676272
v 0.624794 3.518769 0.258798
v 0.622189 3.508119 0.257719
v 0.660512 3.508119 0.131384
v 0.663278 3.518769 0.131934
v 0.131934 3.518769 0.663277
v 0.131384 3.508120 0.660512
v 0.257719 3.508120 0.622189
v 0.258798 3.518769 0.624794
v 0.562300 3.518769 -0.375717
v 0.559955 3.508119 -0.374150
v 0.476203 3.508119 -0.476203
v 0.478197 3.518769 -0.478197
v 0.676272 3.518769 -0.000000
v 0.673452 3.508119 -0.000000
v 0.660512 3.508119 -0.131384
v 0.663278 3.518769 -0.131934
v 0.374150 3.508120 0.559955
v 0.375716 3.518769 0.562300
v 0.375716 3.518769 -0.562300
v 0.374150 3.508119 -0.559955
v 0.257719 3.508119 -0.622189
v 0.258798 3.518769 -0.624794
v 0.562300 3.518769 0.375716
v 0.559955 3.508120 0.374150
v 0.476203 3.508120 0.476203
v 0.478197 3.518769 0.478196
v 0.624794 3.518769 -0.258798
v 0.622189 3.508119 -0.257719
v 0.000000 3.518769 0.676272
v 0.000000 3.508120 0.673452
v -0.131384 3.508119 -0.660512
v -0.131934 3.518769 -0.663278
v -0.622189 3.508119 0.257719
v -0.624794 3.518769 0.258798
v -0.663278 3.518769 0.131934
v -0.660512 3.508119 0.131384
v -0.131384 3.508120 0.660512
v -0.131934 3.518769 0.663277
v -0.258798 3.518769 0.624794
v -0.257719 3.508120 0.622189
v -0.559955 3.508119 -0.374150
v -0.562300 3.518769 -0.375717
v -0.478197 3.518769 -0.478197
v -0.476203 3.508119 -0.476203
v -0.673452 3.508119 -0.000000
v -0.676272 3.518769 -0.000000
v -0.663278 3.518769 -0.131934
v -0.660512 3.508119 -0.131384
v -0.375716 3.518769 0.562300
v -0.374150 3.508120 0.559955
v -0.374150 3.508119 -0.559955
v -0.375716 3.518769 -0.562300
v -0.258798 3.518769 -0.624794
v -0.257719 3.508119 -0.622189
v -0.559955 3.508120 0.374150
v -0.562300 3.518769 0.375716
v -0.478197 3.518769 0.478196
v -0.476203 3.508120 0.476203
v -0.622189 3.508119 -0.257719
v -0.624794 3.518769 -0.258798
v 0.532933 3.446200 0.356094
v 0.528370 3.444714 0.353046
v 0.353046 3.444714 -0.528370
v 0.356094 3.446200 -0.532933
v 0.245282 3.446200 -0.592163
v 0.243182 3.444714 -0.587094
v 0.123973 3.444714 -0.623256
v 0.125044 3.446200 -0.628637
v 0.592163 3.446200 -0.245282
v 0.587094 3.444714 -0.243182
v 0.245282 3.446200 0.592163
v 0.243182 3.444714 0.587094
v 0.587094 3.444714 0.243182
v 0.592163 3.446200 0.245282
v 0.628637 3.446200 0.125043
v 0.623255 3.444714 0.123973
v 0.353046 3.444714 0.528370
v 0.356094 3.446200 0.532933
v 0.449342 3.444714 0.449342
v 0.453222 3.446200 0.453222
v 0.125044 3.446200 0.628637
v 0.123973 3.444714 0.623255
v 0.528370 3.444714 -0.353046
v 0.532933 3.446200 -0.356094
v 0.453222 3.446200 -0.453222
v 0.449342 3.444714 -0.449342
v 0.640953 3.446200 -0.000000
v 0.635466 3.444714 -0.000000
v 0.623255 3.444714 -0.123973
v 0.628637 3.446200 -0.125044
v -0.528370 3.444714 0.353046
v -0.532933 3.446200 0.356094
v 0.000000 3.446200 -0.640953
v -0.000000 3.444714 -0.635466
v -0.356094 3.446200 -0.532933
v -0.353046 3.444714 -0.528370
v -0.243182 3.444714 -0.587094
v -0.245282 3.446200 -0.592163
v -0.125044 3.446200 -0.628637
v -0.123973 3.444714 -0.623256
v -0.587094 3.444714 -0.243182
v -0.592163 3.446200 -0.245282
v -0.243182 3.444714 0.587094
v -0.245282 3.446200 0.592163
v -0.592163 3.446200 0.245282
v -0.587094 3.444714 0.243182
v -0.623255 3.444714 0.123973
v -0.628637 3.446200 0.125043
v -0.356094 3.446200 0.532933
v -0.353046 3.444714 0.528370
v -0.453222 3.446200 0.453222
v -0.449342 3.444714 0.449342
v -0.000000 3.444714 0.635466
v 0.000000 3.446200 0.640952
v -0.123973 3.444714 0.623255
v -0.125044 3.446200 0.628637
v -0.532933 3.446200 -0.356094
v -0.528370 3.444714 -0.353046
v -0.449342 3.444714 -0.449342
v -0.453222 3.446200 -0.453222
v -0.635466 3.444714 -0.000000
v -0.640953 3.446200 -0.000000
v -0.628637 3.446200 -0.125044
v -0.623255 3.444714 -0.123973
v 0.000000 3.469690 -0.353297
v -0.080845 3.469690 -0.340580
v 0.080845 3.469690 -0.340580
v 0.146733 3.469690 -0.304894
v -0.146733 3.469690 -0.304894
v 0.000000 3.469690 -0.207529
v -0.071963 3.469690 -0.198396
v 0.071963 3.469690 -0.198396
v 0.134984 3.469690 -0.172379
v -0.134984 3.469690 -0.172379
v -0.202713 3.469690 -0.154254
v 0.202713 3.469690 -0.154254
v 0.000000 3.469690 -0.128180
v -0.067128 3.469690 -0.120998
v 0.067128 3.469690 -0.120998
v 0.128589 3.469690 -0.100244
v -0.128589 3.469690 -0.100244
v -0.190055 3.469690 -0.078603
v 0.190055 3.469690 -0.078603
v 0.279967 3.342028 0.332132
v 0.225899 3.322474 0.394241
v 0.295000 3.408636 0.119219
v 0.310895 3.395466 0.166444
v 0.265493 3.422793 0.072155
v 0.313171 3.469690 0.276505
v 0.177864 3.314458 0.427645
v 0.093329 3.310884 0.461920
v -0.276454 3.403996 0.358758
v -0.222386 3.372399 0.415693
v -0.265493 3.469690 0.072155
v -0.310895 3.464589 0.183572
v -0.309692 3.434482 0.290428
v -0.174351 3.353684 0.444500
v -0.089817 3.331281 0.470684
v -0.295000 3.469690 0.119219
v 0.001756 3.315959 0.478224
v 0.000000 3.426065 0.182828
v 0.001203 3.403028 0.268173
v 0.000000 3.443542 0.134971
v 0.000000 3.455698 0.095023
v -0.000000 3.463217 0.060009
v -0.000000 3.469690 0.031273
v -0.000000 3.469690 0.009920
v 0.001756 3.380635 0.327703
v 0.001756 3.358927 0.378226
v 0.001756 3.347583 0.404627
v 0.698677 0.501056 0.466842
v 0.681757 0.476479 0.455536
v 0.321566 0.501056 -0.776328
v 0.313778 0.476479 -0.757527
v 0.163933 0.501056 0.824146
v 0.159963 0.476479 0.804187
v 0.776328 0.501056 -0.321565
v 0.757527 0.476479 -0.313778
v 0.776328 0.501056 0.321566
v 0.757527 0.476479 0.313778
v 0.159963 0.476479 -0.804187
v 0.163933 0.501056 -0.824145
v 0.313778 0.476479 0.757528
v 0.321566 0.501056 0.776329
v 0.681757 0.476479 -0.455535
v 0.698677 0.501056 -0.466841
v 0.804187 0.476479 0.159963
v 0.824146 0.501056 0.163933
v 0.579787 0.476479 0.579787
v 0.594176 0.501056 0.594176
v 0.466841 0.501056 0.698677
v 0.455535 0.476479 0.681757
v 0.455535 0.476479 -0.681756
v 0.466841 0.501056 -0.698677
v 0.594176 0.501056 -0.594176
v 0.579787 0.476479 -0.579786
v 0.804187 0.476479 -0.159962
v 0.824146 0.501056 -0.163933
v 0.840292 0.501056 0.000000
v 0.819942 0.476479 0.000000
v -0.681757 0.476479 0.455536
v -0.698677 0.501056 0.466842
v -0.313778 0.476479 -0.757527
v -0.321566 0.501056 -0.776328
v -0.159963 0.476479 0.804187
v -0.163933 0.501056 0.824146
v -0.757527 0.476479 -0.313778
v -0.776328 0.501056 -0.321565
v -0.757528 0.476479 0.313778
v -0.776328 0.501056 0.321566
v -0.000000 0.476479 -0.819942
v -0.000000 0.501056 -0.840291
v -0.163933 0.501056 -0.824145
v -0.159963 0.476479 -0.804187
v -0.321566 0.501056 0.776329
v -0.313778 0.476479 0.757528
v -0.698677 0.501056 -0.466841
v -0.681757 0.476479 -0.455535
v -0.824146 0.501056 0.163933
v -0.804187 0.476479 0.159963
v -0.594176 0.501056 0.594176
v -0.579787 0.476479 0.579787
v -0.455535 0.476479 0.681757
v -0.466841 0.501056 0.698677
v -0.466841 0.501056 -0.698677
v -0.455535 0.476479 -0.681756
v -0.579787 0.476479 -0.579786
v -0.594176 0.501056 -0.594176
v -0.000000 0.501056 0.840292
v -0.000000 0.476479 0.819943
v -0.824146 0.501056 -0.163933
v -0.804187 0.476479 -0.159962
v -0.819942 0.476479 0.000000
v -0.840292 0.501056 0.000000
v 0.105323 0.371097 -0.529494
v 0.104151 0.375413 -0.523601
v 0.206598 0.371097 -0.498772
v 0.204299 0.375413 -0.493221
v 0.299934 0.371097 -0.448883
v 0.296596 0.375413 -0.443887
v 0.381744 0.371097 -0.381744
v 0.377495 0.375413 -0.377495
v 0.448883 0.371097 -0.299934
v 0.443888 0.375414 -0.296596
v 0.498772 0.371097 -0.206598
v 0.493221 0.375414 -0.204299
v 0.529494 0.371097 -0.105323
v 0.523601 0.375414 -0.104150
v 0.539867 0.371097 0.000000
v 0.533859 0.375414 0.000000
v 0.529494 0.371097 0.105323
v 0.523601 0.375414 0.104151
v 0.498773 0.371097 0.206599
v 0.493221 0.375414 0.204299
v 0.448883 0.371097 0.299935
v 0.443887 0.375414 0.296596
v 0.381744 0.371097 0.381744
v 0.377495 0.375414 0.377496
v 0.299934 0.371097 0.448884
v 0.296596 0.375414 0.443888
v 0.206598 0.371097 0.498773
v 0.204299 0.375414 0.493222
v 0.105323 0.371097 0.529494
v 0.104151 0.375414 0.523601
v -0.000000 0.375413 -0.533859
v -0.000000 0.371097 -0.539867
v -0.104151 0.375413 -0.523601
v -0.105323 0.371097 -0.529494
v -0.204299 0.375413 -0.493221
v -0.206598 0.371097 -0.498772
v -0.296596 0.375413 -0.443887
v -0.299934 0.371097 -0.448883
v -0.377495 0.375413 -0.377495
v -0.381744 0.371097 -0.381744
v -0.443888 0.375414 -0.296596
v -0.448883 0.371097 -0.299934
v -0.493221 0.375414 -0.204299
v -0.498772 0.371097 -0.206598
v -0.523601 0.375414 -0.104150
v -0.529494 0.371097 -0.105323
v -0.533859 0.375414 0.000000
v -0.539867 0.371097 0.000000
v -0.523601 0.375414 0.104151
v -0.529494 0.371097 0.105323
v -0.493221 0.375414 0.204299
v -0.498773 0.371097 0.206599
v -0.443888 0.375414 0.296596
v -0.448883 0.371097 0.299935
v -0.377495 0.375414 0.377496
v -0.381744 0.371097 0.381744
v -0.296596 0.375414 0.443888
v -0.299934 0.371097 0.448884
v -0.204299 0.375414 0.493222
v -0.206598 0.371097 0.498773
v -0.104151 0.375414 0.523601
v -0.105323 0.371097 0.529494
v -0.000000 0.371097 0.539868
v -0.000000 0.375414 0.533859
v 0.587708 3.382068 0.392694
v 0.499805 3.382068 0.499805
v 0.392694 3.382068 -0.587708
v 0.499805 3.382068 -0.499805
v 0.270492 3.382068 0.653026
v 0.137896 3.382068 0.693249
v -0.000000 3.382068 -0.706831
v 0.137896 3.382068 -0.693249
v 0.587708 3.382068 -0.392694
v 0.653026 3.382068 -0.270493
v -0.000000 3.382068 0.706830
v 0.270492 3.382068 -0.653026
v 0.392694 3.382068 0.587708
v 0.653026 3.382068 0.270492
v 0.693249 3.382068 -0.137896
v 0.706831 3.382068 -0.000000
v 0.693249 3.382068 0.137896
v -0.587708 3.382068 0.392694
v -0.499805 3.382068 0.499805
v -0.392694 3.382068 -0.587708
v -0.499805 3.382068 -0.499805
v -0.270492 3.382068 0.653026
v -0.137896 3.382068 0.693249
v -0.137896 3.382068 -0.693249
v -0.587708 3.382068 -0.392694
v -0.653026 3.382068 -0.270493
v -0.270492 3.382068 -0.653026
v -0.392694 3.382068 0.587708
v -0.653026 3.382068 0.270492
v -0.693249 3.382068 -0.137896
v -0.706831 3.382068 -0.000000
v -0.693249 3.382068 0.137896
v 0.551947 3.266560 0.551947
v 0.551947 3.266560 -0.551947
v 0.152282 3.266560 0.765573
v 0.152282 3.266560 -0.765573
v 0.721154 3.266560 -0.298712
v 0.780571 3.266560 -0.000000
v -0.551947 3.266560 0.551947
v -0.551947 3.266560 -0.551947
v -0.152282 3.266560 0.765573
v -0.152282 3.266560 -0.765573
v -0.721154 3.266560 -0.298712
v -0.780571 3.266560 -0.000000
v 0.649021 3.266560 0.433662
v 0.433662 3.266560 -0.649021
v 0.298712 3.266560 0.721154
v -0.000000 3.266560 -0.780571
v 0.649021 3.266560 -0.433662
v -0.000000 3.266560 0.780571
v 0.298712 3.266560 -0.721154
v 0.433662 3.266560 0.649021
v 0.721154 3.266560 0.298712
v 0.765573 3.266560 -0.152282
v 0.765573 3.266560 0.152282
v -0.649021 3.266560 0.433662
v -0.433662 3.266560 -0.649021
v -0.298712 3.266560 0.721154
v -0.649021 3.266560 -0.433662
v -0.298712 3.266560 -0.721154
v -0.433662 3.266560 0.649021
v -0.721154 3.266560 0.298712
v -0.765573 3.266560 -0.152282
v -0.765573 3.266560 0.152282
v -0.000000 3.483911 0.692617
v 0.135123 3.483911 0.679309
v 0.384797 3.483911 0.575890
v 0.489754 3.483911 0.489754
v 0.639895 3.483911 0.265053
v 0.679309 3.483911 0.135123
v 0.679309 3.483911 -0.135123
v 0.639895 3.483911 -0.265053
v 0.489754 3.483911 -0.489755
v 0.384797 3.483911 -0.575890
v 0.135123 3.483911 -0.679309
v -0.000000 3.483911 -0.692618
v 0.692617 3.483911 -0.000000
v 0.575890 3.483911 0.384797
v 0.575890 3.483911 -0.384798
v 0.265053 3.483911 -0.639895
v 0.265053 3.483911 0.639895
v -0.135123 3.483911 0.679309
v -0.384797 3.483911 0.575890
v -0.489754 3.483911 0.489754
v -0.639895 3.483911 0.265053
v -0.679309 3.483911 0.135123
v -0.679309 3.483911 -0.135123
v -0.639895 3.483911 -0.265053
v -0.489754 3.483911 -0.489755
v -0.384797 3.483911 -0.575890
v -0.135123 3.483911 -0.679309
v -0.692617 3.483911 -0.000000
v -0.575890 3.483911 0.384797
v -0.575890 3.483911 -0.384798
v -0.265053 3.483911 -0.639895
v -0.265053 3.483911 0.639895
v -0.476203 3.508120 0.476203
v -0.559955 3.508120 0.374150
v 0.000000 3.508120 0.673452
v -0.131384 3.508120 0.660512
v -0.257719 3.508119 -0.622189
v -0.131384 3.508119 -0.660512
v -0.660512 3.508119 -0.131384
v -0.622189 3.508119 -0.257719
v -0.559955 3.508119 -0.374150
v -0.374150 3.508120 0.559955
v -0.476203 3.508119 -0.476203
v -0.374150 3.508119 -0.559955
v -0.660512 3.508119 0.131384
v -0.673452 3.508119 -0.000000
v -0.622189 3.508119 0.257719
v -0.257719 3.508120 0.622189
v 0.000000 3.508119 -0.673452
v 0.559955 3.508120 0.374150
v 0.476203 3.508120 0.476203
v 0.131384 3.508120 0.660512
v 0.131384 3.508119 -0.660512
v 0.257719 3.508119 -0.622189
v 0.622189 3.508119 -0.257719
v 0.660512 3.508119 -0.131384
v 0.559955 3.508119 -0.374150
v 0.374150 3.508120 0.559955
v 0.374150 3.508119 -0.559955
v 0.476203 3.508119 -0.476203
v 0.673452 3.508119 -0.000000
v 0.660512 3.508119 0.131384
v 0.622189 3.508119 0.257719
v 0.257719 3.508120 0.622189
v 0.528370 3.444714 0.353046
v 0.449342 3.444714 0.449342
v -0.000000 3.444714 -0.635466
v 0.123973 3.444714 -0.623256
v 0.623255 3.444714 0.123973
v 0.587094 3.444714 0.243182
v 0.449342 3.444714 -0.449342
v 0.528370 3.444714 -0.353046
v 0.243182 3.444714 -0.587094
v 0.353046 3.444714 -0.528370
v 0.635466 3.444714 -0.000000
v 0.353046 3.444714 0.528370
v 0.587094 3.444714 -0.243182
v 0.623255 3.444714 -0.123973
v 0.123973 3.444714 0.623255
v -0.000000 3.444714 0.635466
v 0.243182 3.444714 0.587094
v -0.449342 3.444714 0.449342
v -0.528370 3.444714 0.353046
v -0.123973 3.444714 -0.623256
v -0.587094 3.444714 0.243182
v -0.623255 3.444714 0.123973
v -0.528370 3.444714 -0.353046
v -0.449342 3.444714 -0.449342
v -0.353046 3.444714 -0.528370
v -0.243182 3.444714 -0.587094
v -0.635466 3.444714 -0.000000
v -0.353046 3.444714 0.528370
v -0.623255 3.444714 -0.123973
v -0.587094 3.444714 -0.243182
v -0.123973 3.444714 0.623255
v -0.243182 3.444714 0.587094
v 0.506153 3.485944 0.338200
v 0.430448 3.485944 0.430448
v 0.000000 3.485944 -0.608745
v 0.118760 3.485944 -0.597048
v 0.597048 3.485944 0.118760
v 0.562407 3.485944 0.232956
v 0.430448 3.485944 -0.430448
v 0.506153 3.485944 -0.338201
v 0.232957 3.485944 -0.562407
v 0.338201 3.485944 -0.506153
v 0.608745 3.485944 -0.000000
v 0.338201 3.485944 0.506153
v 0.562407 3.485944 -0.232957
v 0.597048 3.485944 -0.118761
v 0.118760 3.485944 0.597048
v 0.000000 3.485944 0.608745
v 0.232957 3.485944 0.562407
v 0.364261 3.485944 0.299809
v 0.326177 3.485944 0.390257
v -0.000000 3.485944 -0.536916
v 0.098239 3.485944 -0.519497
v 0.364891 3.485944 0.100857
v 0.379988 3.485944 0.193489
v 0.245770 3.485944 -0.309851
v 0.270226 3.485944 -0.226898
v 0.173231 3.485944 -0.471056
v 0.216169 3.485944 -0.396886
v 0.337714 3.485944 -0.000000
v 0.260461 3.485944 0.457531
v 0.294812 3.485944 -0.142383
v 0.317873 3.485944 -0.067469
v 0.092788 3.485944 0.522141
v -0.000000 3.485944 0.529339
v 0.177319 3.485944 0.501719
v -0.506153 3.485944 0.338200
v -0.430448 3.485944 0.430448
v -0.118760 3.485944 -0.597048
v -0.597048 3.485944 0.118760
v -0.562407 3.485944 0.232956
v -0.430448 3.485944 -0.430448
v -0.506153 3.485944 -0.338201
v -0.232957 3.485944 -0.562407
v -0.338201 3.485944 -0.506153
v -0.608745 3.485944 -0.000000
v -0.338201 3.485944 0.506153
v -0.562407 3.485944 -0.232957
v -0.597048 3.485944 -0.118761
v -0.118760 3.485944 0.597048
v -0.232957 3.485944 0.562407
v -0.364261 3.485944 0.299809
v -0.326177 3.485944 0.390257
v -0.098239 3.485944 -0.519497
v -0.364891 3.485944 0.100857
v -0.379988 3.485944 0.193489
v -0.245770 3.485944 -0.309851
v -0.270226 3.485944 -0.226898
v -0.173231 3.485944 -0.471056
v -0.216169 3.485944 -0.396886
v -0.337714 3.485944 -0.000000
v -0.260461 3.485944 0.457531
v -0.294812 3.485944 -0.142383
v -0.317873 3.485944 -0.067469
v -0.092788 3.485944 0.522141
v -0.177319 3.485944 0.501719
v 0.334911 3.469690 0.285755
v 0.299895 3.469690 0.371652
v -0.000000 3.469690 -0.508868
v 0.090324 3.469690 -0.492326
v 0.335490 3.469690 0.096814
v 0.349371 3.469690 0.184784
v 0.225967 3.469690 -0.293229
v 0.248453 3.469690 -0.214450
v 0.159273 3.469690 -0.446322
v 0.198751 3.469690 -0.375884
v 0.310502 3.469690 0.001031
v 0.239474 3.469690 0.435541
v 0.271057 3.469690 -0.134187
v 0.292261 3.469690 -0.063042
v 0.085312 3.469690 0.496900
v -0.000000 3.469690 0.503735
v 0.163032 3.469690 0.477505
v -0.334911 3.469690 0.285755
v -0.299895 3.469690 0.371652
v -0.090324 3.469690 -0.492326
v -0.335490 3.469690 0.096814
v -0.349371 3.469690 0.184784
v -0.225967 3.469690 -0.293229
v -0.248453 3.469690 -0.214450
v -0.159273 3.469690 -0.446322
v -0.198751 3.469690 -0.375884
v -0.310502 3.469690 0.001031
v -0.239474 3.469690 0.435541
v -0.271057 3.469690 -0.134187
v -0.292261 3.469690 -0.063042
v -0.085312 3.469690 0.496900
v -0.163032 3.469690 0.477505
v -0.158827 3.492527 0.055821
v -0.140307 3.482655 0.094431
v -0.000000 3.612825 -0.414705
v -0.051024 3.610524 -0.405704
v -0.175798 3.521530 -0.057622
v -0.169212 3.503489 0.012942
v -0.140900 3.598993 -0.360603
v -0.169058 3.595190 -0.345727
v -0.080671 3.608450 -0.397591
v -0.114619 3.603417 -0.377905
v -0.183266 3.538445 -0.123782
v -0.114142 3.474582 0.126005
v -0.186501 3.579547 -0.284543
v -0.186037 3.556042 -0.192607
v -0.038800 3.464374 0.165931
v -0.000000 3.462619 0.172798
v -0.082064 3.468786 0.148674
v -0.000000 3.603986 -0.380131
v -0.032712 3.603726 -0.379115
v -0.127001 3.592812 -0.336425
v -0.155201 3.583672 -0.300678
v -0.067686 3.601839 -0.371732
v -0.095236 3.598544 -0.358845
v -0.088257 3.473359 0.120125
v -0.030897 3.469364 0.146414
v -0.000000 3.468710 0.148975
v -0.067802 3.470710 0.136096
v -0.162667 3.574302 -0.264029
v -0.110034 3.525638 -0.073690
v -0.076784 3.536370 -0.115664
v -0.149206 3.562136 -0.216442
v -0.130252 3.555416 -0.190159
v -0.039754 3.542368 -0.139124
v -0.000000 3.544109 -0.145935
v -0.102824 3.550845 -0.172279
v -0.117454 3.512295 -0.021498
v -0.000000 3.550764 -0.171964
v -0.038488 3.550490 -0.170893
v -0.069745 3.550356 -0.170367
v -0.114472 3.500925 0.022972
v -0.103047 3.490699 0.048617
v -0.055793 3.468276 0.116881
v -0.026172 3.467050 0.121679
v -0.000000 3.466728 0.122937
v 0.158827 3.492527 0.055821
v 0.140307 3.482655 0.094431
v 0.051024 3.610524 -0.405704
v 0.175798 3.521530 -0.057622
v 0.169212 3.503489 0.012942
v 0.140900 3.598993 -0.360603
v 0.169058 3.595190 -0.345727
v 0.080671 3.608450 -0.397591
v 0.114619 3.603417 -0.377905
v 0.183266 3.538445 -0.123782
v 0.114142 3.474582 0.126005
v 0.186501 3.579547 -0.284543
v 0.186037 3.556042 -0.192607
v 0.038800 3.464374 0.165931
v 0.082064 3.468786 0.148674
v 0.032712 3.603726 -0.379115
v 0.127001 3.592812 -0.336425
v 0.155201 3.583672 -0.300678
v 0.067686 3.601839 -0.371732
v 0.095236 3.598544 -0.358845
v 0.088257 3.473359 0.120125
v 0.030897 3.469364 0.146414
v 0.067802 3.470710 0.136096
v 0.162667 3.574302 -0.264029
v 0.110034 3.525638 -0.073690
v 0.076784 3.536370 -0.115664
v 0.149206 3.562136 -0.216442
v 0.130252 3.555416 -0.190159
v 0.039754 3.542368 -0.139124
v 0.102824 3.550845 -0.172279
v 0.117454 3.512295 -0.021498
v 0.038488 3.550490 -0.170893
v 0.069745 3.550356 -0.170367
v 0.114472 3.500925 0.022972
v 0.103047 3.490699 0.048617
v 0.055793 3.468276 0.116881
v 0.026172 3.467050 0.121679
v -0.174644 3.476434 0.067493
v -0.148522 3.465689 0.109518
v -0.000000 3.603717 -0.430350
v -0.043768 3.602633 -0.426110
v -0.187964 3.507841 -0.055351
v -0.184926 3.488692 0.019546
v -0.141830 3.589076 -0.373083
v -0.175178 3.583622 -0.351751
v -0.085555 3.599434 -0.413596
v -0.122757 3.594274 -0.393413
v -0.191262 3.526130 -0.126881
v -0.116693 3.456872 0.144007
v -0.197134 3.566351 -0.284200
v -0.194399 3.544974 -0.200590
v -0.040977 3.446284 0.185417
v -0.000000 3.444922 0.190746
v -0.080380 3.450319 0.169636
v -0.000000 3.587661 -0.367547
v -0.028367 3.587437 -0.366674
v -0.112617 3.577474 -0.327704
v -0.134334 3.569383 -0.296059
v -0.062397 3.585467 -0.358970
v -0.087324 3.582288 -0.346532
v -0.141305 3.561787 -0.266348
v -0.131003 3.551671 -0.226780
v -0.113560 3.546238 -0.205533
v -0.085907 3.542654 -0.191512
v -0.000000 3.542469 -0.190789
v -0.036507 3.542118 -0.189416
v -0.063246 3.541887 -0.188513
v -0.084831 3.508818 -0.059169
v -0.061428 3.515192 -0.084101
v -0.032927 3.519556 -0.101170
v -0.000000 3.520664 -0.105504
v -0.103459 3.499984 -0.024619
v -0.106699 3.489968 0.014555
v -0.099333 3.484966 0.034120
v -0.087145 3.483867 0.039271
v -0.072601 3.482810 0.033099
v -0.064203 3.480565 -0.032967
v -0.074167 3.481608 -0.004380
v -0.023935 3.479716 -0.071269
v -0.000000 3.479716 -0.076664
v -0.047628 3.479716 -0.056493
v 0.174644 3.476434 0.067493
v 0.148522 3.465689 0.109518
v 0.043768 3.602633 -0.426110
v 0.187964 3.507841 -0.055351
v 0.184926 3.488692 0.019546
v 0.141830 3.589076 -0.373083
v 0.175178 3.583622 -0.351751
v 0.085555 3.599434 -0.413596
v 0.122757 3.594274 -0.393413
v 0.191262 3.526130 -0.126881
v 0.116693 3.456872 0.144007
v 0.197134 3.566351 -0.284200
v 0.194399 3.544974 -0.200590
v 0.040977 3.446284 0.185417
v 0.080380 3.450319 0.169636
v 0.028367 3.587437 -0.366674
v 0.112617 3.577474 -0.327704
v 0.134334 3.569383 -0.296059
v 0.062397 3.585467 -0.358970
v 0.087324 3.582288 -0.346532
v 0.141305 3.561787 -0.266348
v 0.131003 3.551671 -0.226780
v 0.113560 3.546238 -0.205533
v 0.085907 3.542654 -0.191512
v 0.036507 3.542118 -0.189416
v 0.063246 3.541887 -0.188513
v 0.084831 3.508818 -0.059169
v 0.061428 3.515192 -0.084101
v 0.032927 3.519556 -0.101170
v 0.103459 3.499984 -0.024619
v 0.106699 3.489968 0.014555
v 0.099333 3.484966 0.034120
v 0.087145 3.483867 0.039271
v 0.072601 3.482810 0.033099
v 0.064203 3.480565 -0.032967
v 0.074167 3.481608 -0.004380
v 0.023935 3.479716 -0.071269
v 0.047628 3.479716 -0.056493
v -0.000000 3.488665 -0.043303
v -0.031824 3.488665 -0.030121
v -0.045006 3.488665 0.001703
v -0.031824 3.488665 0.033527
v -0.000000 3.488665 0.046709
v 0.031824 3.488665 -0.030121
v 0.045006 3.488665 0.001703
v 0.031824 3.488665 0.033527
v -0.000000 0.371097 -0.539867
v 0.105323 0.371097 -0.529494
v 0.206598 0.371097 -0.498772
v 0.299934 0.371097 -0.448883
v 0.381744 0.371097 -0.381744
v 0.448883 0.371097 -0.299934
v 0.498772 0.371097 -0.206598
v 0.529494 0.371097 -0.105323
v 0.539867 0.371097 0.000000
v 0.529494 0.371097 0.105323
v 0.498773 0.371097 0.206599
v 0.448883 0.371097 0.299935
v 0.381744 0.371097 0.381744
v 0.299934 0.371097 0.448884
v 0.206598 0.371097 0.498773
v 0.105323 0.371097 0.529494
v -0.000000 0.371097 0.539868
v -0.105323 0.371097 -0.529494
v -0.206598 0.371097 -0.498772
v -0.299934 0.371097 -0.448883
v -0.381744 0.371097 -0.381744
v -0.448883 0.371097 -0.299934
v -0.498772 0.371097 -0.206598
v -0.529494 0.371097 -0.105323
v -0.539867 0.371097 0.000000
v -0.529494 0.371097 0.105323
v -0.498773 0.371097 0.206599
v -0.448883 0.371097 0.299935
v -0.381744 0.371097 0.381744
v -0.299934 0.371097 0.448884
v -0.206598 0.371097 0.498773
v -0.105323 0.371097 0.529494
v 0.265493 3.469690 0.072155
v -0.265493 3.469690 0.072155
v 0.203232 3.469690 0.060009
v 0.575890 3.483912 0.384797
v 0.384797 3.483911 -0.575890
v 0.265053 3.483911 -0.639895
v 0.135123 3.483911 -0.679309
v 0.639895 3.483912 -0.265053
v 0.265053 3.483912 0.639895
v 0.639895 3.483912 0.265053
v 0.679309 3.483912 0.135123
v 0.384797 3.483912 0.575890
v 0.489754 3.483912 0.489754
v 0.135123 3.483912 0.679309
v 0.575890 3.483911 -0.384798
v 0.489754 3.483911 -0.489755
v 0.692617 3.483912 -0.000000
v 0.679309 3.483912 -0.135123
v 0.824146 0.501056 -0.163933
v 0.840292 0.501056 0.000000
v 0.594176 0.501056 -0.594176
v 0.698677 0.501056 -0.466841
v 0.163933 0.501056 0.824146
v 0.594176 0.501056 0.594176
v 0.466841 0.501056 0.698677
v 0.824146 0.501056 0.163933
v 0.776328 0.501056 0.321566
v 0.321566 0.501056 0.776329
v 0.776328 0.501056 -0.321566
v 0.163933 0.501056 -0.824145
v 0.321566 0.501056 -0.776328
v 0.466841 0.501056 -0.698677
v 0.698677 0.501056 0.466841
v -0.575890 3.483912 0.384797
v -0.000000 3.483911 -0.692617
v -0.384797 3.483911 -0.575890
v -0.265053 3.483911 -0.639895
v -0.135123 3.483911 -0.679309
v -0.639895 3.483912 -0.265053
v -0.265053 3.483912 0.639895
v -0.639895 3.483912 0.265053
v -0.679309 3.483912 0.135123
v -0.384797 3.483912 0.575890
v -0.489754 3.483912 0.489754
v -0.000000 3.483912 0.692617
v -0.135123 3.483912 0.679309
v -0.575890 3.483911 -0.384798
v -0.489754 3.483911 -0.489755
v -0.692617 3.483912 -0.000000
v -0.679309 3.483912 -0.135123
v -0.824146 0.501056 -0.163933
v -0.840292 0.501056 0.000000
v -0.594176 0.501056 -0.594176
v -0.698677 0.501056 -0.466841
v -0.163933 0.501056 0.824146
v -0.000000 0.501056 0.840292
v -0.594176 0.501056 0.594176
v -0.466841 0.501056 0.698677
v -0.824146 0.501056 0.163933
v -0.776329 0.501056 0.321566
v -0.321566 0.501056 0.776329
v -0.776329 0.501056 -0.321566
v -0.163933 0.501056 -0.824145
v -0.321566 0.501056 -0.776328
v -0.466841 0.501056 -0.698677
v -0.000000 0.501056 -0.840292
v -0.698677 0.501056 0.466841
v 0.374930 3.453892 -0.561123
v -0.000000 3.453892 0.674857
v 0.674857 3.453892 -0.000000
v 0.661890 3.453892 0.131658
v 0.661890 3.453892 -0.131658
v 0.477196 3.453892 0.477196
v 0.131658 3.453892 -0.661890
v 0.477196 3.453892 -0.477196
v 0.258257 3.453892 0.623486
v 0.623487 3.453892 0.258256
v 0.374930 3.453892 0.561123
v 0.131658 3.453892 0.661890
v -0.000000 3.453892 -0.674857
v 0.623487 3.453892 -0.258257
v 0.561123 3.453892 0.374930
v 0.258257 3.453892 -0.623487
v 0.561123 3.453892 -0.374931
v -0.374930 3.453892 -0.561123
v -0.674857 3.453892 -0.000000
v -0.661890 3.453892 0.131658
v -0.661890 3.453892 -0.131658
v -0.477196 3.453892 0.477196
v -0.131658 3.453892 -0.661890
v -0.477196 3.453892 -0.477196
v -0.258257 3.453892 0.623486
v -0.623487 3.453892 0.258256
v -0.374930 3.453892 0.561123
v -0.131658 3.453892 0.661890
v -0.623487 3.453892 -0.258257
v -0.561123 3.453892 0.374930
v -0.258257 3.453892 -0.623487
v -0.561123 3.453892 -0.374931
vn -0.0726 0.9974 -0.0000
vn -0.0000 1.0000 -0.0000
vn -0.0513 0.9974 -0.0513
vn -0.0513 0.9974 0.0513
vn -0.0000 0.9974 -0.0726
vn -0.0000 0.9974 0.0726
vn 0.0726 0.9974 -0.0000
vn 0.0513 0.9974 -0.0513
vn 0.0513 0.9974 0.0513
vn 0.4492 0.8934 -0.0000
vn 0.3176 0.8934 -0.3176
vn -0.4492 0.8934 -0.0000
vn -0.3176 0.8934 0.3176
vn 0.3176 0.8934 0.3176
vn -0.0000 0.8934 -0.4492
vn -0.3176 0.8934 -0.3176
vn -0.0000 0.8934 0.4492
vn -0.0000 0.9688 0.2477
vn 0.0887 0.9709 0.2223
vn 0.0953 0.9866 0.1323
vn 0.0733 0.9875 0.1397
vn 0.1252 0.9714 0.2015
vn -0.0010 0.9738 0.2274
vn -0.0008 0.9730 0.2308
vn 0.0304 0.9847 0.1713
vn 0.0189 0.9826 0.1850
vn 0.0496 0.9656 0.2553
vn 0.0420 0.9639 0.2628
vn 0.0413 0.9627 0.2675
vn 0.1011 0.9513 0.2913
vn -0.0000 0.9966 -0.0822
vn 0.0393 0.9957 -0.0838
vn 0.0404 0.9957 -0.0839
vn 0.0921 0.9917 -0.0900
vn 0.1044 0.9903 -0.0916
vn 0.1689 0.9824 0.0798
vn 0.2324 0.9688 -0.0861
vn -0.0000 0.7251 0.6887
vn -0.1383 0.7279 0.6716
vn -0.1269 0.7272 0.6746
vn -0.2785 0.7097 0.6471
vn -0.2337 0.7205 0.6529
vn -0.4099 0.6907 0.5957
vn -0.3672 0.6944 0.6188
vn -0.4813 0.7190 0.5015
vn -0.4680 0.7042 0.5339
vn -0.5370 0.7542 0.3778
vn -0.5221 0.7477 0.4103
vn -0.6219 0.7367 0.2655
vn -0.5995 0.7471 0.2870
vn -0.7290 0.6484 0.2194
vn -0.7098 0.6686 0.2217
vn -0.8100 0.5548 0.1900
vn -0.8112 0.5534 0.1892
vn -0.8272 0.5374 0.1643
vn -0.8182 0.5512 0.1635
vn -0.8150 0.5795 0.0063
vn -0.8126 0.5800 0.0572
vn -0.6544 0.6525 -0.3822
vn -0.6765 0.6470 -0.3518
vn -0.4682 0.7203 -0.5118
vn -0.4743 0.7449 -0.4692
vn -0.4079 0.8327 -0.3744
vn -0.4036 0.8350 -0.3740
vn -0.2611 0.8808 -0.3951
vn -0.2576 0.8812 -0.3965
vn -0.1555 0.8895 -0.4297
vn -0.1255 0.8917 -0.4349
vn -0.0000 0.8971 -0.4419
vn -0.0183 0.9097 -0.4148
vn -0.0000 0.9128 -0.4085
vn -0.0187 0.9101 -0.4139
vn 0.3566 0.9215 -0.1537
vn 0.1923 0.9422 -0.2744
vn 0.1344 0.9380 -0.3194
vn 0.3398 0.9259 -0.1654
vn 0.3025 0.6650 0.6829
vn 0.3924 0.7147 0.5789
vn 0.3892 0.7123 0.5842
vn 0.3064 0.6661 0.6800
vn 0.0802 0.6218 0.7791
vn 0.1971 0.6426 0.7404
vn 0.1992 0.6430 0.7395
vn 0.0724 0.6204 0.7809
vn 0.4786 0.8780 -0.0096
vn 0.4758 0.8794 -0.0153
vn 0.4681 0.7821 0.4114
vn 0.4663 0.7803 0.4168
vn 0.0258 0.9181 -0.3954
vn 0.0132 0.9151 -0.4031
vn 0.5109 0.8354 0.2027
vn 0.5117 0.8370 0.1940
vn -0.0000 0.6104 0.7921
vn 0.2104 0.8541 0.4756
vn 0.3705 0.8320 0.4130
vn 0.3885 0.8279 0.4044
vn 0.2323 0.8523 0.4686
vn 0.1056 0.9850 0.1366
vn 0.0094 0.9887 0.1495
vn 0.0084 1.0000 -0.0030
vn 0.2112 0.9703 -0.1182
vn -0.0470 0.9829 0.1781
vn -0.0000 0.9805 0.1967
vn -0.0000 0.9999 0.0167
vn -0.0405 0.9990 0.0164
vn 0.6382 0.7246 0.2601
vn 0.7630 0.6461 0.0187
vn 0.7637 0.6432 0.0556
vn 0.6196 0.7359 0.2730
vn 0.4760 0.8653 -0.1568
vn 0.5976 0.7906 -0.1339
vn 0.0961 0.8613 0.4990
vn 0.1116 0.8606 0.4969
vn -0.0000 0.8629 0.5054
vn -0.0000 -0.8140 0.5809
vn -0.2038 -0.8166 0.5401
vn -0.1911 -0.8161 0.5454
vn 0.4765 -0.6119 0.6313
vn 0.6376 -0.6036 0.4787
vn 0.6518 -0.6019 0.4614
vn 0.4851 -0.6115 0.6251
vn 0.8251 -0.5123 -0.2382
vn 0.6049 -0.4803 -0.6351
vn 0.5630 -0.4795 -0.6731
vn 0.8175 -0.5051 -0.2768
vn -0.3641 -0.8095 0.4606
vn -0.3614 -0.8098 0.4622
vn 0.7901 -0.5732 0.2172
vn 0.8511 -0.5065 -0.1381
vn 0.8511 -0.5058 -0.1411
vn 0.7974 -0.5703 0.1971
vn -0.0248 -0.4947 -0.8687
vn 0.0504 -0.4934 -0.8684
vn -0.4972 -0.7851 0.3693
vn -0.5002 -0.7844 0.3669
vn 0.1181 -0.6205 0.7753
vn 0.3075 -0.6182 0.7234
vn 0.3173 -0.6180 0.7193
vn 0.1195 -0.6205 0.7751
vn -0.9196 0.0491 -0.3898
vn -0.7862 -0.1713 -0.5937
vn -0.7631 -0.5846 -0.2755
vn -0.5862 -0.5445 -0.5999
vn -0.5914 -0.5460 -0.5934
vn -0.7737 -0.5871 -0.2382
vn 0.7652 -0.4014 -0.5033
vn 0.7710 -0.4053 -0.4912
vn -0.0000 0.9986 -0.0536
vn -0.0305 0.9983 -0.0490
vn -0.3019 -0.4664 -0.8314
vn -0.1616 -0.4320 -0.8873
vn -0.1464 -0.4279 -0.8919
vn -0.2914 -0.4640 -0.8365
vn 0.5448 -0.2862 -0.7882
vn 0.5714 -0.2979 -0.7647
vn -0.0398 0.9982 -0.0444
vn -0.0244 0.9982 -0.0545
vn -0.0335 0.9980 -0.0540
vn -0.6008 -0.7525 0.2698
vn -0.7055 -0.6985 0.1198
vn -0.7176 -0.6896 0.0978
vn -0.6056 -0.7506 0.2643
vn -0.7987 -0.5905 -0.1156
vn -0.7985 -0.5897 -0.1211
vn -0.7985 -0.5898 -0.1203
vn -0.7987 -0.5905 -0.1155
vn 0.2562 -0.1815 -0.9495
vn 0.2932 -0.1927 -0.9364
vn -0.0000 -0.4108 -0.9117
vn -0.7814 -0.6219 -0.0508
vn -0.7863 -0.6142 -0.0676
vn -0.0348 -0.1051 -0.9939
vn -0.0000 -0.1046 -0.9945
vn -0.0345 -0.1052 -0.9939
vn -0.7990 -0.5900 -0.1164
vn -0.7989 -0.5901 -0.1161
vn 0.0363 -0.1212 -0.9920
vn 0.0567 -0.1257 -0.9904
vn -0.4834 -0.5035 -0.7161
vn -0.4876 -0.5047 -0.7124
vn -0.4637 -0.5041 -0.7286
vn -0.4614 -0.5036 -0.7304
vn 0.5691 -0.5927 0.5699
vn 0.7192 -0.5762 0.3882
vn 0.7314 -0.5747 0.3671
vn 0.5823 -0.5914 0.5578
vn -0.0000 -0.6116 0.7911
vn 0.2978 -0.6136 0.7314
vn 0.3191 -0.6129 0.7228
vn -0.0000 -0.6201 0.7845
vn 0.8195 -0.5593 0.1250
vn 0.8274 -0.5555 0.0825
vn -0.0000 0.9985 -0.0539
vn -0.0000 0.9986 -0.0520
vn -0.0192 0.9984 -0.0532
vn -0.0321 0.9979 -0.0559
vn -0.8664 0.4802 -0.1370
vn -0.8750 0.4707 -0.1132
vn -0.6939 0.6192 -0.3676
vn -0.7166 0.6022 -0.3519
vn -0.4561 0.7410 -0.4928
vn -0.4959 0.7264 -0.4759
vn -0.2351 0.7980 -0.5549
vn -0.2373 0.7976 -0.5545
vn -0.0000 0.8197 -0.5727
vn -0.0451 0.9602 0.2755
vn -0.0000 0.9558 0.2940
vn 0.0070 0.9656 0.2599
vn -0.0887 0.9709 0.2223
vn -0.1252 0.9714 0.2015
vn -0.0733 0.9875 0.1397
vn -0.0953 0.9866 0.1323
vn 0.0010 0.9738 0.2274
vn 0.0008 0.9730 0.2308
vn -0.0304 0.9847 0.1713
vn -0.0189 0.9826 0.1850
vn -0.0496 0.9656 0.2553
vn -0.0420 0.9639 0.2628
vn -0.0413 0.9627 0.2675
vn -0.1011 0.9513 0.2913
vn -0.0404 0.9957 -0.0839
vn -0.0393 0.9957 -0.0838
vn -0.1044 0.9903 -0.0916
vn -0.0921 0.9917 -0.0900
vn -0.2324 0.9688 -0.0861
vn -0.1689 0.9824 0.0798
vn 0.1269 0.7272 0.6746
vn 0.1383 0.7279 0.6716
vn 0.2337 0.7205 0.6529
vn 0.2785 0.7097 0.6471
vn 0.3672 0.6944 0.6188
vn 0.4099 0.6907 0.5957
vn 0.4680 0.7042 0.5339
vn 0.4813 0.7190 0.5015
vn 0.5221 0.7477 0.4103
vn 0.5370 0.7542 0.3778
vn 0.5995 0.7471 0.2870
vn 0.6219 0.7367 0.2655
vn 0.7098 0.6686 0.2217
vn 0.7290 0.6484 0.2194
vn 0.8112 0.5534 0.1892
vn 0.8100 0.5548 0.1900
vn 0.8182 0.5512 0.1635
vn 0.8272 0.5374 0.1643
vn 0.8126 0.5800 0.0572
vn 0.8150 0.5795 0.0063
vn 0.6765 0.6470 -0.3518
vn 0.6544 0.6525 -0.3821
vn 0.4743 0.7449 -0.4692
vn 0.4682 0.7203 -0.5118
vn 0.4036 0.8350 -0.3740
vn 0.4078 0.8327 -0.3744
vn 0.2576 0.8812 -0.3965
vn 0.2611 0.8808 -0.3951
vn 0.1255 0.8917 -0.4349
vn 0.1555 0.8895 -0.4297
vn 0.0183 0.9097 -0.4148
vn 0.0187 0.9101 -0.4139
vn -0.3566 0.9215 -0.1537
vn -0.3398 0.9259 -0.1654
vn -0.1344 0.9380 -0.3194
vn -0.1923 0.9422 -0.2744
vn -0.3025 0.6650 0.6829
vn -0.3064 0.6661 0.6800
vn -0.3892 0.7123 0.5842
vn -0.3924 0.7147 0.5789
vn -0.0802 0.6218 0.7791
vn -0.0724 0.6204 0.7809
vn -0.1992 0.6430 0.7395
vn -0.1971 0.6426 0.7404
vn -0.4786 0.8780 -0.0096
vn -0.4758 0.8794 -0.0153
vn -0.4663 0.7803 0.4168
vn -0.4681 0.7821 0.4114
vn -0.0132 0.9151 -0.4031
vn -0.0258 0.9181 -0.3954
vn -0.5109 0.8354 0.2027
vn -0.5117 0.8370 0.1940
vn -0.2104 0.8541 0.4756
vn -0.2323 0.8523 0.4686
vn -0.3885 0.8279 0.4044
vn -0.3705 0.8320 0.4130
vn -0.1056 0.9850 0.1366
vn -0.2112 0.9703 -0.1182
vn -0.0084 1.0000 -0.0030
vn -0.0094 0.9887 0.1495
vn 0.0470 0.9829 0.1781
vn 0.0405 0.9990 0.0164
vn -0.6382 0.7246 0.2601
vn -0.6196 0.7359 0.2730
vn -0.7637 0.6432 0.0556
vn -0.7630 0.6461 0.0187
vn -0.4760 0.8653 -0.1568
vn -0.5976 0.7906 -0.1339
vn -0.0961 0.8613 0.4990
vn -0.1116 0.8606 0.4969
vn 0.1911 -0.8161 0.5454
vn 0.2038 -0.8166 0.5401
vn -0.4765 -0.6119 0.6313
vn -0.4851 -0.6115 0.6251
vn -0.6518 -0.6019 0.4614
vn -0.6376 -0.6036 0.4787
vn -0.8251 -0.5123 -0.2382
vn -0.8175 -0.5051 -0.2768
vn -0.5630 -0.4795 -0.6731
vn -0.6049 -0.4803 -0.6351
vn 0.3614 -0.8098 0.4622
vn 0.3641 -0.8095 0.4606
vn -0.7901 -0.5732 0.2172
vn -0.7974 -0.5703 0.1971
vn -0.8511 -0.5058 -0.1411
vn -0.8511 -0.5065 -0.1381
vn -0.0504 -0.4934 -0.8684
vn 0.0248 -0.4947 -0.8687
vn 0.5002 -0.7844 0.3669
vn 0.4972 -0.7851 0.3693
vn -0.1181 -0.6205 0.7753
vn -0.1195 -0.6205 0.7751
vn -0.3173 -0.6180 0.7193
vn -0.3075 -0.6182 0.7234
vn 0.7862 -0.1713 -0.5937
vn 0.9196 0.0491 -0.3898
vn 0.7631 -0.5846 -0.2755
vn 0.7737 -0.5871 -0.2382
vn 0.5914 -0.5460 -0.5934
vn 0.5862 -0.5445 -0.5999
vn -0.7710 -0.4053 -0.4912
vn -0.7652 -0.4014 -0.5033
vn 0.0305 0.9983 -0.0490
vn 0.3019 -0.4664 -0.8314
vn 0.2914 -0.4640 -0.8365
vn 0.1464 -0.4279 -0.8919
vn 0.1616 -0.4320 -0.8873
vn -0.5714 -0.2979 -0.7647
vn -0.5448 -0.2862 -0.7882
vn 0.0398 0.9982 -0.0444
vn 0.0335 0.9980 -0.0540
vn 0.0244 0.9982 -0.0545
vn 0.6008 -0.7525 0.2698
vn 0.6056 -0.7506 0.2643
vn 0.7176 -0.6896 0.0978
vn 0.7055 -0.6985 0.1198
vn 0.7987 -0.5905 -0.1156
vn 0.7987 -0.5905 -0.1155
vn 0.7985 -0.5898 -0.1203
vn 0.7985 -0.5897 -0.1211
vn -0.2932 -0.1927 -0.9364
vn -0.2562 -0.1815 -0.9495
vn 0.7863 -0.6142 -0.0676
vn 0.7814 -0.6219 -0.0508
vn 0.0348 -0.1051 -0.9939
vn 0.0345 -0.1052 -0.9939
vn 0.7989 -0.5901 -0.1161
vn 0.7990 -0.5900 -0.1164
vn -0.0567 -0.1257 -0.9904
vn -0.0363 -0.1212 -0.9920
vn 0.4876 -0.5047 -0.7124
vn 0.4834 -0.5035 -0.7161
vn 0.4637 -0.5041 -0.7286
vn 0.4614 -0.5036 -0.7304
vn -0.5691 -0.5927 0.5699
vn -0.5823 -0.5914 0.5578
vn -0.7314 -0.5747 0.3671
vn -0.7192 -0.5762 0.3882
vn -0.3191 -0.6129 0.7228
vn -0.2978 -0.6136 0.7314
vn -0.8274 -0.5555 0.0825
vn -0.8195 -0.5593 0.1250
vn 0.0192 0.9984 -0.0532
vn 0.0321 0.9979 -0.0559
vn 0.8750 0.4707 -0.1132
vn 0.8664 0.4802 -0.1370
vn 0.6939 0.6192 -0.3676
vn 0.7166 0.6022 -0.3519
vn 0.4561 0.7410 -0.4928
vn 0.4959 0.7264 -0.4759
vn 0.2351 0.7980 -0.5549
vn 0.2373 0.7976 -0.5545
vn 0.0451 0.9602 0.2755
vn -0.0070 0.9656 0.2599
vn -0.0000 -0.1963 -0.9805
vn -0.0000 0.0860 -0.9963
vn 0.1944 0.0860 -0.9771
vn 0.1913 -0.1963 -0.9617
vn 0.3813 0.0860 -0.9205
vn 0.3752 -0.1963 -0.9059
vn 0.5535 0.0860 -0.8284
vn 0.5448 -0.1963 -0.8153
vn 0.7045 0.0860 -0.7045
vn 0.6933 -0.1963 -0.6933
vn 0.8284 0.0860 -0.5535
vn 0.8153 -0.1963 -0.5448
vn 0.9205 0.0860 -0.3813
vn 0.9059 -0.1963 -0.3752
vn 0.9771 0.0860 -0.1944
vn 0.9617 -0.1963 -0.1913
vn 0.9963 0.0860 -0.0000
vn 0.9805 -0.1963 -0.0000
vn 0.9771 0.0860 0.1944
vn 0.9617 -0.1963 0.1913
vn 0.9205 0.0860 0.3813
vn 0.9059 -0.1963 0.3752
vn 0.8284 0.0860 0.5535
vn 0.8153 -0.1963 0.5448
vn 0.7045 0.0860 0.7045
vn 0.6933 -0.1963 0.6933
vn 0.5535 0.0860 0.8284
vn 0.5448 -0.1963 0.8153
vn 0.3813 0.0860 0.9205
vn 0.3752 -0.1963 0.9059
vn 0.1944 0.0860 0.9771
vn 0.1913 -0.1963 0.9617
vn -0.0000 0.0860 0.9963
vn -0.0000 -0.1963 0.9805
vn 0.3621 0.3236 -0.8742
vn 0.5257 0.3236 -0.7867
vn -0.5610 -0.7381 0.3748
vn -0.4307 -0.8554 0.2878
vn -0.3663 -0.8554 0.3663
vn -0.4771 -0.7381 0.4771
vn 0.8571 -0.5152 -0.0000
vn 0.8406 -0.5152 -0.1672
vn 0.6061 -0.5152 -0.6061
vn 0.4762 -0.5152 -0.7127
vn 0.8406 -0.5152 0.1672
vn 0.7127 -0.5152 -0.4762
vn 0.3280 -0.5152 0.7919
vn 0.4762 -0.5152 0.7127
vn 0.1672 -0.5152 -0.8406
vn -0.0000 -0.5152 -0.8571
vn 0.7919 -0.5152 0.3280
vn 0.7919 -0.5152 -0.3280
vn -0.0000 -0.5152 0.8571
vn 0.1672 -0.5152 0.8406
vn 0.3280 -0.5152 -0.7919
vn 0.6061 -0.5152 0.6061
vn 0.7127 -0.5152 0.4762
vn 0.5610 -0.7381 -0.3748
vn 0.6233 -0.7381 -0.2582
vn 0.4786 -0.8554 -0.1982
vn 0.4307 -0.8554 -0.2878
vn 0.1316 -0.7381 -0.6617
vn 0.2582 -0.7381 -0.6233
vn 0.1982 -0.8554 -0.4786
vn 0.1011 -0.8554 -0.5081
vn 0.7498 -0.6446 -0.1491
vn 0.7645 -0.6446 -0.0000
vn 0.4622 -0.8868 -0.0000
vn 0.4534 -0.8868 -0.0902
vn 0.7498 -0.6446 0.1491
vn 0.4534 -0.8868 0.0902
vn 0.7063 -0.6446 0.2926
vn 0.4271 -0.8868 0.1769
vn 0.6357 -0.6446 0.4247
vn 0.3843 -0.8868 0.2568
vn 0.5406 -0.6446 0.5406
vn 0.3269 -0.8868 0.3269
vn 0.4247 -0.6446 0.6357
vn 0.2568 -0.8868 0.3843
vn 0.2926 -0.6446 0.7063
vn 0.1769 -0.8868 0.4271
vn 0.1491 -0.6446 0.7498
vn 0.0902 -0.8868 0.4534
vn -0.0000 -0.6446 0.7645
vn -0.0000 -0.8868 0.4622
vn 0.2926 -0.6446 -0.7063
vn 0.4247 -0.6446 -0.6357
vn 0.2568 -0.8868 -0.3843
vn 0.1769 -0.8868 -0.4271
vn 0.5406 -0.6446 -0.5406
vn 0.3269 -0.8868 -0.3269
vn 0.6357 -0.6446 -0.4247
vn 0.3843 -0.8868 -0.2568
vn 0.7063 -0.6446 -0.2926
vn 0.4271 -0.8868 -0.1769
vn -0.0000 -0.8554 -0.5180
vn 0.1163 -0.8030 -0.5845
vn -0.0000 -0.8030 -0.5959
vn 0.5081 -0.8554 0.1011
vn 0.4786 -0.8554 0.1982
vn 0.5506 -0.8030 0.2281
vn 0.5845 -0.8030 0.1163
vn 0.4307 -0.8554 0.2878
vn 0.4955 -0.8030 0.3311
vn 0.3663 -0.8554 0.3663
vn 0.4214 -0.8030 0.4214
vn 0.2878 -0.8554 0.4307
vn 0.3311 -0.8030 0.4955
vn 0.1982 -0.8554 0.4786
vn 0.2281 -0.8030 0.5506
vn 0.1011 -0.8554 0.5081
vn 0.1163 -0.8030 0.5845
vn 0.2281 -0.8030 -0.5506
vn -0.0000 -0.8554 0.5180
vn -0.0000 -0.8030 0.5959
vn 0.2878 -0.8554 -0.4307
vn 0.3311 -0.8030 -0.4955
vn 0.3663 -0.8554 -0.3663
vn 0.4214 -0.8030 -0.4214
vn 0.4955 -0.8030 -0.3311
vn 0.1491 -0.6446 -0.7498
vn 0.0902 -0.8868 -0.4534
vn 0.5506 -0.8030 -0.2281
vn 0.5081 -0.8554 -0.1011
vn 0.5845 -0.8030 -0.1163
vn 0.5180 -0.8554 -0.0000
vn 0.5959 -0.8030 -0.0000
vn -0.0000 -0.6446 -0.7645
vn -0.0000 -0.8868 -0.4622
vn 0.2582 -0.7381 0.6233
vn 0.1316 -0.7381 0.6617
vn 0.6617 -0.7381 0.1316
vn 0.6233 -0.7381 0.2582
vn 0.5610 -0.7381 0.3748
vn 0.4771 -0.7381 0.4771
vn 0.3748 -0.7381 -0.5610
vn -0.0000 -0.7381 0.6747
vn 0.6617 -0.7381 -0.1316
vn -0.0000 -0.7381 -0.6747
vn 0.3748 -0.7381 0.5610
vn 0.4771 -0.7381 -0.4771
vn 0.6747 -0.7381 -0.0000
vn 0.6219 0.4758 0.6219
vn 0.7313 0.4758 0.4886
vn 0.8042 0.2539 0.5374
vn 0.6839 0.2539 0.6839
vn 0.7867 0.3236 0.5257
vn 0.6691 0.3236 0.6691
vn 0.9280 0.3236 -0.1846
vn 0.9462 0.3236 -0.0000
vn 0.6691 0.3236 -0.6691
vn 0.5257 0.3236 0.7867
vn 0.9280 0.3236 0.1846
vn 0.7867 0.3236 -0.5257
vn 0.3621 0.3236 0.8742
vn -0.0000 0.3236 -0.9462
vn 0.1846 0.3236 -0.9280
vn 0.8742 0.3236 0.3621
vn 0.8742 0.3236 -0.3621
vn 0.1846 0.3236 0.9280
vn -0.0000 0.3236 0.9462
vn 0.1887 0.2539 -0.9486
vn -0.0000 0.2539 -0.9672
vn -0.0000 -0.0490 -0.9988
vn 0.1949 -0.0490 -0.9796
vn 0.6219 0.4758 -0.6219
vn 0.4886 0.4758 -0.7313
vn 0.5374 0.2539 -0.8042
vn 0.6839 0.2539 -0.6839
vn 0.1716 0.4758 0.8626
vn 0.3366 0.4758 0.8126
vn 0.3701 0.2539 0.8936
vn 0.1887 0.2539 0.9486
vn 0.1716 0.4758 -0.8626
vn -0.0000 0.4758 -0.8795
vn 0.8126 0.4758 -0.3366
vn 0.7313 0.4758 -0.4886
vn 0.8042 0.2539 -0.5374
vn 0.8936 0.2539 -0.3701
vn 0.3366 0.4758 -0.8126
vn 0.3701 0.2539 -0.8936
vn 0.4886 0.4758 0.7313
vn 0.5374 0.2539 0.8042
vn 0.8126 0.4758 0.3366
vn 0.8936 0.2539 0.3701
vn 0.8795 0.4758 -0.0000
vn 0.8626 0.4758 -0.1716
vn 0.9486 0.2539 -0.1887
vn 0.9672 0.2539 -0.0000
vn -0.0000 0.4758 0.8795
vn -0.0000 0.2539 0.9672
vn 0.8626 0.4758 0.1716
vn 0.9486 0.2539 0.1887
vn 0.7063 -0.0490 0.7063
vn 0.8305 -0.0490 0.5549
vn 0.8171 -0.1852 0.5460
vn 0.6949 -0.1852 0.6949
vn 0.9988 -0.0490 -0.0000
vn 0.9796 -0.0490 0.1949
vn 0.8305 -0.0490 -0.5549
vn 0.9228 -0.0490 -0.3822
vn 0.5549 -0.0490 0.8305
vn 0.3822 -0.0490 0.9228
vn 0.3822 -0.0490 -0.9228
vn 0.5549 -0.0490 -0.8305
vn 0.9228 -0.0490 0.3822
vn 0.9796 -0.0490 -0.1949
vn 0.7063 -0.0490 -0.7063
vn 0.1949 -0.0490 0.9796
vn -0.0000 -0.0490 0.9988
vn 0.8404 -0.5155 -0.1672
vn 0.7916 -0.5156 -0.3279
vn 0.8793 0.3068 -0.3642
vn 0.9335 0.3068 -0.1857
vn 0.8171 -0.1852 -0.5460
vn 0.9079 -0.1852 -0.3761
vn 0.5460 -0.1852 0.8171
vn 0.3761 -0.1852 0.9079
vn 0.3761 -0.1852 -0.9079
vn 0.5460 -0.1852 -0.8171
vn 0.9079 -0.1852 0.3761
vn 0.9638 -0.1852 -0.1917
vn 0.9827 -0.1852 -0.0000
vn 0.6949 -0.1852 -0.6949
vn 0.1917 -0.1852 0.9638
vn -0.0000 -0.1852 0.9827
vn 0.9638 -0.1852 0.1917
vn 0.1917 -0.1852 -0.9638
vn -0.0000 -0.1852 -0.9827
vn 0.3279 -0.5155 0.7916
vn 0.4761 -0.5155 0.7125
vn 0.5288 0.3068 0.7914
vn 0.3642 0.3068 0.8793
vn 0.3279 -0.5155 -0.7916
vn 0.1672 -0.5155 -0.8404
vn 0.1857 0.3068 -0.9335
vn 0.3642 0.3068 -0.8793
vn 0.6059 -0.5155 0.6059
vn 0.6730 0.3068 0.6730
vn 0.8404 -0.5155 0.1672
vn 0.8569 -0.5155 -0.0000
vn 0.9518 0.3068 -0.0000
vn 0.9335 0.3068 0.1857
vn -0.0000 -0.5155 0.8569
vn 0.1672 -0.5155 0.8404
vn 0.1857 0.3068 0.9335
vn -0.0000 0.3068 0.9518
vn -0.0000 -0.5155 -0.8569
vn -0.0000 0.3068 -0.9518
vn 0.7125 -0.5155 -0.4760
vn 0.7914 0.3068 -0.5288
vn 0.6059 -0.5155 -0.6059
vn 0.4760 -0.5155 -0.7125
vn 0.5288 0.3068 -0.7914
vn 0.6730 0.3068 -0.6730
vn 0.7916 -0.5155 0.3279
vn 0.8793 0.3068 0.3642
vn 0.7125 -0.5155 0.4760
vn 0.7914 0.3068 0.5288
vn 0.3922 -0.8817 0.2621
vn 0.4358 -0.8817 0.1805
vn 0.2621 -0.8817 -0.3923
vn 0.1805 -0.8817 -0.4359
vn 0.1805 -0.8817 0.4359
vn 0.2621 -0.8817 0.3923
vn 0.4358 -0.8817 -0.1805
vn 0.3922 -0.8817 -0.2621
vn 0.3336 -0.8817 0.3336
vn 0.4627 -0.8817 0.0920
vn 0.4718 -0.8817 -0.0000
vn 0.0920 -0.8817 -0.4627
vn -0.0000 -0.8817 -0.4718
vn 0.3336 -0.8817 -0.3336
vn 0.4627 -0.8817 -0.0920
vn 0.0920 -0.8817 0.4627
vn -0.0000 -0.8817 0.4718
vn 0.3223 0.8901 0.3223
vn 0.2532 0.8901 0.3790
vn 0.1744 0.8901 0.4211
vn 0.0889 0.8901 0.4470
vn 0.3790 0.8901 -0.2532
vn 0.4211 0.8901 -0.1744
vn 0.1744 0.8901 -0.4211
vn 0.2532 0.8901 -0.3790
vn 0.4470 0.8901 -0.0889
vn 0.4558 0.8901 -0.0000
vn -0.0000 0.8901 0.4558
vn 0.0889 0.8901 -0.4470
vn 0.4211 0.8901 0.1744
vn 0.3790 0.8901 0.2532
vn -0.0000 0.8901 -0.4558
vn 0.4470 0.8901 0.0889
vn 0.3223 0.8901 -0.3223
vn -0.5062 0.8366 0.2097
vn -0.5373 0.8366 0.1069
vn -0.1069 0.8366 0.5373
vn -0.2097 0.8366 0.5062
vn -0.1069 0.8366 -0.5373
vn -0.0000 0.8366 -0.5479
vn -0.4555 0.8366 -0.3044
vn -0.3874 0.8366 -0.3874
vn -0.0000 0.8366 0.5479
vn -0.5373 0.8366 -0.1069
vn -0.5062 0.8366 -0.2097
vn -0.2097 0.8366 -0.5062
vn -0.3874 0.8366 0.3874
vn -0.4555 0.8366 0.3044
vn -0.5479 0.8366 -0.0000
vn -0.3044 0.8366 -0.4555
vn -0.3044 0.8366 0.4555
vn -0.9353 0.3009 -0.1860
vn -0.8811 0.3009 -0.3649
vn -0.3649 0.3009 -0.8811
vn -0.1860 0.3009 -0.9353
vn -0.6743 0.3009 0.6743
vn -0.7929 0.3009 0.5298
vn -0.9353 0.3009 0.1860
vn -0.9536 0.3009 -0.0000
vn -0.6743 0.3009 -0.6743
vn -0.5298 0.3009 -0.7929
vn -0.1872 0.2808 -0.9413
vn -0.3673 0.2808 -0.8867
vn -0.2947 0.6378 -0.7115
vn -0.1503 0.6379 -0.7554
vn 0.7661 0.3887 0.5119
vn 0.8512 0.3887 0.3526
vn 0.7189 0.6281 0.2978
vn 0.6470 0.6281 0.4323
vn -0.5395 0.7609 -0.3605
vn -0.5994 0.7609 -0.2483
vn -0.7288 0.6145 -0.3019
vn -0.6559 0.6145 -0.4383
vn -0.0000 0.3887 0.9214
vn 0.1798 0.3887 0.9037
vn 0.1518 0.6281 0.7632
vn -0.0000 0.6281 0.7781
vn -0.8811 0.3009 0.3649
vn -0.7929 0.3009 -0.5298
vn -0.5994 0.7609 0.2483
vn -0.5395 0.7609 0.3605
vn -0.6559 0.6145 0.4383
vn -0.7288 0.6145 0.3019
vn -0.3649 0.3009 0.8811
vn -0.5298 0.3009 0.7929
vn -0.2483 0.7609 0.5994
vn -0.1266 0.7609 0.6364
vn -0.1539 0.6145 0.7737
vn -0.3019 0.6145 0.7288
vn -0.0000 0.7609 -0.6488
vn -0.1266 0.7609 -0.6364
vn -0.1539 0.6145 -0.7737
vn -0.0000 0.6145 -0.7889
vn -0.0000 0.3009 -0.9536
vn 0.1860 0.3009 -0.9353
vn 0.1069 0.8366 -0.5373
vn -0.6787 0.2808 0.6787
vn -0.5332 0.2808 0.7980
vn -0.4279 0.6378 0.6404
vn -0.5446 0.6378 0.5446
vn 0.6515 0.3887 0.6515
vn 0.5502 0.6281 0.5502
vn -0.9413 0.2808 -0.1872
vn -0.9598 0.2808 -0.0000
vn -0.7702 0.6379 -0.0000
vn -0.7554 0.6379 -0.1503
vn -0.3673 0.2808 0.8867
vn -0.2947 0.6378 0.7115
vn -0.5332 0.2808 -0.7980
vn -0.6787 0.2808 -0.6787
vn -0.5446 0.6379 -0.5446
vn -0.4279 0.6378 -0.6404
vn 0.9037 0.3887 -0.1798
vn 0.8512 0.3887 -0.3526
vn 0.7189 0.6281 -0.2978
vn 0.7632 0.6281 -0.1518
vn -0.8867 0.2808 0.3673
vn -0.7980 0.2808 0.5332
vn -0.6404 0.6378 0.4279
vn -0.7115 0.6378 0.2947
vn -0.1872 0.2808 0.9413
vn -0.1503 0.6379 0.7554
vn 0.7661 0.3887 -0.5119
vn 0.6515 0.3887 -0.6515
vn 0.5502 0.6281 -0.5502
vn 0.6470 0.6281 -0.4323
vn -0.7980 0.2808 -0.5332
vn -0.8867 0.2808 -0.3673
vn -0.7115 0.6379 -0.2947
vn -0.6404 0.6379 -0.4279
vn -0.0000 0.2808 0.9598
vn -0.0000 0.6378 0.7702
vn -0.9413 0.2808 0.1872
vn -0.7554 0.6378 0.1503
vn 0.3526 0.3887 0.8512
vn 0.2978 0.6281 0.7189
vn 0.4323 0.6281 -0.6470
vn 0.3088 0.8313 -0.4622
vn 0.3931 0.8313 -0.3931
vn 0.4323 0.6281 0.6470
vn 0.3931 0.8313 0.3931
vn 0.3088 0.8313 0.4622
vn 0.4622 0.8313 -0.3088
vn 0.5136 0.8313 -0.2127
vn 0.5452 0.8313 -0.1084
vn 0.2978 0.6281 -0.7189
vn 0.1518 0.6281 -0.7632
vn 0.1084 0.8313 -0.5452
vn 0.2127 0.8313 -0.5136
vn 0.1084 0.8313 0.5452
vn -0.0000 0.8313 0.5559
vn 0.4622 0.8313 0.3088
vn -0.0000 0.6281 -0.7781
vn -0.0000 0.8313 -0.5559
vn 0.7632 0.6281 0.1518
vn 0.5452 0.8313 0.1084
vn 0.5136 0.8313 0.2127
vn 0.2127 0.8313 0.5136
vn 0.7781 0.6281 -0.0000
vn 0.5559 0.8313 -0.0000
vn -0.2416 -0.9005 -0.3616
vn -0.3075 -0.9005 -0.3075
vn -0.1664 -0.9005 -0.4018
vn -0.0848 -0.9005 0.4265
vn -0.0000 -0.9005 0.4349
vn -0.0848 -0.9005 -0.4265
vn -0.1664 -0.9005 0.4018
vn -0.0000 -0.9005 -0.4349
vn -0.2416 -0.9005 0.3616
vn -0.3075 -0.9005 0.3075
vn -0.3616 -0.9005 0.2416
vn -0.4018 -0.9005 0.1664
vn -0.4265 -0.9005 0.0848
vn -0.4349 -0.9005 -0.0000
vn -0.4265 -0.9005 -0.0848
vn -0.4018 -0.9005 -0.1664
vn -0.3616 -0.9005 -0.2416
vn -0.1801 -0.8824 -0.4347
vn -0.0918 -0.8824 -0.4615
vn -0.0559 -0.9581 -0.2809
vn -0.1096 -0.9581 -0.2646
vn -0.0918 -0.8824 0.4615
vn -0.1801 -0.8824 0.4347
vn -0.1096 -0.9581 0.2646
vn -0.0559 -0.9581 0.2809
vn -0.0000 -0.8824 -0.4705
vn -0.0000 -0.9581 -0.2864
vn -0.0000 -0.8824 0.4705
vn -0.0000 -0.9581 0.2864
vn 0.0559 -0.9581 0.2809
vn 0.0918 -0.8824 0.4615
vn -0.2614 -0.8824 0.3912
vn -0.3327 -0.8824 0.3327
vn -0.2025 -0.9581 0.2025
vn -0.1591 -0.9581 0.2381
vn -0.3912 -0.8824 0.2614
vn -0.2381 -0.9581 0.1591
vn -0.4347 -0.8824 0.1801
vn -0.2646 -0.9581 0.1096
vn -0.4615 -0.8824 0.0918
vn -0.2809 -0.9581 0.0559
vn -0.4705 -0.8824 -0.0000
vn -0.2864 -0.9581 -0.0000
vn -0.4615 -0.8824 -0.0918
vn -0.2809 -0.9581 -0.0559
vn -0.4347 -0.8824 -0.1801
vn -0.2646 -0.9581 -0.1096
vn -0.3912 -0.8824 -0.2614
vn -0.2381 -0.9581 -0.1591
vn -0.3327 -0.8824 -0.3327
vn -0.2025 -0.9581 -0.2025
vn -0.2614 -0.8824 -0.3912
vn -0.1591 -0.9581 -0.2381
vn -0.1237 -0.9846 0.1237
vn -0.1455 -0.9846 0.0972
vn -0.0000 -1.0000 -0.0000
vn -0.1617 -0.9846 0.0670
vn -0.1716 -0.9846 0.0341
vn -0.1750 -0.9846 -0.0000
vn -0.1716 -0.9846 -0.0341
vn -0.1617 -0.9846 -0.0670
vn -0.1455 -0.9846 -0.0972
vn -0.1237 -0.9846 -0.1237
vn -0.0972 -0.9846 -0.1455
vn -0.0670 -0.9846 -0.1617
vn -0.0341 -0.9846 -0.1716
vn -0.0000 -0.9846 -0.1750
vn -0.0670 -0.9846 0.1617
vn -0.0972 -0.9846 0.1455
vn -0.7715 -0.6175 0.1535
vn -0.7267 -0.6175 0.3010
vn -0.7866 -0.6175 -0.0000
vn -0.7715 -0.6175 -0.1535
vn -0.7267 -0.6175 -0.3010
vn -0.6540 -0.6175 -0.4370
vn -0.5562 -0.6175 -0.5562
vn -0.4370 -0.6175 -0.6540
vn -0.3010 -0.6175 -0.7267
vn -0.1535 -0.6175 -0.7715
vn -0.3010 -0.6175 0.7267
vn -0.1535 -0.6175 0.7715
vn -0.0000 -0.6175 -0.7866
vn -0.4370 -0.6175 0.6540
vn -0.5562 -0.6175 0.5562
vn -0.6540 -0.6175 0.4370
vn -0.0341 -0.9846 0.1716
vn -0.0000 -0.9846 0.1750
vn -0.1913 -0.1963 -0.9617
vn -0.1944 0.0860 -0.9771
vn -0.3752 -0.1963 -0.9059
vn -0.3813 0.0860 -0.9205
vn -0.5448 -0.1963 -0.8153
vn -0.5535 0.0860 -0.8284
vn -0.6933 -0.1963 -0.6933
vn -0.7045 0.0860 -0.7045
vn -0.8153 -0.1963 -0.5448
vn -0.8284 0.0860 -0.5535
vn -0.9059 -0.1963 -0.3752
vn -0.9205 0.0860 -0.3813
vn -0.9617 -0.1963 -0.1913
vn -0.9771 0.0860 -0.1944
vn -0.9805 -0.1963 -0.0000
vn -0.9963 0.0860 -0.0000
vn -0.9617 -0.1963 0.1913
vn -0.9771 0.0860 0.1944
vn -0.9059 -0.1963 0.3752
vn -0.9205 0.0860 0.3813
vn -0.8153 -0.1963 0.5448
vn -0.8284 0.0860 0.5535
vn -0.6933 -0.1963 0.6933
vn -0.7045 0.0860 0.7045
vn -0.5448 -0.1963 0.8153
vn -0.5535 0.0860 0.8284
vn -0.3752 -0.1963 0.9059
vn -0.3813 0.0860 0.9205
vn -0.1913 -0.1963 0.9617
vn -0.1944 0.0860 0.9771
vn -0.5257 0.3236 -0.7867
vn -0.3621 0.3236 -0.8742
vn -0.8406 -0.5152 -0.1672
vn -0.8571 -0.5152 -0.0000
vn -0.6061 -0.5152 0.6061
vn -0.4762 -0.5152 0.7127
vn -0.2878 -0.8554 0.4307
vn -0.3748 -0.7381 0.5610
vn -0.8406 -0.5152 0.1672
vn -0.6061 -0.5152 -0.6061
vn -0.7127 -0.5152 -0.4762
vn -0.1672 -0.5152 -0.8406
vn -0.7919 -0.5152 0.3280
vn -0.7919 -0.5152 -0.3280
vn -0.1672 -0.5152 0.8406
vn -0.3280 -0.5152 -0.7919
vn -0.4762 -0.5152 -0.7127
vn -0.7127 -0.5152 0.4762
vn -0.5610 -0.7381 -0.3748
vn -0.4307 -0.8554 -0.2878
vn -0.4786 -0.8554 -0.1982
vn -0.6233 -0.7381 -0.2582
vn -0.3280 -0.5152 0.7919
vn -0.1316 -0.7381 -0.6617
vn -0.1011 -0.8554 -0.5081
vn -0.1982 -0.8554 -0.4786
vn -0.2582 -0.7381 -0.6233
vn -0.7498 -0.6446 -0.1491
vn -0.4534 -0.8868 -0.0902
vn -0.4622 -0.8868 -0.0000
vn -0.7645 -0.6446 -0.0000
vn -0.4534 -0.8868 0.0902
vn -0.7498 -0.6446 0.1491
vn -0.4271 -0.8868 0.1769
vn -0.7063 -0.6446 0.2926
vn -0.3843 -0.8868 0.2568
vn -0.6357 -0.6446 0.4247
vn -0.3269 -0.8868 0.3269
vn -0.5406 -0.6446 0.5406
vn -0.2568 -0.8868 0.3843
vn -0.4247 -0.6446 0.6357
vn -0.1769 -0.8868 0.4271
vn -0.2926 -0.6446 0.7063
vn -0.0902 -0.8868 0.4534
vn -0.1491 -0.6446 0.7498
vn -0.2926 -0.6446 -0.7063
vn -0.1769 -0.8868 -0.4271
vn -0.2568 -0.8868 -0.3843
vn -0.4247 -0.6446 -0.6357
vn -0.3269 -0.8868 -0.3269
vn -0.5406 -0.6446 -0.5406
vn -0.3843 -0.8868 -0.2568
vn -0.6357 -0.6446 -0.4247
vn -0.2878 -0.8554 -0.4307
vn -0.3748 -0.7381 -0.5610
vn -0.4271 -0.8868 -0.1769
vn -0.7063 -0.6446 -0.2926
vn -0.1163 -0.8030 -0.5845
vn -0.5081 -0.8554 0.1011
vn -0.5845 -0.8030 0.1163
vn -0.5506 -0.8030 0.2281
vn -0.4786 -0.8554 0.1982
vn -0.4955 -0.8030 0.3311
vn -0.4214 -0.8030 0.4214
vn -0.3311 -0.8030 0.4955
vn -0.2281 -0.8030 0.5506
vn -0.1982 -0.8554 0.4786
vn -0.1163 -0.8030 0.5845
vn -0.1011 -0.8554 0.5081
vn -0.2281 -0.8030 -0.5506
vn -0.3311 -0.8030 -0.4955
vn -0.4214 -0.8030 -0.4214
vn -0.3663 -0.8554 -0.3663
vn -0.4955 -0.8030 -0.3311
vn -0.1491 -0.6446 -0.7498
vn -0.0902 -0.8868 -0.4534
vn -0.5506 -0.8030 -0.2281
vn -0.5845 -0.8030 -0.1163
vn -0.5081 -0.8554 -0.1011
vn -0.5959 -0.8030 -0.0000
vn -0.5180 -0.8554 -0.0000
vn -0.6617 -0.7381 -0.1316
vn -0.6233 -0.7381 0.2582
vn -0.1316 -0.7381 0.6617
vn -0.2582 -0.7381 0.6233
vn -0.6617 -0.7381 0.1316
vn -0.4771 -0.7381 -0.4771
vn -0.6747 -0.7381 -0.0000
vn -0.6219 0.4758 0.6219
vn -0.6839 0.2539 0.6839
vn -0.8042 0.2539 0.5374
vn -0.7313 0.4758 0.4886
vn -0.6691 0.3236 0.6691
vn -0.7867 0.3236 0.5257
vn -0.9462 0.3236 -0.0000
vn -0.9280 0.3236 -0.1846
vn -0.6691 0.3236 -0.6691
vn -0.5257 0.3236 0.7867
vn -0.9280 0.3236 0.1846
vn -0.7867 0.3236 -0.5257
vn -0.3621 0.3236 0.8742
vn -0.1846 0.3236 -0.9280
vn -0.8742 0.3236 0.3621
vn -0.8742 0.3236 -0.3621
vn -0.1846 0.3236 0.9280
vn -0.1887 0.2539 -0.9486
vn -0.1949 -0.0490 -0.9796
vn -0.6219 0.4758 -0.6219
vn -0.6839 0.2539 -0.6839
vn -0.5374 0.2539 -0.8042
vn -0.4886 0.4758 -0.7313
vn -0.1716 0.4758 0.8626
vn -0.1887 0.2539 0.9486
vn -0.3701 0.2539 0.8936
vn -0.3366 0.4758 0.8126
vn -0.1716 0.4758 -0.8626
vn -0.8126 0.4758 -0.3366
vn -0.8936 0.2539 -0.3701
vn -0.8042 0.2539 -0.5374
vn -0.7313 0.4758 -0.4886
vn -0.3701 0.2539 -0.8936
vn -0.3366 0.4758 -0.8126
vn -0.5374 0.2539 0.8042
vn -0.4886 0.4758 0.7313
vn -0.8936 0.2539 0.3701
vn -0.8126 0.4758 0.3366
vn -0.8795 0.4758 -0.0000
vn -0.9672 0.2539 -0.0000
vn -0.9486 0.2539 -0.1887
vn -0.8626 0.4758 -0.1716
vn -0.9486 0.2539 0.1887
vn -0.8626 0.4758 0.1716
vn -0.7063 -0.0490 0.7063
vn -0.6949 -0.1852 0.6949
vn -0.8171 -0.1852 0.5460
vn -0.8305 -0.0490 0.5549
vn -0.9796 -0.0490 0.1949
vn -0.9988 -0.0490 -0.0000
vn -0.9228 -0.0490 -0.3822
vn -0.8305 -0.0490 -0.5549
vn -0.3822 -0.0490 0.9228
vn -0.5549 -0.0490 0.8305
vn -0.5549 -0.0490 -0.8305
vn -0.3822 -0.0490 -0.9228
vn -0.9228 -0.0490 0.3822
vn -0.9796 -0.0490 -0.1949
vn -0.7063 -0.0490 -0.7063
vn -0.1949 -0.0490 0.9796
vn -0.8404 -0.5155 -0.1672
vn -0.9335 0.3068 -0.1857
vn -0.8793 0.3068 -0.3642
vn -0.7916 -0.5155 -0.3279
vn -0.9079 -0.1852 -0.3761
vn -0.8171 -0.1852 -0.5460
vn -0.3761 -0.1852 0.9079
vn -0.5460 -0.1852 0.8171
vn -0.5460 -0.1852 -0.8171
vn -0.3761 -0.1852 -0.9079
vn -0.9079 -0.1852 0.3761
vn -0.9827 -0.1852 -0.0000
vn -0.9638 -0.1852 -0.1917
vn -0.6949 -0.1852 -0.6949
vn -0.1917 -0.1852 0.9638
vn -0.9638 -0.1852 0.1917
vn -0.1917 -0.1852 -0.9638
vn -0.3279 -0.5155 0.7916
vn -0.3642 0.3068 0.8793
vn -0.5288 0.3068 0.7914
vn -0.4761 -0.5155 0.7125
vn -0.3279 -0.5155 -0.7916
vn -0.3642 0.3068 -0.8793
vn -0.1857 0.3068 -0.9335
vn -0.1672 -0.5155 -0.8404
vn -0.6730 0.3068 0.6730
vn -0.6059 -0.5155 0.6059
vn -0.8404 -0.5155 0.1672
vn -0.9335 0.3068 0.1857
vn -0.9518 0.3068 -0.0000
vn -0.8569 -0.5155 -0.0000
vn -0.1857 0.3068 0.9335
vn -0.1672 -0.5155 0.8404
vn -0.7914 0.3068 -0.5288
vn -0.7125 -0.5155 -0.4760
vn -0.6059 -0.5155 -0.6059
vn -0.6730 0.3068 -0.6730
vn -0.5288 0.3068 -0.7914
vn -0.4760 -0.5155 -0.7125
vn -0.7916 -0.5155 0.3279
vn -0.8793 0.3068 0.3642
vn -0.7124 -0.5156 0.4760
vn -0.7914 0.3068 0.5288
vn -0.3922 -0.8817 0.2621
vn -0.4358 -0.8817 0.1805
vn -0.2621 -0.8817 -0.3923
vn -0.1805 -0.8817 -0.4359
vn -0.1805 -0.8817 0.4359
vn -0.2621 -0.8817 0.3923
vn -0.4358 -0.8817 -0.1805
vn -0.3923 -0.8817 -0.2621
vn -0.3336 -0.8817 0.3336
vn -0.4627 -0.8817 0.0920
vn -0.4718 -0.8817 -0.0000
vn -0.0920 -0.8817 -0.4627
vn -0.3336 -0.8817 -0.3336
vn -0.4627 -0.8817 -0.0920
vn -0.0920 -0.8817 0.4627
vn -0.2532 0.8901 0.3790
vn -0.3223 0.8901 0.3223
vn -0.0889 0.8901 0.4470
vn -0.1744 0.8901 0.4211
vn -0.4211 0.8901 -0.1744
vn -0.3790 0.8901 -0.2532
vn -0.2532 0.8901 -0.3790
vn -0.1744 0.8901 -0.4211
vn -0.4470 0.8901 -0.0889
vn -0.4558 0.8901 -0.0000
vn -0.0889 0.8901 -0.4470
vn -0.3790 0.8901 0.2532
vn -0.4211 0.8901 0.1744
vn -0.4470 0.8901 0.0889
vn -0.3223 0.8901 -0.3223
vn 0.5373 0.8366 0.1069
vn 0.5062 0.8366 0.2097
vn 0.2097 0.8366 0.5062
vn 0.1069 0.8366 0.5373
vn 0.3874 0.8366 -0.3874
vn 0.4555 0.8366 -0.3044
vn 0.5062 0.8366 -0.2097
vn 0.5373 0.8366 -0.1069
vn 0.2097 0.8366 -0.5062
vn 0.4555 0.8366 0.3044
vn 0.3874 0.8366 0.3874
vn 0.5479 0.8366 -0.0000
vn 0.3044 0.8366 -0.4555
vn 0.3044 0.8366 0.4555
vn 0.5119 0.3887 -0.7661
vn 0.3526 0.3887 -0.8512
vn 0.8811 0.3009 -0.3649
vn 0.9353 0.3009 -0.1860
vn 0.3649 0.3009 -0.8811
vn 0.5298 0.3009 -0.7929
vn 0.7929 0.3009 0.5298
vn 0.6743 0.3009 0.6743
vn 0.9353 0.3009 0.1860
vn 0.8811 0.3009 0.3649
vn 0.6743 0.3009 -0.6743
vn 0.7929 0.3009 -0.5298
vn 0.9536 0.3009 -0.0000
vn 0.5298 0.3009 0.7929
vn 0.3649 0.3009 0.8811
vn -0.8512 0.3887 0.3526
vn -0.7189 0.6281 0.2978
vn -0.7632 0.6281 0.1518
vn -0.9037 0.3887 0.1798
vn 0.1860 0.3009 0.9353
vn 0.6786 0.2808 0.6787
vn 0.5446 0.6378 0.5446
vn 0.4279 0.6378 0.6404
vn 0.5332 0.2808 0.7980
vn 0.6787 0.2808 -0.6787
vn 0.5446 0.6379 -0.5446
vn 0.6404 0.6379 -0.4279
vn 0.7980 0.2808 -0.5332
vn 0.5332 0.2808 -0.7980
vn 0.4279 0.6378 -0.6404
vn -0.5119 0.3887 -0.7661
vn -0.4323 0.6281 -0.6470
vn -0.2978 0.6281 -0.7189
vn -0.3526 0.3887 -0.8512
vn -0.1518 0.6281 0.7632
vn -0.1798 0.3887 0.9037
vn 0.9413 0.2808 0.1872
vn 0.7554 0.6378 0.1503
vn 0.7115 0.6378 0.2947
vn 0.8867 0.2808 0.3673
vn 0.6404 0.6378 0.4279
vn 0.7980 0.2808 0.5332
vn -0.9037 0.3887 -0.1798
vn -0.7632 0.6281 -0.1518
vn -0.7189 0.6281 -0.2978
vn -0.8512 0.3887 -0.3526
vn -0.0000 0.2808 -0.9598
vn -0.0000 0.6378 -0.7702
vn 0.1503 0.6379 -0.7554
vn 0.1872 0.2808 -0.9413
vn 0.7115 0.6379 -0.2947
vn 0.8867 0.2808 -0.3673
vn 0.1872 0.2808 0.9413
vn 0.1503 0.6378 0.7554
vn 0.9413 0.2808 -0.1872
vn 0.7554 0.6379 -0.1503
vn 0.7702 0.6379 -0.0000
vn 0.9598 0.2808 -0.0000
vn 0.3673 0.2808 -0.8867
vn 0.2947 0.6378 -0.7115
vn -0.5502 0.6281 -0.5502
vn -0.3931 0.8313 -0.3931
vn -0.3088 0.8313 -0.4622
vn -0.4323 0.6281 0.6470
vn -0.3088 0.8313 0.4622
vn -0.3931 0.8313 0.3931
vn -0.5502 0.6281 0.5502
vn -0.5136 0.8313 -0.2127
vn -0.4622 0.8313 -0.3088
vn -0.6470 0.6281 -0.4323
vn -0.5452 0.8313 -0.1084
vn -0.2127 0.8313 -0.5136
vn -0.1084 0.8313 -0.5452
vn -0.1518 0.6281 -0.7632
vn -0.1084 0.8313 0.5452
vn -0.4622 0.8313 0.3088
vn -0.6470 0.6281 0.4323
vn -0.5136 0.8313 0.2127
vn -0.5452 0.8313 0.1084
vn -0.2127 0.8313 0.5136
vn -0.2978 0.6281 0.7189
vn -0.7781 0.6281 -0.0000
vn -0.5559 0.8313 -0.0000
vn 0.3075 -0.9005 -0.3075
vn 0.2416 -0.9005 -0.3616
vn 0.1664 -0.9005 -0.4018
vn 0.0848 -0.9005 0.4265
vn 0.0848 -0.9005 -0.4265
vn 0.1664 -0.9005 0.4018
vn 0.2416 -0.9005 0.3616
vn 0.3075 -0.9005 0.3075
vn 0.3616 -0.9005 0.2416
vn 0.4018 -0.9005 0.1664
vn 0.4265 -0.9005 0.0848
vn 0.4349 -0.9005 -0.0000
vn 0.4265 -0.9005 -0.0848
vn 0.4018 -0.9005 -0.1664
vn 0.3616 -0.9005 -0.2416
vn 0.2614 -0.8824 -0.3912
vn 0.1591 -0.9581 -0.2381
vn 0.1096 -0.9581 -0.2646
vn 0.1801 -0.8824 -0.4347
vn 0.1535 -0.6175 0.7715
vn 0.3010 -0.6175 0.7267
vn 0.0559 -0.9581 -0.2809
vn 0.0918 -0.8824 -0.4615
vn 0.1096 -0.9581 0.2646
vn 0.1801 -0.8824 0.4347
vn 0.1591 -0.9581 0.2381
vn 0.2614 -0.8824 0.3912
vn 0.2025 -0.9581 0.2025
vn 0.3327 -0.8824 0.3327
vn 0.2381 -0.9581 0.1591
vn 0.3912 -0.8824 0.2614
vn 0.2646 -0.9581 0.1096
vn 0.4347 -0.8824 0.1801
vn 0.2809 -0.9581 0.0559
vn 0.4615 -0.8824 0.0918
vn 0.2864 -0.9581 -0.0000
vn 0.4705 -0.8824 -0.0000
vn 0.2809 -0.9581 -0.0559
vn 0.4615 -0.8824 -0.0918
vn 0.2646 -0.9581 -0.1096
vn 0.4347 -0.8824 -0.1801
vn 0.2381 -0.9581 -0.1591
vn 0.3912 -0.8824 -0.2614
vn 0.2025 -0.9581 -0.2025
vn 0.3327 -0.8824 -0.3327
vn 0.1237 -0.9846 0.1237
vn 0.1455 -0.9846 0.0972
vn 0.1617 -0.9846 0.0670
vn -0.0000 -0.6175 0.7866
vn 0.1716 -0.9846 0.0341
vn 0.1750 -0.9846 -0.0000
vn 0.1716 -0.9846 -0.0341
vn 0.1617 -0.9846 -0.0670
vn 0.1455 -0.9846 -0.0972
vn 0.1237 -0.9846 -0.1237
vn 0.0972 -0.9846 -0.1455
vn 0.0670 -0.9846 -0.1617
vn 0.0341 -0.9846 -0.1716
vn 0.0670 -0.9846 0.1617
vn 0.0972 -0.9846 0.1455
vn 0.7715 -0.6175 0.1535
vn 0.7866 -0.6175 -0.0000
vn 0.7715 -0.6175 -0.1535
vn 0.7267 -0.6175 -0.3010
vn 0.6540 -0.6175 -0.4370
vn 0.5562 -0.6175 -0.5562
vn 0.4370 -0.6175 -0.6540
vn 0.3010 -0.6175 -0.7267
vn 0.1535 -0.6175 -0.7715
vn 0.4370 -0.6175 0.6540
vn 0.5562 -0.6175 0.5562
vn 0.6540 -0.6175 0.4370
vn 0.7267 -0.6175 0.3010
vn 0.0341 -0.9846 0.1716
vn -0.4923 0.8647 0.0999
vn -0.5026 0.8533 0.1387
vn -0.5037 0.8524 0.1405
vn -0.4945 0.8622 0.1103
vn 0.5110 0.8462 0.1512
vn 0.5026 0.8533 0.1387
vn 0.5037 0.8524 0.1405
vn 0.5115 0.8458 0.1518
vn -0.0000 0.8673 0.4977
vn 0.1791 0.8676 0.4638
vn 0.1891 0.8676 0.4600
vn -0.5379 0.8256 0.1706
vn -0.4984 0.8339 0.2371
vn -0.5142 0.8304 0.2147
vn -0.5380 0.8265 0.1656
vn 0.4702 0.8825 -0.0068
vn 0.4361 0.8910 -0.1259
vn 0.4399 0.8907 -0.1150
vn 0.4754 0.8796 0.0167
vn 0.4923 0.8647 0.0999
vn 0.4945 0.8622 0.1103
vn -0.2884 0.8813 -0.3742
vn -0.3769 0.8920 -0.2496
vn -0.3787 0.8921 -0.2466
vn -0.2821 0.8803 -0.3814
vn 0.5379 0.8256 0.1706
vn 0.5338 0.8314 0.1540
vn 0.5325 0.8324 0.1534
vn 0.5380 0.8265 0.1656
vn -0.5110 0.8462 0.1512
vn -0.5217 0.8392 0.1536
vn -0.5214 0.8393 0.1537
vn -0.5115 0.8458 0.1518
vn 0.3604 0.8590 0.3636
vn 0.4984 0.8339 0.2371
vn 0.5142 0.8304 0.2147
vn 0.3937 0.8549 0.3378
vn -0.0000 0.8453 -0.5343
vn -0.0863 0.8501 -0.5195
vn -0.0805 0.8495 -0.5214
vn -0.1851 0.8645 -0.4673
vn -0.1750 0.8630 -0.4739
vn 0.3769 0.8920 -0.2496
vn 0.2884 0.8813 -0.3742
vn 0.2821 0.8803 -0.3814
vn 0.3787 0.8921 -0.2466
vn -0.5338 0.8314 0.1540
vn -0.5325 0.8324 0.1534
vn 0.5217 0.8392 0.1536
vn 0.5214 0.8393 0.1537
vn -0.3604 0.8590 0.3636
vn -0.1791 0.8676 0.4638
vn -0.1891 0.8676 0.4600
vn -0.3937 0.8549 0.3378
vn -0.4361 0.8910 -0.1259
vn -0.4399 0.8907 -0.1150
vn 0.0863 0.8501 -0.5195
vn 0.0806 0.8495 -0.5214
vn 0.1851 0.8645 -0.4673
vn 0.1750 0.8630 -0.4739
vn -0.4702 0.8825 -0.0068
vn -0.4754 0.8796 0.0167
vn 0.4588 0.7609 -0.4588
vn 0.5578 0.6145 -0.5578
vn 0.6559 0.6145 -0.4383
vn 0.5395 0.7609 -0.3605
vn -0.1798 0.3887 -0.9037
vn -0.0000 0.3887 -0.9214
vn 0.1539 0.6145 -0.7737
vn 0.1266 0.7609 -0.6364
vn 0.2483 0.7609 0.5994
vn 0.3019 0.6145 0.7288
vn 0.1539 0.6145 0.7737
vn 0.1266 0.7609 0.6364
vn 0.6364 0.7609 0.1266
vn 0.7737 0.6145 0.1539
vn 0.7288 0.6145 0.3019
vn 0.5994 0.7609 0.2483
vn -0.5119 0.3887 0.7661
vn -0.6515 0.3887 0.6515
vn 0.6559 0.6145 0.4383
vn 0.5395 0.7609 0.3605
vn -0.7661 0.3887 -0.5119
vn 0.3605 0.7609 -0.5395
vn 0.4383 0.6145 -0.6559
vn -0.6515 0.3887 -0.6515
vn 0.4588 0.7609 0.4588
vn 0.5578 0.6145 0.5578
vn 0.4383 0.6145 0.6559
vn 0.3605 0.7609 0.5395
vn -0.9214 0.3887 -0.0000
vn 0.6364 0.7609 -0.1266
vn 0.7737 0.6145 -0.1539
vn 0.7889 0.6145 -0.0000
vn 0.6488 0.7609 -0.0000
vn 0.7288 0.6145 -0.3019
vn 0.5994 0.7609 -0.2483
vn -0.7661 0.3887 0.5119
vn 0.2483 0.7609 -0.5994
vn 0.3019 0.6145 -0.7288
vn -0.3526 0.3887 0.8512
vn 0.3673 0.2808 0.8867
vn 0.2947 0.6378 0.7115
vn -0.0000 0.6145 0.7889
vn -0.0000 0.7609 0.6488
vn -0.4588 0.7609 -0.4588
vn -0.5578 0.6145 -0.5578
vn -0.2483 0.7609 -0.5994
vn -0.3019 0.6145 -0.7288
vn 0.5119 0.3887 0.7661
vn -0.6364 0.7609 0.1266
vn -0.7737 0.6145 0.1539
vn -0.4588 0.7609 0.4588
vn -0.5578 0.6145 0.5578
vn 0.9214 0.3887 -0.0000
vn -0.3605 0.7609 -0.5395
vn -0.4383 0.6145 -0.6559
vn -0.3605 0.7609 0.5395
vn -0.4383 0.6145 0.6559
vn -0.6364 0.7609 -0.1266
vn -0.6488 0.7609 -0.0000
vn -0.7889 0.6145 -0.0000
vn -0.7737 0.6145 -0.1539
vn 0.9037 0.3887 0.1798
vn 0.1798 0.3887 -0.9037
vn -0.1860 0.3009 0.9353
vn -0.0000 0.3009 0.9536
vn 0.0189 0.9980 0.0606
vn 0.0072 0.9987 0.0511
vn -0.0072 0.9987 0.0511
vn -0.0031 0.9998 0.0219
vn 0.1203 0.9121 0.3919
vn 0.0401 0.9808 0.1907
vn 0.0843 0.9437 0.3200
vn 0.1001 0.9452 0.3107
vn 0.0776 0.9700 0.2305
vn 0.1314 0.9559 0.2625
vn 0.1363 0.9653 0.2229
vn 0.1282 0.9592 0.2520
vn 0.1240 0.9536 0.2744
vn 0.0082 0.9984 0.0565
vn 0.0495 0.9892 0.1381
vn 0.1838 0.9534 0.2393
vn 0.1606 0.9518 0.2612
vn 0.1282 0.9178 0.3757
vn 0.1248 0.9211 0.3688
vn 0.0326 0.9965 0.0765
vn 0.1393 0.9336 0.3302
vn 0.1293 0.9386 0.3199
vn 0.1108 0.9191 0.3782
vn 0.1150 0.9215 0.3710
vn 0.1387 0.9449 0.2965
vn 0.6836 0.2560 -0.6836
vn 0.8038 0.2559 -0.5371
vn -0.0000 0.2560 -0.9667
vn 0.1886 0.2560 -0.9481
vn 0.3699 0.2559 0.8931
vn 0.1886 0.2559 0.9481
vn 0.9481 0.2559 0.1886
vn 0.8931 0.2559 0.3699
vn 0.8038 0.2560 0.5371
vn 0.5371 0.2560 -0.8038
vn 0.6836 0.2560 0.6836
vn 0.5371 0.2560 0.8038
vn 0.9481 0.2560 -0.1886
vn 0.9667 0.2559 -0.0000
vn 0.8931 0.2559 -0.3699
vn 0.3699 0.2559 -0.8931
vn -0.0000 0.2560 0.9667
vn -0.8038 0.2559 -0.5371
vn -0.6836 0.2560 -0.6836
vn -0.1886 0.2560 -0.9481
vn -0.1886 0.2559 0.9481
vn -0.3699 0.2559 0.8931
vn -0.8931 0.2560 0.3699
vn -0.9481 0.2560 0.1886
vn -0.8038 0.2560 0.5371
vn -0.5371 0.2560 -0.8038
vn -0.5371 0.2560 0.8038
vn -0.6836 0.2560 0.6836
vn -0.9667 0.2559 -0.0000
vn -0.9481 0.2559 -0.1886
vn -0.8931 0.2559 -0.3699
vn -0.3699 0.2559 -0.8931
vn -0.2173 0.9652 -0.1452
vn -0.1848 0.9652 -0.1848
vn -0.0000 0.9652 0.2614
vn -0.0510 0.9652 0.2564
vn -0.2564 0.9652 -0.0510
vn -0.2415 0.9652 -0.1000
vn -0.1848 0.9652 0.1848
vn -0.2174 0.9652 0.1452
vn -0.1000 0.9652 0.2415
vn -0.1452 0.9652 0.2173
vn -0.2614 0.9652 -0.0000
vn -0.1452 0.9652 -0.2173
vn -0.2415 0.9652 0.1000
vn -0.2564 0.9652 0.0510
vn -0.0510 0.9652 -0.2564
vn -0.0000 0.9652 -0.2614
vn -0.1000 0.9652 -0.2415
vn 0.1848 0.9652 -0.1848
vn 0.2173 0.9652 -0.1452
vn 0.0510 0.9652 0.2564
vn 0.2415 0.9652 -0.1000
vn 0.2564 0.9652 -0.0510
vn 0.2174 0.9652 0.1452
vn 0.1848 0.9652 0.1848
vn 0.1452 0.9652 0.2173
vn 0.1000 0.9652 0.2415
vn 0.2614 0.9652 -0.0000
vn 0.1452 0.9652 -0.2173
vn 0.2564 0.9652 0.0510
vn 0.2415 0.9652 0.1000
vn 0.0510 0.9652 -0.2564
vn 0.1000 0.9652 -0.2415
vn 0.1193 0.9429 0.3111
vn 0.1154 0.9547 0.2741
vn 0.1083 0.9621 0.2503
vn 0.0922 0.9710 0.2204
vn 0.0404 0.9845 0.1708
vn -0.0000 0.9980 0.0627
vn 0.1204 0.9208 0.3709
vn -0.0000 -0.8121 0.5835
vn -0.1138 -0.8121 0.5723
vn -0.2233 -0.8121 0.5391
vn -0.3242 -0.8121 0.4851
vn -0.4126 -0.8121 0.4126
vn -0.4851 -0.8121 0.3242
vn -0.5391 -0.8121 0.2233
vn -0.5723 -0.8121 0.1138
vn -0.5835 -0.8121 -0.0000
vn -0.5723 -0.8121 -0.1138
vn -0.5390 -0.8121 -0.2233
vn -0.4851 -0.8121 -0.3242
vn -0.4126 -0.8121 -0.4126
vn -0.3242 -0.8121 -0.4851
vn -0.2233 -0.8121 -0.5391
vn -0.1138 -0.8121 -0.5723
vn -0.0000 -0.8121 -0.5835
vn 0.1138 -0.8121 0.5723
vn 0.2233 -0.8121 0.5391
vn 0.3242 -0.8121 0.4851
vn 0.4126 -0.8121 0.4126
vn 0.4851 -0.8121 0.3242
vn 0.5391 -0.8121 0.2233
vn 0.5723 -0.8121 0.1138
vn 0.5835 -0.8121 -0.0000
vn 0.5723 -0.8121 -0.1138
vn 0.5390 -0.8121 -0.2233
vn 0.4851 -0.8121 -0.3242
vn 0.4126 -0.8121 -0.4126
vn 0.3242 -0.8121 -0.4851
vn 0.2233 -0.8121 -0.5391
vn 0.1138 -0.8121 -0.5723
vn -0.8467 0.5047 -0.1684
vn -0.7976 0.5047 -0.3304
vn -0.8467 0.5047 0.1684
vn -0.8633 0.5047 -0.0000
vn -0.7976 0.5047 0.3304
vn -0.7178 0.5047 -0.4796
vn -0.6105 0.5047 -0.6105
vn -0.4796 0.5047 0.7178
vn -0.6105 0.5047 0.6105
vn -0.3304 0.5047 -0.7976
vn -0.1684 0.5047 -0.8467
vn -0.0000 0.5047 0.8633
vn -0.1684 0.5047 0.8467
vn -0.7178 0.5047 0.4796
vn -0.3304 0.5047 0.7976
vn -0.4796 0.5047 -0.7178
vn -0.0000 0.5047 -0.8633
vn 0.8467 0.5047 -0.1684
vn 0.7976 0.5047 -0.3304
vn 0.8467 0.5047 0.1684
vn 0.8633 0.5047 -0.0000
vn 0.7976 0.5047 0.3304
vn 0.7178 0.5047 -0.4796
vn 0.6105 0.5047 -0.6105
vn 0.4796 0.5047 0.7178
vn 0.6105 0.5047 0.6105
vn 0.3304 0.5047 -0.7976
vn 0.1684 0.5047 -0.8467
vn 0.1684 0.5047 0.8467
vn 0.7178 0.5047 0.4796
vn 0.3304 0.5047 0.7976
vn 0.4796 0.5047 -0.7178
vn -0.9518 0.2411 0.1893
vn -0.8441 0.5092 0.1679
vn -0.7951 0.5092 0.3294
vn -0.8966 0.2411 0.3714
vn -0.3714 0.2411 -0.8966
vn -0.3294 0.5092 -0.7951
vn -0.4782 0.5092 -0.7156
vn -0.5392 0.2411 -0.8069
vn -0.3714 0.2411 0.8966
vn -0.3294 0.5092 0.7951
vn -0.1679 0.5092 0.8441
vn -0.1893 0.2411 0.9518
vn -0.6086 0.5092 -0.6086
vn -0.6862 0.2411 -0.6862
vn -0.9518 0.2411 -0.1893
vn -0.8441 0.5092 -0.1679
vn -0.8607 0.5092 -0.0000
vn -0.9705 0.2411 -0.0000
vn -0.0000 0.2411 -0.9705
vn -0.0000 0.5092 -0.8607
vn -0.1679 0.5092 -0.8441
vn -0.1893 0.2411 -0.9518
vn -0.0000 0.5092 0.8607
vn -0.0000 0.2411 0.9705
vn -0.7156 0.5092 0.4782
vn -0.8069 0.2411 0.5392
vn -0.6862 0.2411 0.6862
vn -0.6086 0.5092 0.6086
vn -0.4782 0.5092 0.7156
vn -0.5392 0.2411 0.8069
vn -0.8966 0.2411 -0.3714
vn -0.7951 0.5092 -0.3294
vn -0.8069 0.2411 -0.5392
vn -0.7156 0.5092 -0.4782
vn 0.9518 0.2411 0.1893
vn 0.8966 0.2411 0.3714
vn 0.7951 0.5092 0.3294
vn 0.8441 0.5092 0.1679
vn 0.3714 0.2411 -0.8966
vn 0.5392 0.2411 -0.8069
vn 0.4782 0.5092 -0.7156
vn 0.3294 0.5092 -0.7951
vn 0.3714 0.2411 0.8966
vn 0.1893 0.2411 0.9518
vn 0.1679 0.5092 0.8441
vn 0.3294 0.5092 0.7951
vn 0.6862 0.2411 -0.6862
vn 0.6086 0.5092 -0.6086
vn 0.9518 0.2411 -0.1893
vn 0.9705 0.2411 -0.0000
vn 0.8607 0.5092 -0.0000
vn 0.8441 0.5092 -0.1679
vn 0.1893 0.2411 -0.9518
vn 0.1679 0.5092 -0.8441
vn 0.8069 0.2411 0.5392
vn 0.7156 0.5092 0.4782
vn 0.6862 0.2411 0.6862
vn 0.5392 0.2411 0.8069
vn 0.4782 0.5092 0.7156
vn 0.6086 0.5092 0.6086
vn 0.8966 0.2411 -0.3714
vn 0.7951 0.5092 -0.3294
vn 0.8069 0.2411 -0.5392
vn 0.7156 0.5092 -0.4782
vn 0.8302 -0.0559 0.5547
vn 0.7060 -0.0559 0.7060
vn 0.1948 -0.0559 -0.9792
vn 0.3821 -0.0559 -0.9224
vn 0.5547 -0.0559 0.8302
vn 0.3821 -0.0559 0.9224
vn 0.7060 -0.0559 -0.7060
vn 0.8302 -0.0559 -0.5547
vn 0.9224 -0.0559 -0.3821
vn 0.9792 -0.0559 -0.1948
vn 0.9224 -0.0559 0.3821
vn 0.9984 -0.0559 -0.0000
vn 0.9792 -0.0559 0.1948
vn 0.1948 -0.0559 0.9792
vn -0.0000 -0.0559 0.9984
vn -0.0000 -0.0559 -0.9984
vn 0.5547 -0.0559 -0.8302
vn -0.8302 -0.0559 0.5547
vn -0.7060 -0.0559 0.7060
vn -0.1948 -0.0559 -0.9792
vn -0.3821 -0.0559 -0.9224
vn -0.5547 -0.0559 0.8302
vn -0.3821 -0.0559 0.9224
vn -0.7060 -0.0559 -0.7060
vn -0.8302 -0.0559 -0.5547
vn -0.9224 -0.0559 -0.3821
vn -0.9792 -0.0559 -0.1948
vn -0.9224 -0.0559 0.3821
vn -0.9984 -0.0559 -0.0000
vn -0.9792 -0.0559 0.1948
vn -0.1948 -0.0559 0.9792
vn -0.5547 -0.0559 -0.8302
vt 0.404792 0.662957
vt 0.397067 0.666154
vt 0.400269 0.658431
vt 0.404790 0.669355
vt 0.393871 0.658429
vt 0.400264 0.673878
vt 0.389343 0.669350
vt 0.389345 0.662952
vt 0.393865 0.673876
vt 0.388758 0.669595
vt 0.388758 0.662712
vt 0.405376 0.662712
vt 0.405376 0.669595
vt 0.393626 0.674463
vt 0.393626 0.657845
vt 0.400509 0.657845
vt 0.400509 0.674463
vt 0.432350 0.644728
vt 0.431382 0.657548
vt 0.426168 0.654750
vt 0.429397 0.636577
vt 0.422331 0.594767
vt 0.426397 0.598975
vt 0.422944 0.603005
vt 0.418027 0.597605
vt 0.426768 0.687288
vt 0.422760 0.693844
vt 0.417647 0.694001
vt 0.418817 0.688911
vt 0.432816 0.613805
vt 0.432630 0.631440
vt 0.430228 0.629867
vt 0.428288 0.617588
vt 0.410365 0.703518
vt 0.403590 0.706065
vt 0.402794 0.701596
vt 0.408220 0.699642
vt 0.417615 0.698972
vt 0.413620 0.697777
vt 0.430371 0.602792
vt 0.427227 0.610464
vt 0.412154 0.586985
vt 0.417017 0.589816
vt 0.413541 0.594043
vt 0.407577 0.591017
vt 0.429464 0.679580
vt 0.423525 0.675250
vt 0.403554 0.582838
vt 0.401786 0.589169
vt 0.430756 0.671224
vt 0.424512 0.667690
vt 0.425710 0.626831
vt 0.422143 0.632008
vt 0.404974 0.636498
vt 0.405431 0.642563
vt 0.398059 0.641490
vt 0.397880 0.636562
vt 0.418928 0.654839
vt 0.417009 0.635644
vt 0.410783 0.636340
vt 0.412483 0.646858
vt 0.420644 0.665061
vt 0.420576 0.673899
vt 0.417737 0.679486
vt 0.401813 0.696098
vt 0.405263 0.695497
vt 0.409763 0.694358
vt 0.413759 0.692189
vt 0.411763 0.708216
vt 0.404535 0.710611
vt 0.418445 0.704056
vt 0.424375 0.698239
vt 0.429381 0.690938
vt 0.433318 0.682342
vt 0.434580 0.673003
vt 0.434686 0.658575
vt 0.435158 0.644762
vt 0.435497 0.630505
vt 0.435838 0.614382
vt 0.432725 0.601709
vt 0.427830 0.596458
vt 0.424872 0.592134
vt 0.418968 0.586926
vt 0.412099 0.582748
vt 0.404599 0.579669
vt 0.397756 0.632783
vt 0.404470 0.632768
vt 0.413516 0.632002
vt 0.418517 0.629212
vt 0.419357 0.605237
vt 0.415434 0.600765
vt 0.411445 0.597426
vt 0.405708 0.594436
vt 0.421672 0.625136
vt 0.422659 0.611815
vt 0.409383 0.632700
vt 0.423656 0.617599
vt 0.400709 0.592827
vt 0.413871 0.658535
vt 0.409539 0.653852
vt 0.414152 0.682846
vt 0.410219 0.684169
vt 0.412089 0.677249
vt 0.415028 0.678187
vt 0.405124 0.685841
vt 0.400224 0.686902
vt 0.398877 0.679450
vt 0.404978 0.678396
vt 0.417774 0.672839
vt 0.417054 0.665301
vt 0.416854 0.676680
vt 0.404256 0.650739
vt 0.398214 0.650040
vt 0.412176 0.711588
vt 0.405827 0.713630
vt 0.417573 0.607555
vt 0.413401 0.602789
vt 0.413676 0.677201
vt 0.414695 0.672247
vt 0.419934 0.707139
vt 0.413482 0.711156
vt 0.420775 0.618506
vt 0.419720 0.612364
vt 0.412145 0.676330
vt 0.415116 0.674005
vt 0.426696 0.700760
vt 0.420971 0.706376
vt 0.410465 0.600065
vt 0.404350 0.596874
vt 0.412559 0.676371
vt 0.416658 0.675131
vt 0.436060 0.601750
vt 0.439065 0.613985
vt 0.418761 0.624524
vt 0.420863 0.616520
vt 0.397284 0.622656
vt 0.397284 0.615766
vt 0.403714 0.615781
vt 0.403526 0.622716
vt 0.413530 0.579730
vt 0.420161 0.583764
vt 0.416317 0.627302
vt 0.419667 0.622962
vt 0.411063 0.615333
vt 0.402983 0.609419
vt 0.409208 0.610007
vt 0.436484 0.683606
vt 0.432682 0.691904
vt 0.438707 0.631149
vt 0.438379 0.644914
vt 0.412457 0.629377
vt 0.417783 0.626400
vt 0.406003 0.576768
vt 0.412625 0.579440
vt 0.437910 0.672875
vt 0.436692 0.681892
vt 0.397786 0.630087
vt 0.404782 0.630069
vt 0.437898 0.658194
vt 0.437796 0.672124
vt 0.409394 0.629934
vt 0.413802 0.629189
vt 0.429941 0.593902
vt 0.434667 0.598972
vt 0.404747 0.630068
vt 0.409987 0.629996
vt 0.421091 0.584276
vt 0.426791 0.589305
vt 0.412220 0.660931
vt 0.407578 0.655879
vt 0.438372 0.644954
vt 0.437917 0.658289
vt 0.404436 0.653532
vt 0.397752 0.652755
vt 0.427855 0.590460
vt 0.430711 0.594635
vt 0.404995 0.597133
vt 0.399821 0.595470
vt 0.414793 0.667346
vt 0.411342 0.660052
vt 0.432237 0.692810
vt 0.427404 0.699859
vt 0.420288 0.613661
vt 0.416785 0.606665
vt 0.408552 0.656488
vt 0.402847 0.653158
vt 0.439032 0.615554
vt 0.438703 0.631120
vt 0.413930 0.603189
vt 0.409682 0.599628
vt 0.414821 0.674032
vt 0.414045 0.665868
vt 0.397283 0.609017
vt 0.397281 0.601899
vt 0.401726 0.602898
vt 0.406128 0.605637
vt 0.410778 0.623007
vt 0.411727 0.623342
vt 0.411855 0.615362
vt 0.409811 0.609860
vt 0.411848 0.615224
vt 0.406623 0.605336
vt 0.409791 0.609792
vt 0.401969 0.602390
vt 0.406601 0.605303
vt 0.397303 0.601257
vt 0.401933 0.602374
vt 0.361690 0.644907
vt 0.364645 0.636757
vt 0.367871 0.654930
vt 0.362657 0.657728
vt 0.371718 0.594948
vt 0.376021 0.597786
vt 0.371104 0.603186
vt 0.367652 0.599154
vt 0.367265 0.687468
vt 0.375216 0.689092
vt 0.376386 0.694183
vt 0.371273 0.694024
vt 0.361230 0.613984
vt 0.365757 0.617767
vt 0.363815 0.630046
vt 0.361413 0.631618
vt 0.383665 0.703701
vt 0.385812 0.699825
vt 0.391237 0.701780
vt 0.390440 0.706249
vt 0.376416 0.699153
vt 0.380412 0.697959
vt 0.363677 0.602971
vt 0.366819 0.610643
vt 0.381897 0.587168
vt 0.386473 0.591200
vt 0.380509 0.594225
vt 0.377033 0.589998
vt 0.364571 0.679760
vt 0.370511 0.675430
vt 0.390498 0.583022
vt 0.392264 0.589353
vt 0.363281 0.671403
vt 0.369525 0.667871
vt 0.368334 0.627011
vt 0.371900 0.632188
vt 0.389068 0.636682
vt 0.396162 0.636747
vt 0.395982 0.641675
vt 0.388610 0.642747
vt 0.377033 0.635826
vt 0.375111 0.655021
vt 0.383259 0.636523
vt 0.381557 0.647041
vt 0.373393 0.665242
vt 0.373459 0.674079
vt 0.376298 0.679667
vt 0.388769 0.695681
vt 0.392219 0.696282
vt 0.384269 0.694541
vt 0.380274 0.692371
vt 0.389495 0.710794
vt 0.382267 0.708398
vt 0.375585 0.704237
vt 0.369656 0.698419
vt 0.364652 0.691117
vt 0.360716 0.682521
vt 0.359456 0.673181
vt 0.359352 0.658753
vt 0.358883 0.644941
vt 0.358546 0.630683
vt 0.358208 0.614561
vt 0.361323 0.601888
vt 0.366219 0.596638
vt 0.369178 0.592314
vt 0.375083 0.587107
vt 0.381952 0.582930
vt 0.389453 0.579853
vt 0.389572 0.632952
vt 0.396287 0.632968
vt 0.375526 0.629394
vt 0.380526 0.632184
vt 0.378614 0.600946
vt 0.374690 0.605418
vt 0.388341 0.594619
vt 0.382604 0.597608
vt 0.372372 0.625316
vt 0.371387 0.611995
vt 0.384660 0.632883
vt 0.370390 0.617779
vt 0.393340 0.593012
vt 0.384500 0.654035
vt 0.380168 0.658717
vt 0.379882 0.683028
vt 0.379007 0.678369
vt 0.381947 0.677431
vt 0.383815 0.684352
vt 0.388910 0.686024
vt 0.389057 0.678579
vt 0.395158 0.679634
vt 0.393810 0.687087
vt 0.376983 0.665482
vt 0.376262 0.673020
vt 0.377181 0.676861
vt 0.389784 0.650923
vt 0.395826 0.650225
vt 0.388202 0.713813
vt 0.381854 0.711771
vt 0.380647 0.602971
vt 0.376474 0.607737
vt 0.379341 0.672429
vt 0.380359 0.677383
vt 0.380547 0.711338
vt 0.374096 0.707320
vt 0.374326 0.612545
vt 0.373270 0.618687
vt 0.378919 0.674187
vt 0.381890 0.676512
vt 0.373060 0.706557
vt 0.367335 0.700939
vt 0.389699 0.597057
vt 0.383583 0.600247
vt 0.377378 0.675312
vt 0.381476 0.676553
vt 0.354981 0.614163
vt 0.357988 0.601928
vt 0.373183 0.616701
vt 0.375283 0.624705
vt 0.396619 0.622656
vt 0.390377 0.622719
vt 0.390186 0.615783
vt 0.396617 0.615766
vt 0.373890 0.583944
vt 0.380522 0.579912
vt 0.374378 0.623143
vt 0.377727 0.627483
vt 0.382838 0.615337
vt 0.384691 0.610011
vt 0.390916 0.609420
vt 0.361350 0.692083
vt 0.357550 0.683784
vt 0.355662 0.645092
vt 0.355336 0.631326
vt 0.376261 0.626581
vt 0.381586 0.629559
vt 0.381427 0.579622
vt 0.388050 0.576952
vt 0.357342 0.682070
vt 0.356126 0.673053
vt 0.389261 0.630253
vt 0.396257 0.630272
vt 0.356241 0.672302
vt 0.356140 0.658372
vt 0.380242 0.629371
vt 0.384649 0.630117
vt 0.359381 0.599150
vt 0.364109 0.594081
vt 0.384057 0.630178
vt 0.389296 0.630251
vt 0.367259 0.589484
vt 0.372960 0.584457
vt 0.386460 0.656062
vt 0.381818 0.661113
vt 0.356121 0.658467
vt 0.355669 0.645131
vt 0.396287 0.652940
vt 0.389603 0.653716
vt 0.363339 0.594814
vt 0.366195 0.590639
vt 0.394228 0.595654
vt 0.389054 0.597316
vt 0.382696 0.660235
vt 0.379244 0.667528
vt 0.366627 0.700039
vt 0.361795 0.692989
vt 0.377262 0.606847
vt 0.373758 0.613842
vt 0.391192 0.653342
vt 0.385487 0.656671
vt 0.355340 0.631298
vt 0.355014 0.615732
vt 0.384366 0.599811
vt 0.380118 0.603371
vt 0.379992 0.666050
vt 0.379215 0.674214
vt 0.396616 0.609018
vt 0.392170 0.602900
vt 0.396615 0.601899
vt 0.387769 0.605640
vt 0.383125 0.623011
vt 0.382176 0.623347
vt 0.382045 0.615367
vt 0.382052 0.615229
vt 0.384087 0.609864
vt 0.384108 0.609796
vt 0.387274 0.605339
vt 0.387296 0.605306
vt 0.391927 0.602392
vt 0.391963 0.602376
vt 0.396593 0.601257
vt 0.623505 0.009650
vt 0.623505 0.481798
vt 0.592378 0.481798
vt 0.592378 0.009650
vt 0.561250 0.481798
vt 0.561250 0.009650
vt 0.530123 0.481798
vt 0.530123 0.009650
vt 0.498995 0.481798
vt 0.498995 0.009650
vt 0.467868 0.481798
vt 0.467868 0.009650
vt 0.436740 0.481798
vt 0.436740 0.009650
vt 0.405613 0.481798
vt 0.405613 0.009650
vt 0.374485 0.481798
vt 0.374485 0.009650
vt 0.343358 0.481798
vt 0.343358 0.009650
vt 0.312230 0.481798
vt 0.312230 0.009650
vt 0.281102 0.481798
vt 0.281103 0.009650
vt 0.249975 0.481798
vt 0.249975 0.009650
vt 0.218848 0.481798
vt 0.218848 0.009650
vt 0.187720 0.481798
vt 0.187720 0.009650
vt 0.156592 0.481798
vt 0.156593 0.009649
vt 0.125465 0.481798
vt 0.125465 0.009650
vt 0.561020 0.495401
vt 0.530352 0.495401
vt 0.764490 0.653929
vt 0.756979 0.654796
vt 0.751394 0.626732
vt 0.758665 0.624657
vt 0.374755 0.002579
vt 0.405343 0.002579
vt 0.499266 0.002579
vt 0.529853 0.002579
vt 0.343628 0.002579
vt 0.374215 0.002579
vt 0.468138 0.002579
vt 0.498725 0.002579
vt 0.187990 0.002579
vt 0.218578 0.002579
vt 0.592648 0.002579
vt 0.623235 0.002579
vt 0.312500 0.002579
vt 0.343088 0.002579
vt 0.437011 0.002579
vt 0.467598 0.002579
vt 0.125735 0.002579
vt 0.156323 0.002579
vt 0.561521 0.002579
vt 0.592108 0.002579
vt 0.250245 0.002579
vt 0.280833 0.002579
vt 0.405883 0.002579
vt 0.436470 0.002579
vt 0.490945 0.934518
vt 0.461534 0.929439
vt 0.463424 0.922118
vt 0.491620 0.926988
vt 0.530393 0.002579
vt 0.560980 0.002579
vt 0.602465 0.921395
vt 0.573823 0.929788
vt 0.572295 0.922383
vt 0.599755 0.914337
vt 0.446759 0.888986
vt 0.424322 0.879525
vt 0.430032 0.867885
vt 0.451108 0.876772
vt 0.403108 0.867573
vt 0.410105 0.856658
vt 0.383390 0.853285
vt 0.391584 0.843237
vt 0.365427 0.836846
vt 0.374710 0.827795
vt 0.349450 0.818470
vt 0.359703 0.810535
vt 0.335667 0.798396
vt 0.346756 0.791679
vt 0.324258 0.776884
vt 0.336039 0.771472
vt 0.315370 0.754214
vt 0.327690 0.750178
vt 0.309119 0.730681
vt 0.321819 0.728072
vt 0.566737 0.895833
vt 0.542742 0.899977
vt 0.541267 0.887096
vt 0.563806 0.883204
vt 0.518432 0.901365
vt 0.518432 0.888400
vt 0.494121 0.899977
vt 0.495596 0.887096
vt 0.281373 0.002579
vt 0.311960 0.002579
vt 0.470127 0.895833
vt 0.473057 0.883204
vt 0.625013 0.903614
vt 0.598647 0.914732
vt 0.593908 0.900073
vt 0.617825 0.889988
vt 0.388966 0.890721
vt 0.365796 0.873931
vt 0.375878 0.862282
vt 0.396896 0.877513
vt 0.366707 0.874673
vt 0.345598 0.855356
vt 0.356939 0.844930
vt 0.376088 0.862454
vt 0.346418 0.856198
vt 0.327644 0.834605
vt 0.340098 0.825537
vt 0.357129 0.845125
vt 0.328363 0.835534
vt 0.312167 0.811945
vt 0.325572 0.804353
vt 0.340264 0.825752
vt 0.312776 0.812950
vt 0.299369 0.787672
vt 0.313550 0.781654
vt 0.325713 0.804586
vt 0.299859 0.788740
vt 0.289415 0.762100
vt 0.304189 0.757735
vt 0.313664 0.781901
vt 0.569254 0.907281
vt 0.594164 0.899982
vt 0.289781 0.763217
vt 0.282436 0.735562
vt 0.297610 0.732906
vt 0.304274 0.757993
vt 0.573440 0.922118
vt 0.545244 0.926988
vt 0.543941 0.911637
vt 0.569519 0.907220
vt 0.546412 0.926854
vt 0.517844 0.928484
vt 0.518296 0.913086
vt 0.544211 0.911607
vt 0.519020 0.928484
vt 0.490452 0.926854
vt 0.492653 0.911607
vt 0.518568 0.913086
vt 0.590104 0.888986
vt 0.585756 0.876772
vt 0.467345 0.907220
vt 0.492923 0.911637
vt 0.464568 0.922384
vt 0.437109 0.914338
vt 0.442700 0.899982
vt 0.467609 0.907281
vt 0.438216 0.914732
vt 0.411851 0.903614
vt 0.419038 0.889988
vt 0.442956 0.900074
vt 0.412906 0.904132
vt 0.387977 0.890087
vt 0.396667 0.877367
vt 0.419282 0.890108
vt 0.612541 0.879525
vt 0.606831 0.867885
vt 0.293069 0.792064
vt 0.282175 0.764277
vt 0.156863 0.002579
vt 0.187450 0.002579
vt 0.385043 0.897185
vt 0.360875 0.879671
vt 0.341136 0.861607
vt 0.321553 0.839084
vt 0.575330 0.929439
vt 0.545919 0.934518
vt 0.282656 0.765747
vt 0.274994 0.736901
vt 0.463041 0.929789
vt 0.434399 0.921396
vt 0.628509 0.910318
vt 0.601007 0.921915
vt 0.306408 0.817026
vt 0.292423 0.790658
vt 0.519206 0.936043
vt 0.489408 0.934342
vt 0.409744 0.911000
vt 0.383741 0.896349
vt 0.219118 0.002579
vt 0.249705 0.002579
vt 0.322500 0.840307
vt 0.305606 0.815702
vt 0.547456 0.934342
vt 0.517658 0.936043
vt 0.435856 0.921915
vt 0.408355 0.910318
vt 0.252674 0.545122
vt 0.278403 0.545122
vt 0.278097 0.552793
vt 0.252980 0.552793
vt 0.280873 0.495401
vt 0.250205 0.495401
vt 0.405383 0.495401
vt 0.374715 0.495401
vt 0.529893 0.495401
vt 0.499225 0.495401
vt 0.249745 0.495401
vt 0.219077 0.495401
vt 0.374255 0.495401
vt 0.343587 0.495401
vt 0.498765 0.495401
vt 0.468097 0.495401
vt 0.218618 0.495401
vt 0.187950 0.495401
vt 0.623275 0.495401
vt 0.592608 0.495401
vt 0.343128 0.495401
vt 0.312460 0.495401
vt 0.467638 0.495401
vt 0.436970 0.495401
vt 0.187490 0.495401
vt 0.156822 0.495400
vt 0.592148 0.495401
vt 0.561480 0.495401
vt 0.312000 0.495401
vt 0.281332 0.495401
vt 0.436510 0.495401
vt 0.405842 0.495401
vt 0.156363 0.495401
vt 0.125695 0.495401
vt 0.595383 0.552793
vt 0.620500 0.552793
vt 0.620444 0.559143
vt 0.595439 0.559143
vt 0.501694 0.545122
vt 0.527424 0.545122
vt 0.527117 0.552793
vt 0.502001 0.552793
vt 0.159292 0.545122
vt 0.185021 0.545122
vt 0.184714 0.552793
vt 0.159598 0.552793
vt 0.595077 0.545122
vt 0.620806 0.545122
vt 0.439439 0.545122
vt 0.465168 0.545122
vt 0.464862 0.552793
vt 0.439746 0.552793
vt 0.532822 0.545122
vt 0.558551 0.545122
vt 0.558245 0.552793
vt 0.533128 0.552793
vt 0.190419 0.545122
vt 0.216148 0.545122
vt 0.215842 0.552793
vt 0.190725 0.552793
vt 0.283802 0.545122
vt 0.309531 0.545122
vt 0.309225 0.552793
vt 0.284108 0.552793
vt 0.377184 0.545122
vt 0.402913 0.545122
vt 0.402607 0.552793
vt 0.377491 0.552793
vt 0.128164 0.545122
vt 0.153893 0.545122
vt 0.153587 0.552793
vt 0.128470 0.552793
vt 0.563949 0.545122
vt 0.589679 0.545122
vt 0.589372 0.552793
vt 0.564256 0.552793
vt 0.221547 0.545122
vt 0.247276 0.545122
vt 0.246970 0.552793
vt 0.221853 0.552793
vt 0.470567 0.545122
vt 0.501697 0.545195
vt 0.495990 0.552793
vt 0.470873 0.552793
vt 0.314929 0.545122
vt 0.340658 0.545122
vt 0.340352 0.552793
vt 0.315235 0.552793
vt 0.346057 0.545122
vt 0.371786 0.545122
vt 0.371480 0.552793
vt 0.346363 0.552793
vt 0.408312 0.545122
vt 0.439438 0.545123
vt 0.439743 0.552792
vt 0.408618 0.552793
vt 0.253036 0.559143
vt 0.278042 0.559143
vt 0.278145 0.564814
vt 0.252933 0.564814
vt 0.371424 0.559143
vt 0.346418 0.559143
vt 0.464807 0.559143
vt 0.439801 0.559143
vt 0.215787 0.559143
vt 0.190781 0.559143
vt 0.558189 0.559143
vt 0.533184 0.559143
vt 0.309169 0.559143
vt 0.284163 0.559143
vt 0.402552 0.559143
vt 0.377546 0.559143
vt 0.495934 0.559143
vt 0.470928 0.559143
vt 0.153532 0.559143
vt 0.128526 0.559143
vt 0.246914 0.559143
vt 0.221908 0.559143
vt 0.340297 0.559143
vt 0.315291 0.559143
vt 0.184659 0.559143
vt 0.159653 0.559143
vt 0.439798 0.559150
vt 0.408673 0.559143
vt 0.589317 0.559143
vt 0.564311 0.559143
vt 0.527062 0.559143
vt 0.502056 0.559143
vt 0.414517 0.947508
vt 0.439865 0.947961
vt 0.439719 0.958157
vt 0.414298 0.957703
vt 0.464910 0.564814
vt 0.439698 0.564814
vt 0.215890 0.564814
vt 0.190678 0.564814
vt 0.558292 0.564814
vt 0.533081 0.564814
vt 0.309272 0.564814
vt 0.284060 0.564814
vt 0.402655 0.564814
vt 0.377443 0.564814
vt 0.496037 0.564814
vt 0.470825 0.564814
vt 0.153635 0.564814
vt 0.128423 0.564814
vt 0.247017 0.564814
vt 0.221805 0.564814
vt 0.340400 0.564814
vt 0.315188 0.564814
vt 0.184762 0.564814
vt 0.159550 0.564814
vt 0.433782 0.564814
vt 0.408570 0.564814
vt 0.589420 0.564814
vt 0.564208 0.564814
vt 0.527165 0.564814
vt 0.501953 0.564814
vt 0.620547 0.564814
vt 0.595336 0.564814
vt 0.371527 0.564814
vt 0.346315 0.564814
vt 0.237260 0.939271
vt 0.262554 0.940990
vt 0.261898 0.951167
vt 0.236532 0.949443
vt 0.541271 0.947961
vt 0.566620 0.947508
vt 0.566838 0.957704
vt 0.541417 0.958158
vt 0.287859 0.942529
vt 0.287277 0.952710
vt 0.363833 0.946059
vt 0.389172 0.946874
vt 0.388881 0.957068
vt 0.363469 0.956251
vt 0.186712 0.935290
vt 0.211979 0.937371
vt 0.211178 0.947537
vt 0.185839 0.945451
vt 0.591964 0.946874
vt 0.592255 0.957068
vt 0.465216 0.948232
vt 0.465143 0.958430
vt 0.490568 0.948323
vt 0.515920 0.948232
vt 0.515993 0.958430
vt 0.490568 0.958521
vt 0.338500 0.945063
vt 0.338063 0.955252
vt 0.313175 0.943886
vt 0.312665 0.954071
vt 0.313291 0.942913
vt 0.338475 0.944083
vt 0.515980 0.947254
vt 0.541190 0.946984
vt 0.237396 0.938300
vt 0.262550 0.940010
vt 0.439946 0.946984
vt 0.465156 0.947254
vt 0.287982 0.941556
vt 0.313157 0.942906
vt 0.363935 0.945084
vt 0.389133 0.945895
vt 0.566665 0.946529
vt 0.591869 0.945899
vt 0.490635 0.947345
vt 0.515846 0.947255
vt 0.541324 0.946982
vt 0.566532 0.946532
vt 0.414604 0.946532
vt 0.439812 0.946982
vt 0.212122 0.936401
vt 0.237263 0.938291
vt 0.338609 0.944089
vt 0.363801 0.945079
vt 0.262683 0.940018
vt 0.287849 0.941548
vt 0.186862 0.934322
vt 0.211989 0.936391
vt 0.465290 0.947255
vt 0.490501 0.947345
vt 0.389267 0.945899
vt 0.414471 0.946529
vt 0.287064 0.954445
vt 0.261899 0.952915
vt 0.236294 0.951175
vt 0.211154 0.949286
vt 0.465018 0.960174
vt 0.439807 0.959904
vt 0.541329 0.959904
vt 0.516119 0.960174
vt 0.261674 0.952901
vt 0.236520 0.951191
vt 0.439581 0.959901
vt 0.414374 0.959450
vt 0.414148 0.959445
vt 0.388944 0.958815
vt 0.210928 0.949268
vt 0.185802 0.947199
vt 0.566762 0.959450
vt 0.541555 0.959901
vt 0.337876 0.956990
vt 0.312691 0.955820
vt 0.312465 0.955808
vt 0.287290 0.954458
vt 0.592192 0.958815
vt 0.566988 0.959446
vt 0.388718 0.958808
vt 0.363519 0.957998
vt 0.363294 0.957990
vt 0.338101 0.957000
vt 0.490455 0.960265
vt 0.465243 0.960176
vt 0.515893 0.960176
vt 0.490681 0.960266
vt 0.439474 0.960824
vt 0.414448 0.960377
vt 0.566688 0.960377
vt 0.541662 0.960824
vt 0.210762 0.950182
vt 0.185817 0.948128
vt 0.312325 0.956727
vt 0.287331 0.955387
vt 0.592124 0.959742
vt 0.567102 0.960368
vt 0.363166 0.958911
vt 0.338156 0.957928
vt 0.236134 0.952090
vt 0.211175 0.950215
vt 0.490361 0.961190
vt 0.465331 0.961101
vt 0.414034 0.960368
vt 0.389012 0.959742
vt 0.261520 0.953818
vt 0.236548 0.952120
vt 0.541248 0.960830
vt 0.516219 0.961098
vt 0.337742 0.957910
vt 0.312739 0.956748
vt 0.388597 0.959730
vt 0.363581 0.958926
vt 0.515805 0.961101
vt 0.490775 0.961190
vt 0.286917 0.955363
vt 0.261934 0.953844
vt 0.464917 0.961098
vt 0.439888 0.960830
vt 0.362720 0.965022
vt 0.338122 0.964055
vt 0.235469 0.958182
vt 0.210922 0.956337
vt 0.490132 0.967314
vt 0.465516 0.967226
vt 0.413674 0.966485
vt 0.389065 0.965869
vt 0.286340 0.961464
vt 0.261768 0.959970
vt 0.210713 0.966916
vt 0.234095 0.968673
vt 0.233669 0.973558
vt 0.210404 0.971809
vt 0.664047 0.626614
vt 0.675486 0.646007
vt 0.669868 0.649038
vt 0.658677 0.630064
vt 0.312674 0.965205
vt 0.337023 0.966337
vt 0.336503 0.970864
vt 0.312771 0.969761
vt 0.563542 0.573772
vt 0.586204 0.575826
vt 0.585378 0.582224
vt 0.563205 0.580214
vt 0.439158 0.966943
vt 0.414545 0.966504
vt 0.311791 0.962832
vt 0.287209 0.961513
vt 0.440125 0.969284
vt 0.464499 0.969545
vt 0.464141 0.974088
vt 0.440385 0.973833
vt 0.541107 0.966956
vt 0.516491 0.967220
vt 0.542140 0.969268
vt 0.566512 0.968833
vt 0.566284 0.973384
vt 0.542530 0.973808
vt 0.185449 0.956578
vt 0.209742 0.958578
vt 0.209061 0.963083
vt 0.185384 0.961134
vt 0.185403 0.948093
vt 0.184652 0.954174
vt 0.160133 0.951979
vt 0.160474 0.945861
vt 0.491626 0.977876
vt 0.515073 0.977793
vt 0.515033 0.982696
vt 0.491702 0.982779
vt 0.649051 0.609018
vt 0.663648 0.626091
vt 0.658653 0.630042
vt 0.644372 0.613338
vt 0.363835 0.975631
vt 0.387270 0.976385
vt 0.387055 0.981284
vt 0.363736 0.980534
vt 0.517189 0.977777
vt 0.540635 0.977526
vt 0.540630 0.982430
vt 0.517300 0.982680
vt 0.261711 0.970550
vt 0.285115 0.971973
vt 0.284759 0.976864
vt 0.261471 0.975448
vt 0.686070 0.718185
vt 0.679749 0.741146
vt 0.673312 0.739107
vt 0.679497 0.716642
vt 0.440501 0.977526
vt 0.463947 0.977777
vt 0.463836 0.982680
vt 0.440506 0.982430
vt 0.542751 0.977496
vt 0.566195 0.977077
vt 0.566224 0.981981
vt 0.542897 0.982397
vt 0.667961 0.764188
vt 0.652917 0.782793
vt 0.647809 0.778330
vt 0.662528 0.760127
vt 0.312755 0.973456
vt 0.336177 0.974544
vt 0.335891 0.979439
vt 0.312585 0.978356
vt 0.568311 0.977032
vt 0.591751 0.976446
vt 0.591815 0.981349
vt 0.568491 0.981932
vt 0.338291 0.974635
vt 0.361720 0.975556
vt 0.361470 0.980453
vt 0.338156 0.979536
vt 0.236206 0.968824
vt 0.259599 0.970414
vt 0.259208 0.975302
vt 0.235931 0.973720
vt 0.466063 0.977792
vt 0.489510 0.977876
vt 0.489434 0.982779
vt 0.466103 0.982696
vt 0.389386 0.976445
vt 0.412825 0.977032
vt 0.412645 0.981932
vt 0.389321 0.981349
vt 0.587044 0.575921
vt 0.609037 0.582329
vt 0.606984 0.588491
vt 0.585466 0.582221
vt 0.647714 0.778418
vt 0.629610 0.793194
vt 0.627910 0.790726
vt 0.645636 0.776258
vt 0.627184 0.599224
vt 0.644363 0.613289
vt 0.642386 0.615338
vt 0.625566 0.601567
vt 0.673274 0.739230
vt 0.662593 0.760018
vt 0.660047 0.758436
vt 0.670505 0.738082
vt 0.676561 0.716086
vt 0.608664 0.804161
vt 0.586316 0.810667
vt 0.585718 0.807743
vt 0.607599 0.801373
vt 0.584889 0.585037
vt 0.563180 0.583069
vt 0.656369 0.631693
vt 0.586222 0.810665
vt 0.563190 0.812726
vt 0.563168 0.809760
vt 0.669973 0.649079
vt 0.677550 0.670401
vt 0.674746 0.671147
vt 0.667326 0.650270
vt 0.605958 0.591176
vt 0.680942 0.693369
vt 0.679504 0.716512
vt 0.677969 0.693427
vt 0.607105 0.588505
vt 0.627131 0.599118
vt 0.629517 0.793264
vt 0.608772 0.804138
vt 0.677620 0.670488
vt 0.680912 0.693244
vt 0.353905 0.787740
vt 0.365947 0.805278
vt 0.343590 0.768372
vt 0.353558 0.787166
vt 0.583336 0.868976
vt 0.602938 0.860711
vt 0.335545 0.747957
vt 0.343310 0.767763
vt 0.562289 0.875183
vt 0.582705 0.869201
vt 0.329875 0.726759
vt 0.335336 0.747320
vt 0.540673 0.878956
vt 0.561636 0.875335
vt 0.518767 0.880244
vt 0.540006 0.879032
vt 0.496857 0.879032
vt 0.518097 0.880244
vt 0.475228 0.875335
vt 0.496191 0.878956
vt 0.454159 0.869201
vt 0.474575 0.875183
vt 0.433925 0.860711
vt 0.453528 0.868977
vt 0.414788 0.849973
vt 0.433323 0.860415
vt 0.396998 0.837128
vt 0.414224 0.849611
vt 0.380784 0.822342
vt 0.396478 0.836704
vt 0.366357 0.805808
vt 0.380316 0.821862
vt 0.152896 0.728665
vt 0.172385 0.724732
vt 0.174702 0.748005
vt 0.159738 0.750983
vt 0.153307 0.921804
vt 0.135071 0.914319
vt 0.145931 0.893816
vt 0.159973 0.899605
vt 0.192276 0.724732
vt 0.189967 0.747976
vt 0.172623 0.925599
vt 0.174866 0.902558
vt 0.190049 0.902534
vt 0.192307 0.925600
vt 0.118621 0.903416
vt 0.104598 0.889503
vt 0.122499 0.874680
vt 0.133277 0.885402
vt 0.093549 0.873107
vt 0.114016 0.862055
vt 0.085905 0.854848
vt 0.108165 0.848012
vt 0.082006 0.835453
vt 0.105124 0.833098
vt 0.081935 0.815691
vt 0.105090 0.817874
vt 0.085718 0.796274
vt 0.108022 0.802931
vt 0.093222 0.777948
vt 0.113815 0.788844
vt 0.104176 0.761420
vt 0.122255 0.776159
vt 0.118162 0.747379
vt 0.132985 0.765332
vt 0.134593 0.736320
vt 0.145652 0.756840
vt 0.146966 0.854476
vt 0.141958 0.847006
vt 0.182400 0.825329
vt 0.138502 0.838701
vt 0.136731 0.829880
vt 0.136715 0.820882
vt 0.138456 0.812053
vt 0.141887 0.803732
vt 0.146877 0.796240
vt 0.153235 0.789864
vt 0.160716 0.784854
vt 0.169033 0.781403
vt 0.177863 0.779644
vt 0.186866 0.779646
vt 0.160815 0.865813
vt 0.153333 0.860826
vt 0.458699 0.856591
vt 0.477558 0.862117
vt 0.439870 0.848699
vt 0.457978 0.856335
vt 0.422062 0.838716
vt 0.439183 0.848362
vt 0.405505 0.826771
vt 0.421417 0.838303
vt 0.390414 0.813021
vt 0.404911 0.826287
vt 0.376985 0.797642
vt 0.389879 0.812472
vt 0.365393 0.780836
vt 0.376516 0.797037
vt 0.355789 0.762820
vt 0.364997 0.780181
vt 0.348296 0.743829
vt 0.355469 0.762125
vt 0.559306 0.862117
vt 0.578164 0.856591
vt 0.343013 0.724108
vt 0.348058 0.743101
vt 0.539195 0.865635
vt 0.558560 0.862290
vt 0.518815 0.866841
vt 0.538434 0.865722
vt 0.498429 0.865722
vt 0.518049 0.866841
vt 0.169124 0.869248
vt 0.478304 0.862290
vt 0.497669 0.865635
vt 0.177943 0.870999
vt 0.615119 0.737680
vt 0.619703 0.721728
vt 0.623932 0.707592
vt 0.581960 0.792953
vt 0.596382 0.783773
vt 0.580266 0.598796
vt 0.563295 0.597536
vt 0.630558 0.639483
vt 0.623427 0.622911
vt 0.563251 0.796167
vt 0.631806 0.675813
vt 0.633843 0.658422
vt 0.595663 0.602432
vt 0.610495 0.753338
vt 0.627439 0.694891
vt 0.611380 0.610609
vt 0.604745 0.769758
vt 0.654633 0.009650
vt 0.654633 0.481798
vt 0.685760 0.009650
vt 0.685760 0.481798
vt 0.716888 0.009650
vt 0.716888 0.481798
vt 0.748015 0.009650
vt 0.748015 0.481798
vt 0.779143 0.009650
vt 0.779143 0.481798
vt 0.810270 0.009650
vt 0.810270 0.481798
vt 0.841398 0.009650
vt 0.841398 0.481798
vt 0.872526 0.009650
vt 0.872525 0.481798
vt 0.903653 0.009650
vt 0.903653 0.481798
vt 0.934781 0.009650
vt 0.934780 0.481798
vt 0.965908 0.009650
vt 0.965908 0.481798
vt 0.997036 0.009650
vt 0.997035 0.481798
vt 0.000955 0.009649
vt 0.032083 0.009649
vt 0.032083 0.481798
vt 0.000955 0.481798
vt 0.063210 0.009649
vt 0.063210 0.481798
vt 0.094338 0.009650
vt 0.094337 0.481798
vt 0.716658 0.495401
vt 0.685990 0.495401
vt 0.841668 0.002580
vt 0.872255 0.002580
vt 0.001225 0.002579
vt 0.031813 0.002579
vt 0.278198 0.624657
vt 0.285468 0.626732
vt 0.279883 0.654796
vt 0.272372 0.653930
vt 0.872796 0.002580
vt 0.903383 0.002580
vt 0.748286 0.002580
vt 0.778873 0.002580
vt 0.623776 0.002579
vt 0.654363 0.002579
vt 0.903923 0.002580
vt 0.934511 0.002580
vt 0.810541 0.002580
vt 0.841128 0.002580
vt 0.094608 0.002579
vt 0.125195 0.002579
vt 0.686031 0.002579
vt 0.716618 0.002579
vt 0.966178 0.002580
vt 0.996765 0.002580
vt 0.730456 0.817025
vt 0.724087 0.812950
vt 0.737494 0.787672
vt 0.744440 0.790658
vt 0.063481 0.002579
vt 0.094068 0.002579
vt 0.651820 0.897184
vt 0.647898 0.890721
vt 0.671067 0.873930
vt 0.675988 0.879671
vt 0.935051 0.002580
vt 0.965638 0.002580
vt 0.721493 0.754214
vt 0.709173 0.750178
vt 0.715044 0.728072
vt 0.727744 0.730680
vt 0.718363 0.705441
vt 0.731277 0.706588
vt 0.719085 0.682580
vt 0.732046 0.682250
vt 0.717202 0.659785
vt 0.730041 0.657983
vt 0.712738 0.637352
vt 0.725288 0.634101
vt 0.311574 0.634101
vt 0.324125 0.637352
vt 0.319661 0.659785
vt 0.306822 0.657983
vt 0.317778 0.682580
vt 0.304817 0.682250
vt 0.318500 0.705441
vt 0.305586 0.706588
vt 0.653473 0.853284
vt 0.645280 0.843236
vt 0.662153 0.827795
vt 0.671437 0.836845
vt 0.677161 0.810535
vt 0.687413 0.818470
vt 0.690107 0.791678
vt 0.701196 0.798396
vt 0.674789 0.880648
vt 0.670157 0.874673
vt 0.691266 0.855356
vt 0.696808 0.860499
vt 0.700824 0.771472
vt 0.712605 0.776884
vt 0.623958 0.904131
vt 0.617581 0.890108
vt 0.640196 0.877366
vt 0.648887 0.890086
vt 0.758238 0.709573
vt 0.742940 0.707761
vt 0.743760 0.681817
vt 0.759142 0.680974
vt 0.759172 0.682148
vt 0.743766 0.682088
vt 0.741629 0.656219
vt 0.756816 0.653632
vt 0.741667 0.656489
vt 0.736601 0.631031
vt 0.300262 0.631031
vt 0.295195 0.656489
vt 0.280047 0.653632
vt 0.295233 0.656219
vt 0.293096 0.682088
vt 0.277691 0.682149
vt 0.277721 0.680974
vt 0.293103 0.681817
vt 0.293923 0.707761
vt 0.278625 0.709573
vt 0.639967 0.877513
vt 0.660986 0.862282
vt 0.278521 0.708403
vt 0.293899 0.707490
vt 0.297665 0.733172
vt 0.282672 0.736713
vt 0.660775 0.862454
vt 0.679924 0.844930
vt 0.690445 0.856198
vt 0.679735 0.845125
vt 0.696766 0.825536
vt 0.709220 0.834604
vt 0.708500 0.835534
vt 0.696599 0.825751
vt 0.711291 0.804353
vt 0.724696 0.811945
vt 0.633756 0.867572
vt 0.626759 0.856658
vt 0.711151 0.804585
vt 0.723313 0.781654
vt 0.737004 0.788739
vt 0.723199 0.781901
vt 0.732674 0.757735
vt 0.747447 0.762100
vt 0.747082 0.763217
vt 0.732589 0.757993
vt 0.739252 0.732906
vt 0.754427 0.735562
vt 0.754191 0.736713
vt 0.739198 0.733172
vt 0.742964 0.707490
vt 0.758342 0.708402
vt 0.654903 0.002579
vt 0.685490 0.002579
vt 0.743794 0.792064
vt 0.754688 0.764277
vt 0.779413 0.002580
vt 0.810000 0.002580
vt 0.766732 0.682142
vt 0.764275 0.652397
vt 0.270975 0.708886
vt 0.275306 0.738417
vt 0.270169 0.680596
vt 0.271112 0.710427
vt 0.765751 0.710427
vt 0.766693 0.680595
vt 0.627120 0.910999
vt 0.653123 0.896349
vt 0.032353 0.002579
vt 0.062940 0.002579
vt 0.272587 0.652397
vt 0.270130 0.682142
vt 0.714364 0.840307
vt 0.731257 0.815702
vt 0.761557 0.738416
vt 0.765888 0.708886
vt 0.717158 0.002579
vt 0.747745 0.002580
vt 0.695728 0.861607
vt 0.715311 0.839084
vt 0.754206 0.765747
vt 0.761868 0.736901
vt 0.994336 0.545123
vt 0.994030 0.552794
vt 0.968913 0.552794
vt 0.968607 0.545123
vt 0.996806 0.495401
vt 0.966138 0.495401
vt 0.872296 0.495401
vt 0.841628 0.495401
vt 0.747786 0.495401
vt 0.717118 0.495401
vt 0.031853 0.495400
vt 0.001185 0.495400
vt 0.903423 0.495401
vt 0.872755 0.495401
vt 0.778913 0.495401
vt 0.748245 0.495401
vt 0.062980 0.495401
vt 0.032312 0.495401
vt 0.654403 0.495401
vt 0.623735 0.495401
vt 0.934551 0.495401
vt 0.903883 0.495401
vt 0.810041 0.495401
vt 0.779373 0.495401
vt 0.094108 0.495401
vt 0.063440 0.495401
vt 0.685530 0.495401
vt 0.654863 0.495401
vt 0.965678 0.495401
vt 0.935010 0.495401
vt 0.841168 0.495401
vt 0.810500 0.495401
vt 0.125235 0.495401
vt 0.094567 0.495401
vt 0.651627 0.552793
vt 0.651572 0.559143
vt 0.626566 0.559143
vt 0.626511 0.552793
vt 0.745316 0.545123
vt 0.745010 0.552794
vt 0.719893 0.552794
vt 0.719587 0.545123
vt 0.097021 0.545161
vt 0.091332 0.552793
vt 0.066215 0.552793
vt 0.065909 0.545122
vt 0.651933 0.545122
vt 0.626204 0.545122
vt 0.807571 0.545123
vt 0.807265 0.552794
vt 0.782148 0.552794
vt 0.781842 0.545123
vt 0.714189 0.545123
vt 0.713882 0.552794
vt 0.688766 0.552794
vt 0.688459 0.545123
vt 0.065912 0.545195
vt 0.066212 0.552793
vt 0.035088 0.552793
vt 0.034782 0.545122
vt 0.963209 0.545123
vt 0.962902 0.552794
vt 0.937786 0.552794
vt 0.937479 0.545123
vt 0.869826 0.545123
vt 0.869520 0.552794
vt 0.844403 0.552794
vt 0.844097 0.545123
vt 0.122766 0.545122
vt 0.122460 0.552793
vt 0.097343 0.552793
vt 0.097037 0.545122
vt 0.683061 0.545123
vt 0.682755 0.552794
vt 0.657638 0.552794
vt 0.657332 0.545122
vt 0.029383 0.545122
vt 0.029077 0.552793
vt 0.003960 0.552793
vt 0.003654 0.545122
vt 0.776444 0.545123
vt 0.776137 0.552794
vt 0.751021 0.552794
vt 0.750714 0.545122
vt 0.932081 0.545123
vt 0.931775 0.552794
vt 0.906658 0.552794
vt 0.906352 0.545123
vt 0.900954 0.545123
vt 0.900647 0.552794
vt 0.875531 0.552794
vt 0.875224 0.545123
vt 0.838699 0.545123
vt 0.838392 0.552794
vt 0.813276 0.552794
vt 0.812969 0.545123
vt 0.993975 0.559143
vt 0.994078 0.564814
vt 0.968866 0.564814
vt 0.968969 0.559143
vt 0.900592 0.559143
vt 0.875586 0.559143
vt 0.807209 0.559143
vt 0.782204 0.559143
vt 0.066282 0.559162
vt 0.035143 0.559143
vt 0.713827 0.559143
vt 0.688821 0.559143
vt 0.962847 0.559143
vt 0.937841 0.559143
vt 0.869464 0.559143
vt 0.844458 0.559143
vt 0.776082 0.559143
vt 0.751076 0.559143
vt 0.122404 0.559143
vt 0.097398 0.559143
vt 0.029022 0.559143
vt 0.004016 0.559143
vt 0.931719 0.559143
vt 0.906714 0.559143
vt 0.091277 0.559143
vt 0.066271 0.559143
vt 0.838337 0.559143
vt 0.813331 0.559143
vt 0.682699 0.559143
vt 0.657693 0.559143
vt 0.744954 0.559143
vt 0.719948 0.559143
vt 0.769158 0.937372
vt 0.769959 0.947538
vt 0.744605 0.949443
vt 0.743877 0.939272
vt 0.807312 0.564814
vt 0.782101 0.564814
vt 0.066154 0.564814
vt 0.035040 0.564814
vt 0.713930 0.564814
vt 0.688718 0.564814
vt 0.962950 0.564814
vt 0.937738 0.564814
vt 0.869567 0.564814
vt 0.844356 0.564814
vt 0.776185 0.564814
vt 0.750973 0.564814
vt 0.122507 0.564814
vt 0.097295 0.564814
vt 0.029125 0.564814
vt 0.003913 0.564814
vt 0.931822 0.564814
vt 0.906611 0.564814
vt 0.091380 0.564814
vt 0.066168 0.564814
vt 0.838440 0.564814
vt 0.813228 0.564814
vt 0.682802 0.564814
vt 0.657591 0.564814
vt 0.745057 0.564814
vt 0.719845 0.564814
vt 0.651675 0.564814
vt 0.626463 0.564814
vt 0.900695 0.564814
vt 0.875483 0.564814
vt 0.136226 0.930588
vt 0.135208 0.940735
vt 0.109919 0.938106
vt 0.111010 0.927967
vt 0.642636 0.945064
vt 0.643073 0.955252
vt 0.617667 0.956251
vt 0.617303 0.946060
vt 0.084649 0.935296
vt 0.085812 0.925165
vt 0.819676 0.933030
vt 0.820622 0.943184
vt 0.795298 0.945452
vt 0.794425 0.935291
vt 0.160515 0.943183
vt 0.161460 0.933029
vt 0.719238 0.951168
vt 0.718583 0.940991
vt 0.693277 0.942529
vt 0.693860 0.952710
vt 0.668471 0.954072
vt 0.667961 0.943887
vt 0.844911 0.930589
vt 0.845929 0.940736
vt 0.870128 0.927967
vt 0.871218 0.938107
vt 0.895325 0.925166
vt 0.896488 0.935297
vt 0.869957 0.927002
vt 0.844880 0.929609
vt 0.667846 0.942913
vt 0.642661 0.944084
vt 0.136257 0.929609
vt 0.111180 0.927002
vt 0.743740 0.938301
vt 0.718587 0.940010
vt 0.895147 0.924202
vt 0.870089 0.926988
vt 0.819519 0.932063
vt 0.794408 0.934311
vt 0.617202 0.945085
vt 0.592003 0.945895
vt 0.693155 0.941557
vt 0.667979 0.942907
vt 0.642527 0.944089
vt 0.617335 0.945080
vt 0.769015 0.936402
vt 0.743874 0.938291
vt 0.161485 0.932050
vt 0.136390 0.929622
vt 0.844747 0.929622
vt 0.819652 0.932050
vt 0.111048 0.926987
vt 0.085990 0.924201
vt 0.186729 0.934310
vt 0.161618 0.932062
vt 0.718453 0.940019
vt 0.693288 0.941549
vt 0.794275 0.934323
vt 0.769148 0.936392
vt 0.109620 0.939829
vt 0.084562 0.937043
vt 0.160240 0.944910
vt 0.135146 0.942483
vt 0.744617 0.951192
vt 0.719463 0.952902
vt 0.668445 0.955820
vt 0.643261 0.956991
vt 0.134921 0.942460
vt 0.109844 0.939853
vt 0.769983 0.949286
vt 0.744842 0.951176
vt 0.795335 0.947200
vt 0.770208 0.949269
vt 0.185577 0.947179
vt 0.160465 0.944931
vt 0.643035 0.957000
vt 0.617843 0.957991
vt 0.871292 0.939854
vt 0.846216 0.942461
vt 0.896575 0.937043
vt 0.871517 0.939829
vt 0.617617 0.957999
vt 0.592418 0.958809
vt 0.820671 0.944932
vt 0.795560 0.947180
vt 0.845991 0.942483
vt 0.820896 0.944911
vt 0.719238 0.952916
vt 0.694072 0.954446
vt 0.693847 0.954459
vt 0.668671 0.955809
vt 0.769961 0.950215
vt 0.745002 0.952091
vt 0.642980 0.957928
vt 0.617970 0.958911
vt 0.896586 0.937972
vt 0.871710 0.940738
vt 0.617555 0.958926
vt 0.592539 0.959731
vt 0.845989 0.943413
vt 0.821076 0.945823
vt 0.160061 0.945822
vt 0.135147 0.943412
vt 0.719203 0.953845
vt 0.694219 0.955364
vt 0.795320 0.948129
vt 0.770375 0.950183
vt 0.134735 0.943371
vt 0.109839 0.940782
vt 0.668397 0.956748
vt 0.643394 0.957910
vt 0.871298 0.940783
vt 0.846402 0.943371
vt 0.820663 0.945861
vt 0.795733 0.948093
vt 0.693805 0.955387
vt 0.668811 0.956728
vt 0.109427 0.940738
vt 0.084551 0.937972
vt 0.744588 0.952121
vt 0.719617 0.953818
vt 0.632895 0.799151
vt 0.611692 0.810265
vt 0.846374 0.949528
vt 0.821871 0.951899
vt 0.133896 0.949441
vt 0.109411 0.946895
vt 0.719368 0.959970
vt 0.694797 0.961464
vt 0.770214 0.956338
vt 0.745667 0.958183
vt 0.744798 0.958245
vt 0.720238 0.959915
vt 0.897058 0.944082
vt 0.872592 0.946803
vt 0.821004 0.951980
vt 0.796485 0.954175
vt 0.159265 0.951898
vt 0.134763 0.949528
vt 0.795617 0.954250
vt 0.771083 0.956270
vt 0.668475 0.962876
vt 0.643885 0.964019
vt 0.693927 0.961514
vt 0.669345 0.962832
vt 0.108545 0.946802
vt 0.084079 0.944082
vt 0.452160 0.647296
vt 0.458136 0.649681
vt 0.450699 0.670600
vt 0.444560 0.668677
vt 0.643014 0.964056
vt 0.618417 0.965023
vt 0.693909 0.972095
vt 0.694113 0.976994
vt 0.670816 0.978243
vt 0.670495 0.973350
vt 0.897644 0.954647
vt 0.898129 0.959526
vt 0.874940 0.962105
vt 0.874341 0.957238
vt 0.106796 0.957237
vt 0.106197 0.962104
vt 0.083009 0.959526
vt 0.083493 0.954646
vt 0.493796 0.798279
vt 0.497232 0.792465
vt 0.517733 0.803549
vt 0.514750 0.809607
vt 0.562661 0.573788
vt 0.563106 0.580217
vt 0.540991 0.582600
vt 0.540057 0.576222
vt 0.770423 0.966917
vt 0.770733 0.971811
vt 0.747467 0.973559
vt 0.747042 0.968674
vt 0.744931 0.968825
vt 0.745205 0.973721
vt 0.721928 0.975303
vt 0.721538 0.970415
vt 0.442007 0.717550
vt 0.448513 0.716083
vt 0.454425 0.738324
vt 0.448050 0.740282
vt 0.183127 0.964645
vt 0.182632 0.969523
vt 0.159394 0.967442
vt 0.159773 0.962554
vt 0.872236 0.957464
vt 0.872686 0.962347
vt 0.849479 0.964760
vt 0.848915 0.959889
vt 0.617301 0.975632
vt 0.617401 0.980534
vt 0.594082 0.981284
vt 0.593866 0.976385
vt 0.821363 0.962554
vt 0.821743 0.967443
vt 0.798504 0.969524
vt 0.798009 0.964645
vt 0.132222 0.959888
vt 0.131657 0.964759
vt 0.108451 0.962346
vt 0.108901 0.957464
vt 0.795901 0.964827
vt 0.796246 0.969718
vt 0.772993 0.971633
vt 0.772533 0.966751
vt 0.157666 0.962357
vt 0.157136 0.967232
vt 0.133913 0.964985
vt 0.134328 0.960100
vt 0.479353 0.777520
vt 0.481440 0.775401
vt 0.498863 0.789960
vt 0.497148 0.792390
vt 0.499711 0.600237
vt 0.501348 0.602525
vt 0.484953 0.616400
vt 0.482967 0.614408
vt 0.454455 0.738444
vt 0.457206 0.737336
vt 0.467351 0.757579
vt 0.464817 0.759120
vt 0.451417 0.715560
vt 0.517838 0.803578
vt 0.518936 0.800812
vt 0.540667 0.807447
vt 0.540032 0.810355
vt 0.541527 0.585401
vt 0.482983 0.614459
vt 0.471404 0.632599
vt 0.469145 0.631003
vt 0.540125 0.810360
vt 0.563106 0.812722
vt 0.460732 0.650850
vt 0.453451 0.671332
vt 0.540905 0.582607
vt 0.520649 0.591870
vt 0.519581 0.589213
vt 0.464874 0.759228
vt 0.479263 0.777431
vt 0.447263 0.693143
vt 0.450192 0.693222
vt 0.448514 0.715958
vt 0.519464 0.589236
vt 0.499751 0.600119
vt 0.469136 0.631011
vt 0.458235 0.649651
vt 0.450628 0.670673
vt 0.447300 0.693030
vt 0.331936 0.639721
vt 0.327784 0.660586
vt 0.327691 0.661250
vt 0.325939 0.682452
vt 0.603540 0.860415
vt 0.622075 0.849973
vt 0.325922 0.683122
vt 0.326594 0.704385
vt 0.622639 0.849611
vt 0.639866 0.837128
vt 0.326653 0.705053
vt 0.329740 0.726102
vt 0.640385 0.836704
vt 0.656080 0.822342
vt 0.656548 0.821862
vt 0.670506 0.805808
vt 0.670917 0.805278
vt 0.682958 0.787740
vt 0.683305 0.787166
vt 0.693273 0.768372
vt 0.693553 0.767763
vt 0.701318 0.747957
vt 0.701527 0.747320
vt 0.706988 0.726759
vt 0.707123 0.726102
vt 0.710209 0.705053
vt 0.710269 0.704385
vt 0.710941 0.683122
vt 0.710924 0.682452
vt 0.709172 0.661250
vt 0.709079 0.660586
vt 0.704927 0.639722
vt 0.246539 0.747289
vt 0.231707 0.765268
vt 0.219033 0.756788
vt 0.230073 0.736245
vt 0.615446 0.838302
vt 0.631359 0.826771
vt 0.204940 0.750946
vt 0.211753 0.728626
vt 0.204942 0.899565
vt 0.211640 0.921772
vt 0.218978 0.893754
vt 0.229877 0.914249
vt 0.231620 0.885319
vt 0.246310 0.903309
vt 0.242380 0.874579
vt 0.260303 0.889368
vt 0.250843 0.861943
vt 0.271313 0.872958
vt 0.256682 0.847895
vt 0.278915 0.854709
vt 0.259670 0.832973
vt 0.282813 0.835321
vt 0.259689 0.817751
vt 0.282853 0.815538
vt 0.256738 0.802813
vt 0.279032 0.796121
vt 0.250926 0.788734
vt 0.271494 0.777816
vt 0.242475 0.776056
vt 0.260524 0.761327
vt 0.211525 0.860776
vt 0.217881 0.854416
vt 0.222877 0.846938
vt 0.597681 0.848362
vt 0.614802 0.838715
vt 0.226319 0.838629
vt 0.228075 0.829806
vt 0.228076 0.820809
vt 0.226321 0.811984
vt 0.222878 0.803669
vt 0.217876 0.796185
vt 0.211509 0.789822
vt 0.204020 0.784825
vt 0.195699 0.781388
vt 0.195749 0.869221
vt 0.204052 0.865774
vt 0.688805 0.743101
vt 0.693850 0.724109
vt 0.694004 0.723358
vt 0.696856 0.703915
vt 0.696923 0.703152
vt 0.697544 0.683510
vt 0.697524 0.682745
vt 0.695906 0.663160
vt 0.695800 0.662402
vt 0.691964 0.643128
vt 0.344898 0.643128
vt 0.341063 0.662402
vt 0.340956 0.663160
vt 0.339339 0.682745
vt 0.339319 0.683510
vt 0.339940 0.703152
vt 0.340008 0.703915
vt 0.342859 0.723358
vt 0.631952 0.826287
vt 0.646450 0.813020
vt 0.646984 0.812472
vt 0.659878 0.797642
vt 0.660347 0.797037
vt 0.671470 0.780836
vt 0.671867 0.780181
vt 0.681075 0.762820
vt 0.186933 0.870985
vt 0.681394 0.762125
vt 0.688567 0.743829
vt 0.507627 0.721445
vt 0.512072 0.737328
vt 0.503506 0.707391
vt 0.530312 0.783402
vt 0.544597 0.792730
vt 0.546354 0.599054
vt 0.503757 0.623658
vt 0.496908 0.640118
vt 0.493755 0.658815
vt 0.495802 0.675951
vt 0.531077 0.602908
vt 0.516552 0.752944
vt 0.500068 0.694791
vt 0.515552 0.611270
vt 0.522126 0.769346
vt 0.621550 0.694628
vt 0.625540 0.676647
vt 0.505893 0.694538
vt 0.509119 0.706396
vt 0.546433 0.786830
vt 0.563287 0.790086
vt 0.600638 0.765372
vt 0.605869 0.749898
vt 0.502820 0.642959
vt 0.499987 0.660435
vt 0.501991 0.676772
vt 0.618084 0.626709
vt 0.607153 0.615318
vt 0.517066 0.734780
vt 0.521186 0.749558
vt 0.614353 0.719955
vt 0.618281 0.706568
vt 0.526257 0.765016
vt 0.533608 0.778137
vt 0.578824 0.604242
vt 0.563337 0.603073
vt 0.592694 0.607637
vt 0.519817 0.615889
vt 0.509090 0.627366
vt 0.610115 0.735082
vt 0.512951 0.719715
vt 0.580190 0.787024
vt 0.593134 0.778458
vt 0.624605 0.642401
vt 0.547869 0.604467
vt 0.534112 0.608047
vt 0.627529 0.660082
vt 0.897195 0.946408
vt 0.897391 0.950961
vt 0.873778 0.953586
vt 0.872969 0.949102
vt 0.539187 0.816989
vt 0.562676 0.819403
vt 0.184324 0.956481
vt 0.183611 0.960981
vt 0.159948 0.958863
vt 0.160046 0.954307
vt 0.871726 0.946896
vt 0.847241 0.949441
vt 0.642985 0.966386
vt 0.642855 0.970940
vt 0.619116 0.971873
vt 0.618629 0.967343
vt 0.515630 0.809930
vt 0.538315 0.816857
vt 0.770268 0.958668
vt 0.770301 0.963224
vt 0.746610 0.965004
vt 0.745962 0.960494
vt 0.495793 0.595232
vt 0.478678 0.609716
vt 0.744835 0.960575
vt 0.744835 0.965131
vt 0.721132 0.966743
vt 0.720516 0.962228
vt 0.448354 0.741216
vt 0.458945 0.762348
vt 0.108168 0.949102
vt 0.107359 0.953586
vt 0.083747 0.950960
vt 0.083942 0.946408
vt 0.474851 0.782509
vt 0.493039 0.797707
vt 0.693931 0.963844
vt 0.693866 0.968400
vt 0.670142 0.969673
vt 0.669591 0.965149
vt 0.440643 0.693253
vt 0.441921 0.716573
vt 0.821091 0.954308
vt 0.821189 0.958864
vt 0.797526 0.960982
vt 0.796813 0.956482
vt 0.846809 0.960100
vt 0.847223 0.964986
vt 0.824001 0.967233
vt 0.823471 0.962358
vt 0.871846 0.949223
vt 0.872009 0.953777
vt 0.848379 0.956233
vt 0.847601 0.951743
vt 0.463859 0.627649
vt 0.452718 0.646701
vt 0.668462 0.965206
vt 0.668365 0.969762
vt 0.644633 0.970864
vt 0.644114 0.966337
vt 0.133535 0.951743
vt 0.132758 0.956233
vt 0.109128 0.953776
vt 0.109291 0.949222
vt 0.459445 0.763194
vt 0.474151 0.781798
vt 0.795687 0.956579
vt 0.795753 0.961135
vt 0.772075 0.963085
vt 0.771395 0.958579
vt 0.539227 0.576360
vt 0.517433 0.583112
vt 0.719389 0.962300
vt 0.719356 0.966857
vt 0.695643 0.968298
vt 0.695058 0.963780
vt 0.642845 0.974635
vt 0.642980 0.979537
vt 0.619667 0.980453
vt 0.619416 0.975556
vt 0.158921 0.954203
vt 0.158176 0.958698
vt 0.134529 0.956410
vt 0.134659 0.951855
vt 0.516530 0.583408
vt 0.496382 0.594531
vt 0.846477 0.951856
vt 0.846608 0.956411
vt 0.822961 0.958699
vt 0.822215 0.954204
vt 0.444191 0.669462
vt 0.440790 0.692313
vt 0.617500 0.967383
vt 0.617337 0.971937
vt 0.593592 0.972701
vt 0.593138 0.968167
vt 0.668381 0.973456
vt 0.668551 0.978357
vt 0.645245 0.979440
vt 0.644959 0.974544
vt 0.287205 0.963844
vt 0.311546 0.965149
vt 0.310994 0.969672
vt 0.287270 0.968400
vt 0.719426 0.970551
vt 0.719665 0.975448
vt 0.696377 0.976864
vt 0.696022 0.971974
vt 0.210868 0.958667
vt 0.235175 0.960493
vt 0.234526 0.965004
vt 0.210835 0.963223
vt 0.609957 0.582589
vt 0.630426 0.593436
vt 0.567641 0.968808
vt 0.592008 0.968199
vt 0.591813 0.972752
vt 0.568063 0.973346
vt 0.414941 0.977077
vt 0.438385 0.977496
vt 0.438239 0.982397
vt 0.414912 0.981980
vt 0.414624 0.968832
vt 0.438996 0.969268
vt 0.438606 0.973808
vt 0.414852 0.973383
vt 0.679411 0.742093
vt 0.668494 0.763341
vt 0.465628 0.969553
vt 0.490003 0.969640
vt 0.489678 0.974185
vt 0.465921 0.974100
vt 0.687659 0.693530
vt 0.686189 0.717184
vt 0.261748 0.962300
vt 0.286078 0.963779
vt 0.285494 0.968298
vt 0.261780 0.966856
vt 0.185236 0.964826
vt 0.208604 0.966750
vt 0.208143 0.971632
vt 0.184891 0.969717
vt 0.491133 0.969640
vt 0.515508 0.969553
vt 0.515215 0.974101
vt 0.491458 0.974185
vt 0.652192 0.783497
vt 0.633688 0.798600
vt 0.363636 0.967383
vt 0.387999 0.968167
vt 0.387544 0.972700
vt 0.363799 0.971937
vt 0.631067 0.594095
vt 0.648625 0.608470
vt 0.338151 0.966385
vt 0.362507 0.967343
vt 0.362020 0.971873
vt 0.338281 0.970940
vt 0.684173 0.669284
vt 0.687538 0.692542
vt 0.516637 0.969545
vt 0.541011 0.969284
vt 0.540751 0.973833
vt 0.516995 0.974088
vt 0.610794 0.810561
vt 0.587953 0.817210
vt 0.236301 0.960574
vt 0.260620 0.962227
vt 0.260004 0.966742
vt 0.236301 0.965131
vt 0.676063 0.646649
vt 0.683808 0.668442
vt 0.389128 0.968199
vt 0.413495 0.968808
vt 0.413073 0.973345
vt 0.389323 0.972751
vt 0.478345 0.610269
vt 0.464202 0.627179
vt 0.464645 0.967220
vt 0.440029 0.966956
vt 0.515620 0.967226
vt 0.491004 0.967314
vt 0.210053 0.956269
vt 0.185520 0.954249
vt 0.260899 0.959914
vt 0.236339 0.958244
vt 0.337251 0.964018
vt 0.312661 0.962875
vt 0.388194 0.965845
vt 0.363590 0.965053
vt 0.566591 0.966504
vt 0.541978 0.966943
vt 0.617546 0.965054
vt 0.592942 0.965845
vt 0.512899 0.684050
vt 0.525991 0.683731
vt 0.534078 0.689139
vt 0.530765 0.695453
vt 0.614490 0.684073
vt 0.596497 0.695486
vt 0.593173 0.689144
vt 0.601293 0.683714
vt 0.514287 0.681434
vt 0.540940 0.700208
vt 0.543257 0.693171
vt 0.595120 0.612740
vt 0.604624 0.619165
vt 0.600414 0.624504
vt 0.592122 0.619169
vt 0.506498 0.662832
vt 0.506921 0.644733
vt 0.512435 0.646158
vt 0.512246 0.661684
vt 0.620930 0.662536
vt 0.617630 0.672706
vt 0.612393 0.669784
vt 0.615233 0.661411
vt 0.563355 0.604844
vt 0.580028 0.607046
vt 0.578381 0.614241
vt 0.563402 0.612382
vt 0.522387 0.619675
vt 0.531782 0.613154
vt 0.534842 0.619523
vt 0.526635 0.624943
vt 0.509798 0.672878
vt 0.514994 0.669975
vt 0.546713 0.607280
vt 0.548460 0.614437
vt 0.613085 0.681424
vt 0.608116 0.676912
vt 0.586281 0.700245
vt 0.575158 0.703182
vt 0.573972 0.695686
vt 0.583964 0.693184
vt 0.614352 0.630500
vt 0.609285 0.634210
vt 0.621156 0.662555
vt 0.620766 0.644170
vt 0.563591 0.704175
vt 0.563597 0.696558
vt 0.519202 0.676981
vt 0.614571 0.630356
vt 0.604775 0.618998
vt 0.620481 0.644234
vt 0.614830 0.645742
vt 0.552034 0.703158
vt 0.553229 0.695676
vt 0.512835 0.631091
vt 0.517885 0.634713
vt 0.506636 0.644683
vt 0.506278 0.662859
vt 0.522230 0.619515
vt 0.512606 0.630955
vt 0.310641 0.973350
vt 0.287228 0.972094
vt 0.587073 0.817311
vt 0.563533 0.819417
vt 0.567462 0.966485
vt 0.592071 0.965870
vt 0.310165 0.979287
vt 0.287066 0.978048
vt 0.287023 0.976993
vt 0.310321 0.978243
vt 0.591742 0.982402
vt 0.568617 0.982980
vt 0.361329 0.981499
vt 0.338215 0.980590
vt 0.489331 0.983829
vt 0.466199 0.983747
vt 0.540541 0.983481
vt 0.517411 0.983729
vt 0.386921 0.982331
vt 0.363802 0.981587
vt 0.514937 0.983747
vt 0.491805 0.983829
vt 0.284596 0.977907
vt 0.261507 0.976503
vt 0.438120 0.983446
vt 0.414993 0.983033
vt 0.207958 0.972671
vt 0.184904 0.970772
vt 0.233491 0.974598
vt 0.210424 0.972865
vt 0.259037 0.976344
vt 0.235959 0.974775
vt 0.463725 0.983729
vt 0.440595 0.983481
vt 0.566143 0.983033
vt 0.543016 0.983446
vt 0.412519 0.982980
vt 0.389395 0.982401
vt 0.335743 0.980484
vt 0.312636 0.979410
vt 0.898145 0.960582
vt 0.875156 0.963138
vt 0.617335 0.981588
vt 0.594215 0.982331
vt 0.847225 0.966042
vt 0.824201 0.968269
vt 0.719629 0.976504
vt 0.696540 0.977907
vt 0.668500 0.979411
vt 0.645393 0.980485
vt 0.821737 0.968499
vt 0.798698 0.970561
vt 0.694070 0.978049
vt 0.670972 0.979287
vt 0.105982 0.963137
vt 0.082992 0.960581
vt 0.770712 0.972866
vt 0.747645 0.974599
vt 0.182439 0.970561
vt 0.159400 0.968498
vt 0.156936 0.968268
vt 0.133912 0.966041
vt 0.131449 0.965794
vt 0.108442 0.963402
vt 0.745177 0.974776
vt 0.722099 0.976344
vt 0.642921 0.980591
vt 0.619808 0.981499
vt 0.796232 0.970773
vt 0.773179 0.972672
vt 0.872695 0.963403
vt 0.849687 0.965795
vt 0.580094 0.606763
vt 0.563349 0.604548
vt 0.546636 0.607002
vt 0.531675 0.612950
vt 0.595218 0.612534
vt 0.509623 0.672955
vt 0.617817 0.672784
vt 0.613163 0.681437
vt 0.514210 0.681448
vt 0.551064 0.717551
vt 0.563568 0.718932
vt 0.576087 0.717602
vt 0.587554 0.713705
vt 0.539639 0.713619
vt 0.536021 0.751803
vt 0.548324 0.758541
vt 0.578576 0.758674
vt 0.590962 0.752026
vt 0.563434 0.760997
vt 0.538353 0.727063
vt 0.525713 0.723585
vt 0.588786 0.727198
vt 0.601496 0.723775
vt 0.599033 0.709604
vt 0.528220 0.709493
vt 0.550097 0.731982
vt 0.576987 0.732060
vt 0.563531 0.733737
vt 0.563555 0.646053
vt 0.563583 0.662386
vt 0.563592 0.670285
vt 0.563597 0.677649
vt 0.563599 0.684086
vt 0.563599 0.689378
vt 0.563598 0.693314
vt 0.563517 0.634569
vt 0.563473 0.624538
vt 0.563443 0.619377
vt 0.433900 0.927507
vt 0.405716 0.915623
vt 0.548163 0.940225
vt 0.517625 0.941968
vt 0.381873 0.902190
vt 0.357105 0.884242
vt 0.490303 0.940408
vt 0.460162 0.935203
vt 0.604483 0.926966
vt 0.575130 0.935567
vt 0.576702 0.935203
vt 0.546561 0.940408
vt 0.461734 0.935567
vt 0.432381 0.926966
vt 0.317834 0.843960
vt 0.300521 0.818744
vt 0.407164 0.916333
vt 0.380515 0.901320
vt 0.519239 0.941968
vt 0.488701 0.940225
vt 0.631148 0.915623
vt 0.602964 0.927507
vt 0.287699 0.794567
vt 0.276534 0.766090
vt 0.340056 0.860500
vt 0.362074 0.880649
vt 0.358355 0.885261
vt 0.335790 0.864612
vt 0.301357 0.820123
vt 0.287025 0.793102
vt 0.277036 0.767623
vt 0.269184 0.738061
vt 0.336916 0.865767
vt 0.316847 0.842684
vt 0.767678 0.738061
vt 0.759826 0.767623
vt 0.720016 0.842684
vt 0.699947 0.865766
vt 0.772615 0.680412
vt 0.771649 0.710984
vt 0.749838 0.793101
vt 0.735506 0.820123
vt 0.679758 0.884242
vt 0.654990 0.902190
vt 0.701073 0.864612
vt 0.678508 0.885261
vt 0.760329 0.766090
vt 0.749164 0.794567
vt 0.266500 0.653139
vt 0.272470 0.623140
vt 0.771792 0.709377
vt 0.767354 0.739641
vt 0.736342 0.818744
vt 0.719029 0.843960
vt 0.656348 0.901319
vt 0.629699 0.916333
vt 0.265214 0.710984
vt 0.264247 0.680412
vt 0.770138 0.651541
vt 0.772656 0.682024
vt 0.264206 0.682025
vt 0.266725 0.651541
vt 0.269509 0.739641
vt 0.265071 0.709378
vt 0.764392 0.623140
vt 0.770362 0.653138
vt 0.596993 0.848699
vt 0.578886 0.856334
vt 0.578454 0.855030
vt 0.596360 0.847480
vt 0.559025 0.860772
vt 0.577674 0.855308
vt 0.539070 0.864267
vt 0.558219 0.860959
vt 0.518846 0.865468
vt 0.538247 0.864361
vt 0.498617 0.864361
vt 0.518018 0.865468
vt 0.478645 0.860959
vt 0.497794 0.864267
vt 0.459189 0.855308
vt 0.477838 0.860772
vt 0.440503 0.847480
vt 0.458409 0.855030
vt 0.422829 0.837576
vt 0.439760 0.847115
vt 0.406397 0.825726
vt 0.422132 0.837130
vt 0.391419 0.812084
vt 0.405755 0.825203
vt 0.378090 0.796826
vt 0.390841 0.811491
vt 0.366584 0.780151
vt 0.377583 0.796172
vt 0.357050 0.762275
vt 0.366155 0.779443
vt 0.349611 0.743431
vt 0.356704 0.761523
vt 0.344365 0.723862
vt 0.349353 0.742644
vt 0.597104 0.847115
vt 0.614034 0.837576
vt 0.614731 0.837129
vt 0.630467 0.825726
vt 0.631109 0.825203
vt 0.645445 0.812084
vt 0.646023 0.811491
vt 0.658773 0.796826
vt 0.659280 0.796171
vt 0.670279 0.780151
vt 0.670708 0.779443
vt 0.679814 0.762275
vt 0.680159 0.761523
vt 0.687252 0.743431
vt 0.687510 0.742644
vt 0.692499 0.723863
vt 0.692665 0.723052
vt 0.695485 0.703824
vt 0.695558 0.703000
vt 0.696172 0.683577
vt 0.696150 0.682749
vt 0.694551 0.663382
vt 0.694435 0.662562
vt 0.690642 0.643503
vt 0.346220 0.643502
vt 0.342427 0.662562
vt 0.342312 0.663382
vt 0.340712 0.682749
vt 0.340691 0.683576
vt 0.341305 0.703000
vt 0.341378 0.703824
vt 0.344198 0.723051
vt 0.840041 0.519712
vt 0.811627 0.519712
vt 0.902296 0.519712
vt 0.873882 0.519712
vt 0.933423 0.519712
vt 0.905010 0.519712
vt 0.777786 0.519712
vt 0.749372 0.519712
vt 0.030725 0.519711
vt 0.002312 0.519712
vt 0.684403 0.519712
vt 0.655990 0.519712
vt 0.124108 0.519712
vt 0.095695 0.519712
vt 0.871168 0.519712
vt 0.842755 0.519712
vt 0.964551 0.519712
vt 0.936137 0.519712
vt 0.061853 0.519711
vt 0.033439 0.519711
vt 0.715531 0.519712
vt 0.687117 0.519712
vt 0.808913 0.519712
vt 0.780500 0.519712
vt 0.653276 0.519712
vt 0.624862 0.519712
vt 0.095691 0.519712
vt 0.064567 0.519711
vt 0.746658 0.519712
vt 0.718245 0.519712
vt 0.995678 0.519712
vt 0.967265 0.519712
vt 0.406970 0.519712
vt 0.437921 0.519789
vt 0.344715 0.519712
vt 0.373128 0.519712
vt 0.313587 0.519712
vt 0.342001 0.519712
vt 0.469225 0.519712
vt 0.500324 0.519742
vt 0.220205 0.519712
vt 0.248618 0.519712
vt 0.562607 0.519712
vt 0.591021 0.519712
vt 0.126822 0.519712
vt 0.157908 0.519731
vt 0.375842 0.519712
vt 0.404256 0.519712
vt 0.282460 0.519712
vt 0.310873 0.519712
vt 0.189077 0.519711
vt 0.217491 0.519711
vt 0.531480 0.519712
vt 0.559893 0.519712
vt 0.438097 0.519712
vt 0.466511 0.519712
vt 0.593735 0.519712
vt 0.622148 0.519712
vt 0.157950 0.519712
vt 0.189088 0.519699
vt 0.500352 0.519712
vt 0.528766 0.519712
vt 0.251332 0.519712
vt 0.279746 0.519712
vt 0.860515 0.776001
vt 0.860579 0.774586
vt 0.866043 0.774879
vt 0.865993 0.776293
vt 0.822065 0.772398
vt 0.822230 0.770976
vt 0.827715 0.771659
vt 0.827565 0.773080
vt 0.887850 0.776912
vt 0.887844 0.775506
vt 0.893273 0.775527
vt 0.893297 0.776929
vt 0.833199 0.772286
vt 0.833063 0.773706
vt 0.849544 0.775250
vt 0.849637 0.773832
vt 0.855110 0.774236
vt 0.855031 0.775653
vt 0.811066 0.770871
vt 0.811238 0.769460
vt 0.816741 0.770237
vt 0.816564 0.771660
vt 0.898678 0.775473
vt 0.898740 0.776887
vt 0.871502 0.775118
vt 0.871467 0.776530
vt 0.876934 0.776712
vt 0.876956 0.775302
vt 0.882403 0.775431
vt 0.882396 0.776840
vt 0.844053 0.774791
vt 0.844160 0.773372
vt 0.838559 0.774277
vt 0.838681 0.772857
vt 0.936704 0.772833
vt 0.931280 0.773579
vt 0.931114 0.772176
vt 0.936524 0.771431
vt 0.800021 0.769768
vt 0.794510 0.769139
vt 0.794696 0.767700
vt 0.800198 0.768345
vt 0.909585 0.776007
vt 0.904163 0.776476
vt 0.904071 0.775077
vt 0.909475 0.774606
vt 0.789018 0.768472
vt 0.789118 0.767032
vt 0.947547 0.771177
vt 0.942127 0.772033
vt 0.941932 0.770631
vt 0.947338 0.769775
vt 0.805540 0.770345
vt 0.805705 0.768919
vt 0.925856 0.774268
vt 0.925704 0.772866
vt 0.920432 0.774903
vt 0.915008 0.775483
vt 0.914884 0.774081
vt 0.920294 0.773501
vt 0.952966 0.770266
vt 0.952743 0.768861
vt 0.958384 0.769304
vt 0.958169 0.767892
vt 0.963812 0.768438
vt 0.963666 0.767032
vt 0.937359 0.895813
vt 0.930704 0.896411
vt 0.789985 0.893395
vt 0.783255 0.892513
vt 0.924052 0.896942
vt 0.917403 0.897405
vt 0.984060 0.889717
vt 0.977299 0.890808
vt 0.970645 0.891811
vt 0.963988 0.892747
vt 0.944016 0.895148
vt 0.957331 0.893615
vt 0.950673 0.894415
vt 0.910757 0.897802
vt 0.904115 0.898132
vt 0.796732 0.894210
vt 0.776541 0.891565
vt 0.769846 0.890552
vt 0.870774 0.898756
vt 0.877463 0.898764
vt 0.803486 0.894964
vt 0.810237 0.895649
vt 0.884142 0.898706
vt 0.890811 0.898580
vt 0.823729 0.896814
vt 0.830469 0.897295
vt 0.837203 0.897707
vt 0.843932 0.898052
vt 0.864075 0.898681
vt 0.850654 0.898329
vt 0.857369 0.898538
vt 0.897469 0.898389
vt 0.816985 0.896266
s 1
usemtl CanMat
f 1805/1/1 17/2/2 1804/3/3
f 1805/1/1 1806/4/4 17/2/2
f 1803/5/5 1804/3/3 17/2/2
f 1807/6/6 17/2/2 1806/4/4
f 1809/7/7 1808/8/8 17/2/2
f 1809/7/7 17/2/2 1810/9/9
f 1803/5/5 17/2/2 1808/8/8
f 1807/6/6 1810/9/9 17/2/2
f 6/10/10 8/11/11 16/8/11 14/7/10
f 1/12/12 2/13/13 10/4/13 9/1/12
f 7/14/14 6/10/10 14/7/10 15/9/14
f 5/15/15 3/16/16 11/3/16 13/5/15
f 8/11/11 5/15/15 13/5/15 16/8/11
f 2/13/13 4/17/17 12/6/17 10/4/13
f 4/17/17 7/14/14 15/9/14 12/6/17
f 3/16/16 1/12/12 9/1/12 11/3/16
f 1650/18/18 1644/19/18 40/20/18 46/21/18
f 1649/22/18 1646/23/18 1659/24/18 1662/25/18
f 1641/26/19 1651/27/20 1663/28/21 42/29/22
f 1652/30/18 1653/31/18 47/32/18 1667/33/18
f 1654/34/23 1655/35/18 1665/36/18 1664/37/24
f 1656/38/25 1654/34/23 1664/37/24 1666/39/26
f 1651/27/20 1656/38/25 1666/39/26 1663/28/21
f 1647/40/18 1652/30/18 1667/33/18 1660/41/18
f 1643/42/18 1648/43/18 1661/44/18 1658/45/18
f 1640/46/27 1641/26/19 42/29/22 33/47/28
f 1653/31/18 1650/18/18 46/21/18 47/32/18
f 1642/48/18 1643/42/18 1658/45/18 1657/49/18
f 1645/50/18 1640/46/27 33/47/28 39/51/18
f 1644/19/18 1645/50/18 39/51/18 40/20/18
f 1646/23/18 1647/40/18 1660/41/18 1659/24/18
f 1648/43/18 1649/22/18 1662/25/18 1661/44/18
f 1667/33/18 47/32/18 46/21/18 1670/52/18
f 1670/52/18 46/21/18 40/20/18 1671/53/18
f 1677/54/18 1672/55/18 1673/56/18 1676/57/18
f 1671/53/18 40/20/18 1668/58/18 1674/59/18
f 1678/60/18 1669/61/18 1672/55/18 1677/54/18
f 39/51/18 1675/62/18 1668/58/18 40/20/18
f 1674/59/18 1668/58/18 1669/61/18 1678/60/18
f 33/47/28 1679/63/29 1675/62/18 39/51/18
f 42/29/22 1680/64/30 1679/63/29 33/47/28
f 172/36/31 1683/65/31 1682/66/32 43/37/33
f 43/37/33 1682/66/32 1681/67/34 38/39/35
f 38/39/35 1681/67/34 141/68/36 41/28/37
f 41/28/37 141/68/36 42/29/22
f 155/35/38 28/34/39 1735/69/40 1736/70/38
f 28/34/39 23/38/41 1737/71/42 1735/69/40
f 23/38/41 26/27/43 1732/72/44 1737/71/42
f 26/27/43 27/26/45 1722/73/46 1732/72/44
f 27/26/45 18/46/47 1721/74/48 1722/73/46
f 18/46/47 24/50/49 1726/75/50 1721/74/48
f 24/50/49 25/19/51 1725/76/52 1726/75/50
f 25/19/51 31/18/53 1731/77/54 1725/76/52
f 31/18/53 32/31/55 1734/78/56 1731/77/54
f 32/31/55 22/30/57 1733/79/58 1734/78/56
f 22/30/57 29/40/59 1728/80/60 1733/79/58
f 29/40/59 30/23/61 1727/81/62 1728/80/60
f 30/23/61 19/22/63 1730/82/64 1727/81/62
f 19/22/63 20/43/65 1729/83/66 1730/82/64
f 20/43/65 21/42/67 1724/84/68 1729/83/66
f 1724/84/68 21/42/67 145/48/69 1723/85/69
f 53/54/70 182/57/71 1748/86/71 1749/87/72
f 50/53/73 54/59/74 1747/88/75 1746/89/76
f 34/25/77 45/24/78 1740/90/79 1743/91/80
f 36/45/81 35/44/82 1742/92/83 1739/93/84
f 48/52/85 50/53/73 1746/89/76 1745/94/86
f 45/24/78 44/41/87 1741/95/88 1740/90/79
f 54/59/74 56/60/89 1750/96/90 1747/88/75
f 35/44/82 34/25/77 1743/91/80 1742/92/83
f 37/33/91 48/52/85 1745/94/86 1744/97/92
f 162/49/93 36/45/81 1739/93/84 1738/98/93
f 56/60/89 53/54/70 1749/87/72 1750/96/90
f 44/41/87 37/33/91 1744/97/92 1741/95/88
f 55/61/94 51/58/95 1751/99/96 1752/100/97
f 59/101/98 60/102/99 1759/103/100 1758/104/101
f 61/105/102 194/106/103 235/107/104 96/108/105
f 49/62/106 57/63/107 1756/109/108 1755/110/109
f 51/58/95 49/62/106 1755/110/109 1751/99/96
f 58/64/110 59/101/98 1758/104/101 1757/111/111
f 57/63/107 58/64/110 1757/111/111 1756/109/108
f 52/55/112 55/61/94 1752/100/97 1753/112/113
f 60/102/99 61/105/102 96/108/105 1759/103/100
f 181/56/114 52/55/112 1753/112/113 1754/113/114
f 206/70/115 72/69/116 107/114/117 247/115/115
f 77/91/118 82/90/119 117/116/120 112/117/121
f 92/109/122 93/111/123 128/118/124 127/119/125
f 72/69/116 67/71/126 102/120/127 107/121/117
f 81/95/128 80/97/129 115/122/130 116/123/131
f 93/111/123 94/104/132 129/124/133 128/125/124
f 67/71/126 70/72/134 105/126/135 102/127/127
f 79/93/136 78/92/137 113/128/138 114/129/139
f 94/104/132 95/103/140 130/130/141 129/131/133
f 66/79/142 73/80/143 108/132/144 101/133/145
f 80/97/129 83/94/146 118/134/147 115/135/130
f 235/136/104 276/137/148 135/138/149 96/139/105
f 64/83/150 65/84/151 100/140/152 99/141/153
f 83/94/146 84/89/154 119/142/155 118/143/147
f 1761/144/156 135/138/149 134/145/157 1760/146/158
f 71/73/159 62/74/160 97/147/161 106/148/162
f 75/77/163 76/78/164 111/149/165 110/150/166
f 84/89/154 86/88/167 121/151/168 119/152/155
f 65/84/151 196/85/169 237/153/169 100/154/152
f 62/74/160 68/75/170 103/155/171 97/156/161
f 85/87/172 221/86/173 262/157/173 120/158/174
f 68/75/170 69/76/175 104/159/176 103/160/171
f 86/88/167 87/96/177 122/161/178 121/162/168
f 73/80/143 74/81/179 109/163/180 108/164/144
f 87/96/177 85/87/172 120/165/174 122/166/178
f 63/82/181 64/83/150 99/167/153 98/168/182
f 91/100/183 89/99/184 124/169/185 126/170/186
f 69/76/175 75/77/163 110/171/166 104/172/176
f 226/113/187 90/112/188 125/173/189 267/174/187
f 74/81/179 63/82/181 98/175/182 109/176/180
f 212/98/190 79/93/136 114/177/139 253/178/190
f 89/99/184 88/110/191 123/179/192 124/180/185
f 70/72/134 71/73/159 106/181/162 105/182/135
f 82/90/119 81/95/128 116/183/131 117/184/120
f 90/112/188 91/100/183 126/185/186 125/186/189
f 76/78/164 66/79/142 101/187/145 111/188/165
f 78/92/137 77/91/118 112/189/121 113/190/138
f 88/110/191 92/109/122 127/191/125 123/192/192
f 135/138/149 276/137/148 278/193/193 134/145/157
f 134/145/157 278/193/193 1763/194/194 1762/195/195
f 1760/146/158 134/145/157 1762/195/195 1764/196/196
f 96/139/105 135/138/149 1761/144/156 1759/197/100
f 130/198/141 95/197/140 131/144/197 137/199/198
f 132/146/199 138/200/200 137/201/198 131/144/197
f 133/196/201 139/202/202 138/203/200 132/146/199
f 136/195/203 140/204/204 139/205/202 133/196/201
f 280/194/205 288/206/205 140/207/204 136/195/203
f 194/106/103 61/105/102 143/66/206 292/65/207
f 61/105/102 60/102/99 142/67/208 143/66/206
f 142/67/208 60/102/99 59/101/98 141/68/36
f 1680/64/30 42/29/22 141/68/36 59/101/98
f 1693/208/18 176/209/18 169/210/18 1687/211/18
f 1692/212/18 1703/213/18 1700/214/18 1689/215/18
f 1685/216/209 171/217/210 1704/218/211 1694/219/212
f 1695/220/18 1707/221/18 177/222/18 1696/223/18
f 1697/224/213 1705/225/214 1665/226/18 1655/227/18
f 1698/228/215 1706/229/216 1705/225/214 1697/224/213
f 1694/219/212 1704/218/211 1706/229/216 1698/228/215
f 1690/230/18 1701/231/18 1707/221/18 1695/220/18
f 1686/232/18 1699/233/18 1702/234/18 1691/235/18
f 1684/236/217 161/237/218 171/217/210 1685/216/209
f 1696/223/18 177/222/18 176/209/18 1693/208/18
f 1642/238/18 1657/239/18 1699/233/18 1686/232/18
f 1688/240/18 168/241/18 161/237/218 1684/236/217
f 1687/211/18 169/210/18 168/241/18 1688/240/18
f 1689/215/18 1700/214/18 1701/231/18 1690/230/18
f 1691/235/18 1702/234/18 1703/213/18 1692/212/18
f 1707/221/18 1710/242/18 176/209/18 177/222/18
f 1710/242/18 1711/243/18 169/210/18 176/209/18
f 1715/244/18 1676/245/18 1673/246/18 1712/247/18
f 1711/243/18 1713/248/18 1708/249/18 169/210/18
f 1716/250/18 1715/244/18 1712/247/18 1709/251/18
f 168/241/18 169/210/18 1708/249/18 1714/252/18
f 1713/248/18 1716/250/18 1709/251/18 1708/249/18
f 161/237/218 168/241/18 1714/252/18 1717/253/219
f 171/217/210 161/237/218 1717/253/219 1718/254/220
f 172/226/31 173/225/221 1720/255/222 1683/256/31
f 173/225/221 167/229/223 1719/257/224 1720/255/222
f 167/229/223 170/218/225 289/258/226 1719/257/224
f 170/218/225 171/217/210 289/258/226
f 155/227/38 1736/259/38 1778/260/227 156/224/228
f 156/224/228 1778/260/227 1779/261/229 150/228/230
f 150/228/230 1779/261/229 1775/262/231 153/219/232
f 153/219/232 1775/262/231 1766/263/233 154/216/234
f 154/216/234 1766/263/233 1765/264/235 144/236/236
f 144/236/236 1765/264/235 1769/265/237 151/240/238
f 151/240/238 1769/265/237 1768/266/239 152/211/240
f 152/211/240 1768/266/239 1774/267/241 159/208/242
f 159/208/242 1774/267/241 1777/268/243 160/223/244
f 160/223/244 1777/268/243 1776/269/245 149/220/246
f 149/220/246 1776/269/245 1771/270/247 157/230/248
f 157/230/248 1771/270/247 1770/271/249 158/215/250
f 158/215/250 1770/271/249 1773/272/251 146/212/252
f 146/212/252 1773/272/251 1772/273/253 147/235/254
f 147/235/254 1772/273/253 1767/274/255 148/232/256
f 1767/274/255 1723/275/69 145/238/69 148/232/256
f 185/244/257 1789/276/258 1748/277/71 182/245/71
f 180/243/259 1787/278/260 1788/279/261 186/248/262
f 163/213/263 1784/280/264 1781/281/265 175/214/266
f 165/233/267 1780/282/268 1783/283/269 164/234/270
f 178/242/271 1786/284/272 1787/278/260 180/243/259
f 175/214/266 1781/281/265 1782/285/273 174/231/274
f 186/248/262 1788/279/261 1790/286/275 188/250/276
f 164/234/270 1783/283/269 1784/280/264 163/213/263
f 166/221/277 1785/287/278 1786/284/272 178/242/271
f 162/239/93 1738/288/93 1780/282/268 165/233/267
f 188/250/276 1790/286/275 1789/276/258 185/244/257
f 174/231/274 1782/285/273 1785/287/278 166/221/277
f 187/251/279 1792/289/280 1791/290/281 183/249/282
f 191/291/283 1797/292/284 1798/293/285 192/294/286
f 193/295/287 234/296/288 235/297/104 194/298/103
f 179/252/289 1794/299/290 1795/300/291 189/253/292
f 183/249/282 1791/290/281 1794/299/290 179/252/289
f 190/254/293 1796/301/294 1797/292/284 191/291/283
f 189/253/292 1795/300/291 1796/301/294 190/254/293
f 184/247/295 1793/302/296 1792/289/280 187/251/279
f 192/294/286 1798/293/285 234/296/288 193/295/287
f 181/246/114 1754/303/114 1793/302/296 184/247/295
f 206/259/115 247/304/115 248/305/297 207/260/298
f 213/280/299 254/306/300 259/307/301 218/281/302
f 230/300/303 271/308/304 272/309/305 231/301/306
f 207/260/298 248/310/297 242/311/307 201/261/308
f 217/285/309 258/312/310 257/313/311 216/287/312
f 231/301/306 272/314/305 273/315/313 232/292/314
f 201/261/308 242/316/307 245/317/315 204/262/316
f 215/282/317 256/318/318 255/319/319 214/283/320
f 232/292/314 273/320/313 274/321/321 233/293/322
f 200/269/323 241/322/324 249/323/325 208/270/326
f 216/287/312 257/324/311 260/325/327 219/284/328
f 235/326/104 234/327/288 282/328/329 276/329/148
f 198/273/330 239/330/331 240/331/332 199/274/333
f 219/284/328 260/332/327 261/333/334 220/278/335
f 1800/334/336 1799/335/337 281/336/338 282/328/329
f 205/263/339 246/337/340 236/338/341 195/264/342
f 210/267/343 251/339/344 252/340/345 211/268/346
f 220/278/335 261/341/334 264/342/347 223/279/348
f 199/274/333 240/343/332 237/344/169 196/275/169
f 195/264/342 236/345/341 243/346/349 202/265/350
f 222/276/351 263/347/352 262/348/173 221/277/173
f 202/265/350 243/349/349 244/350/353 203/266/354
f 223/279/348 264/351/347 265/352/355 224/286/356
f 208/270/326 249/353/325 250/354/357 209/271/358
f 224/286/356 265/355/355 263/356/352 222/276/351
f 197/272/359 238/357/360 239/358/331 198/273/330
f 229/289/361 270/359/362 268/360/363 227/290/364
f 203/266/354 244/361/353 251/362/344 210/267/343
f 226/303/187 267/363/187 269/364/365 228/302/366
f 209/271/358 250/365/357 238/366/360 197/272/359
f 212/288/190 253/367/190 256/368/318 215/282/317
f 227/290/364 268/369/363 266/370/367 225/299/368
f 204/262/316 245/371/315 246/372/340 205/263/339
f 218/281/302 259/373/301 258/374/310 217/285/309
f 228/302/366 269/375/365 270/376/362 229/289/361
f 211/268/346 252/377/345 241/378/324 200/269/323
f 214/283/320 255/379/319 254/380/300 213/280/299
f 225/299/368 266/381/367 271/382/304 230/300/303
f 282/328/329 281/336/338 278/383/193 276/329/148
f 281/336/338 1801/384/369 1763/385/194 278/383/193
f 1799/335/337 1802/386/370 1801/384/369 281/336/338
f 234/327/288 1798/387/285 1800/334/336 282/328/329
f 274/388/321 284/389/371 275/334/372 233/387/322
f 277/335/373 275/334/372 284/390/371 285/391/374
f 279/386/375 277/335/373 285/392/374 286/393/376
f 283/384/377 279/386/375 286/394/376 287/395/378
f 280/385/205 283/384/377 287/396/378 288/397/205
f 194/298/103 292/256/207 291/255/379 193/295/287
f 193/295/287 291/255/379 290/257/380 192/294/286
f 290/257/380 289/258/226 191/291/283 192/294/286
f 1718/254/220 191/291/283 289/258/226 171/217/210
f 593/398/381 594/399/382 294/400/383 293/401/384
f 293/401/384 294/400/383 296/402/385 295/403/386
f 295/403/386 296/402/385 298/404/387 297/405/388
f 297/405/388 298/404/387 300/406/389 299/407/390
f 299/407/390 300/406/389 302/408/391 301/409/392
f 301/409/392 302/408/391 304/410/393 303/411/394
f 303/411/394 304/410/393 306/412/395 305/413/396
f 305/413/396 306/412/395 308/414/397 307/415/398
f 307/415/398 308/414/397 310/416/399 309/417/400
f 309/417/400 310/416/399 312/418/401 311/419/402
f 311/419/402 312/418/401 314/420/403 313/421/404
f 313/421/404 314/420/403 316/422/405 315/423/406
f 315/423/406 316/422/405 318/424/407 317/425/408
f 317/425/408 318/424/407 320/426/409 319/427/410
f 319/427/410 320/426/409 322/428/411 321/429/412
f 321/429/412 322/428/411 626/430/413 625/431/414
f 298/404/387 296/402/385 384/432/415 385/433/416
f 1286/434/417 638/435/418 639/436/419 1307/437/420
f 305/413/396 307/415/398 1284/438/421 1283/439/422
f 297/405/388 299/407/390 1280/440/423 1279/441/424
f 307/415/398 309/417/400 1273/442/425 1284/443/421
f 299/407/390 301/409/392 1271/444/426 1280/445/423
f 317/425/408 319/427/410 1269/446/427 1276/447/428
f 593/398/381 293/401/384 1267/448/429 1297/449/430
f 309/417/400 311/419/402 1264/450/431 1273/451/425
f 301/409/392 303/411/394 1262/452/432 1271/453/426
f 321/429/412 625/431/414 1314/454/433 1260/455/434
f 293/401/384 295/403/386 1258/456/435 1267/457/429
f 313/421/404 315/423/406 1275/458/436 1256/459/437
f 303/411/394 305/413/396 1283/460/422 1262/461/432
f 1270/462/438 1263/463/439 328/464/440 327/465/441
f 295/403/386 297/405/388 1279/466/424 1258/467/435
f 1266/468/442 1259/469/443 324/470/444 323/471/445
f 366/472/446 368/473/447 345/474/448 344/475/449
f 368/473/447 370/476/450 346/477/451 345/474/448
f 370/476/450 372/478/452 347/479/453 346/477/451
f 372/478/452 374/480/454 348/481/455 347/479/453
f 374/480/454 376/482/456 349/483/457 348/481/455
f 376/482/456 378/484/458 350/485/459 349/483/457
f 378/484/458 380/486/460 351/487/461 350/485/459
f 380/486/460 382/488/462 352/489/463 351/487/461
f 382/488/462 694/490/464 660/491/465 352/489/463
f 356/492/466 358/493/467 340/494/468 339/495/469
f 358/493/467 360/496/470 341/497/471 340/494/468
f 360/496/470 362/498/472 342/499/473 341/497/471
f 311/419/402 313/421/404 1256/500/437 1264/501/431
f 362/498/472 364/502/474 343/503/475 342/499/473
f 627/504/476 323/505/445 353/506/477 662/507/478
f 364/502/474 366/472/446 344/475/449 343/503/475
f 331/508/479 332/509/480 371/510/481 369/511/482
f 332/512/480 333/513/483 373/514/484 371/515/481
f 333/516/483 334/517/485 375/518/486 373/519/484
f 334/520/485 335/521/487 377/522/488 375/523/486
f 335/524/487 336/525/489 379/526/490 377/527/488
f 336/528/489 337/529/491 381/530/492 379/531/490
f 323/471/445 324/470/444 355/532/493 353/533/477
f 337/534/491 643/535/494 693/536/495 381/537/492
f 324/538/444 325/539/496 357/540/497 355/541/493
f 325/542/496 326/543/498 359/544/499 357/545/497
f 326/546/498 327/547/441 361/548/500 359/549/499
f 354/550/501 356/492/466 339/495/469 338/551/502
f 327/465/441 328/464/440 363/552/503 361/553/500
f 328/554/440 329/555/504 365/556/505 363/557/503
f 329/558/504 330/559/506 367/560/507 365/561/505
f 330/562/506 331/563/479 369/564/482 367/565/507
f 662/507/478 353/506/477 354/550/501 661/566/508
f 353/533/477 355/532/493 356/492/466 354/550/501
f 355/541/493 357/540/497 358/493/467 356/492/466
f 357/545/497 359/544/499 360/496/470 358/493/467
f 359/549/499 361/548/500 362/498/472 360/496/470
f 361/553/500 363/552/503 364/502/474 362/498/472
f 363/557/503 365/556/505 366/472/446 364/502/474
f 365/561/505 367/560/507 368/473/447 366/472/446
f 367/565/507 369/564/482 370/476/450 368/473/447
f 369/511/482 371/510/481 372/478/452 370/476/450
f 371/515/481 373/514/484 374/480/454 372/478/452
f 373/519/484 375/518/486 376/482/456 374/480/454
f 375/523/486 377/522/488 378/484/458 376/482/456
f 377/527/488 379/526/490 380/486/460 378/484/458
f 379/531/490 381/530/492 382/488/462 380/486/460
f 381/537/492 693/536/495 694/490/464 382/488/462
f 661/566/508 354/550/501 338/551/502 644/567/509
f 1268/568/510 1261/569/511 337/529/491 336/528/489
f 319/427/410 321/429/412 1260/570/434 1269/571/427
f 1272/572/512 1265/573/513 332/509/480 331/508/479
f 1257/574/514 1274/575/515 334/517/485 333/516/483
f 1259/576/443 1278/577/516 325/539/496 324/538/444
f 1261/578/511 1315/579/517 643/535/494 337/534/491
f 1263/580/439 1282/581/518 329/555/504 328/554/440
f 1296/582/519 1266/583/442 323/505/445 627/504/476
f 1277/584/520 1268/585/510 336/525/489 335/524/487
f 1281/586/521 1270/587/438 327/547/441 326/546/498
f 1285/588/522 1272/589/512 331/563/479 330/562/506
f 315/423/406 317/425/408 1276/590/428 1275/591/436
f 1274/592/515 1277/593/520 335/521/487 334/520/485
f 1278/594/516 1281/595/521 326/543/498 325/542/496
f 1282/596/518 1285/597/522 330/559/506 329/558/504
f 1385/598/523 1384/599/524 408/600/525 409/601/526
f 316/422/405 314/420/403 393/602/527 394/603/528
f 308/414/397 306/412/395 389/604/529 390/605/530
f 300/406/389 298/404/387 385/606/416 386/607/531
f 318/424/407 316/422/405 394/608/528 395/609/532
f 310/416/399 308/414/397 390/610/530 391/611/533
f 302/408/391 300/406/389 386/612/531 387/613/534
f 320/426/409 318/424/407 395/614/532 396/615/535
f 294/400/383 594/399/382 695/616/536 383/617/537
f 312/418/401 310/416/399 391/618/533 392/619/538
f 304/410/393 302/408/391 387/620/534 388/621/539
f 322/428/411 320/426/409 396/622/535 397/623/540
f 296/402/385 294/400/383 383/624/537 384/625/415
f 314/420/403 312/418/401 392/626/538 393/627/527
f 306/412/395 304/410/393 388/628/539 389/629/529
f 626/430/413 322/428/411 397/630/540 711/631/541
f 398/632/542 712/633/543 729/634/544 413/635/545
f 1387/636/546 1386/637/547 400/638/548 401/639/549
f 1389/640/550 1388/641/551 411/642/552 412/643/553
f 1391/644/554 1390/645/555 712/633/543 398/632/542
f 1393/646/556 1392/647/557 402/648/558 403/649/559
f 1386/650/547 1395/651/560 399/652/561 400/653/548
f 1388/654/551 1396/655/562 410/656/563 411/657/552
f 1384/658/524 1397/659/564 407/660/565 408/661/525
f 1399/662/566 1398/663/567 404/664/568 405/665/569
f 1394/666/570 1389/667/550 412/668/553 728/669/571
f 1395/670/560 1391/671/554 398/672/542 399/673/561
f 1396/674/562 1385/675/523 409/676/526 410/677/563
f 1392/678/557 1387/679/546 401/680/549 402/681/558
f 1397/682/564 1400/683/572 406/684/573 407/685/565
f 1400/686/572 1399/687/566 405/688/569 406/689/573
f 1398/690/567 1393/691/556 403/692/559 404/693/568
f 424/694/574 423/695/575 1461/696/576 1451/697/577
f 406/689/573 405/688/569 420/698/578 421/699/579
f 409/601/526 408/600/525 423/695/575 424/694/574
f 403/649/559 402/648/558 417/700/580 418/701/581
f 411/657/552 410/656/563 425/702/582 426/703/583
f 400/653/548 399/652/561 414/704/584 415/705/585
f 408/661/525 407/660/565 422/706/586 423/707/575
f 405/665/569 404/664/568 419/708/587 420/709/578
f 402/681/558 401/680/549 416/710/588 417/711/580
f 728/669/571 412/668/553 427/712/589 745/713/590
f 410/677/563 409/676/526 424/714/574 425/715/582
f 407/685/565 406/684/573 421/716/579 422/717/586
f 412/643/553 411/642/552 426/718/583 427/719/589
f 404/693/568 403/692/559 418/720/581 419/721/587
f 399/673/561 398/672/542 413/722/545 414/723/584
f 401/639/549 400/638/548 415/724/585 416/725/588
f 458/726/591 468/727/592 447/728/593 457/729/594
f 418/701/581 417/700/580 1462/730/595 1455/731/596
f 426/703/583 425/702/582 1450/732/597 1464/733/598
f 415/705/585 414/704/584 1463/734/599 1457/735/600
f 423/707/575 422/706/586 1452/736/601 1461/737/576
f 420/709/578 419/708/587 1454/738/602 1460/739/603
f 417/711/580 416/710/588 1456/740/604 1462/741/595
f 745/713/590 427/712/589 1449/742/605 1448/743/606
f 425/715/582 424/714/574 1451/744/577 1450/745/597
f 422/717/586 421/716/579 1453/746/607 1452/747/601
f 427/719/589 426/718/583 1464/748/598 1449/749/605
f 419/721/587 418/720/581 1455/750/596 1454/751/602
f 414/723/584 413/722/545 1458/752/608 1463/753/599
f 416/725/588 415/724/585 1457/754/600 1456/755/604
f 413/635/545 729/634/544 1459/756/609 1458/757/608
f 421/699/579 420/698/578 1460/758/603 1453/759/607
f 467/760/610 464/761/611 451/762/612 448/763/613
f 470/764/614 469/765/615 446/766/616 445/767/617
f 464/761/611 463/768/618 452/769/619 451/762/612
f 465/770/620 459/771/621 456/772/622 450/773/623
f 785/774/624 462/775/625 453/776/626 774/777/627
f 469/765/615 795/778/628 764/779/629 446/766/616
f 459/771/621 458/726/591 457/729/594 456/772/622
f 468/727/592 461/780/630 454/781/631 447/728/593
f 460/782/632 471/783/633 444/784/634 455/785/635
f 466/786/636 465/770/620 450/773/623 449/787/637
f 472/788/638 466/786/636 449/787/637 443/789/639
f 463/768/618 472/788/638 443/789/639 452/769/619
f 471/783/633 470/764/614 445/767/617 444/784/634
f 462/775/625 467/760/610 448/763/613 453/776/626
f 461/780/630 460/782/632 455/785/635 454/781/631
f 438/790/640 437/791/641 466/786/636 472/788/638
f 430/792/642 429/793/643 470/764/614 471/783/633
f 441/794/644 440/795/645 464/761/611 467/760/610
f 433/796/646 432/797/647 461/780/630 468/727/592
f 439/798/648 438/799/640 472/788/638 463/768/618
f 436/800/649 435/801/650 459/771/621 465/770/620
f 428/802/651 746/803/652 795/778/628 469/765/615
f 431/804/653 430/805/642 471/783/633 460/782/632
f 429/806/643 428/807/651 469/765/615 470/764/614
f 434/808/654 433/809/646 468/727/592 458/726/591
f 442/810/655 441/811/644 467/760/610 462/775/625
f 437/812/641 436/813/649 465/770/620 466/786/636
f 440/814/645 439/815/648 463/768/618 464/761/611
f 762/816/656 442/817/655 462/775/625 785/774/624
f 432/818/647 431/819/653 460/782/632 461/780/630
f 435/820/650 434/821/654 458/726/591 459/771/621
f 451/762/612 452/769/619 482/822/657 481/823/658
f 453/776/626 448/763/613 478/824/659 483/825/660
f 447/728/593 454/781/631 484/826/661 477/827/662
f 444/784/634 445/767/617 475/828/663 474/829/664
f 448/763/613 451/762/612 481/830/658 478/831/659
f 457/729/594 447/728/593 477/832/662 487/833/665
f 456/772/622 457/729/594 487/834/665 486/835/666
f 774/777/627 453/776/626 483/836/660 808/837/667
f 445/767/617 446/766/616 476/838/668 475/839/663
f 443/789/639 449/787/637 479/840/669 473/841/670
f 452/769/619 443/789/639 473/842/670 482/843/657
f 446/766/616 764/779/629 798/844/671 476/845/668
f 450/773/623 456/772/622 486/846/666 480/847/672
f 449/787/637 450/773/623 480/848/672 479/849/669
f 454/781/631 455/785/635 485/850/673 484/851/661
f 455/785/635 444/784/634 474/852/664 485/853/673
f 487/833/665 477/832/662 492/854/674 502/855/675
f 475/839/663 476/838/668 491/856/676 490/857/677
f 808/837/667 483/836/660 498/858/678 825/859/679
f 482/843/657 473/842/670 488/860/680 497/861/681
f 476/845/668 798/844/671 815/862/682 491/863/676
f 479/849/669 480/848/672 495/864/683 494/865/684
f 483/825/660 478/824/659 493/866/685 498/867/678
f 484/851/661 485/850/673 500/868/686 499/869/687
f 486/835/666 487/834/665 502/870/675 501/871/688
f 478/831/659 481/830/658 496/872/689 493/873/685
f 474/829/664 475/828/663 490/874/677 489/875/690
f 473/841/670 479/840/669 494/876/684 488/877/680
f 480/847/672 486/846/666 501/878/688 495/879/683
f 485/853/673 474/852/664 489/880/690 500/881/686
f 481/823/658 482/822/657 497/882/681 496/883/689
f 477/827/662 484/826/661 499/884/687 492/885/674
f 494/865/684 495/864/683 1089/886/691 1086/887/692
f 498/867/678 493/866/685 1093/888/693 1090/889/694
f 499/869/687 500/868/686 1097/890/695 1094/891/696
f 501/871/688 502/870/675 1101/892/697 1098/893/698
f 496/883/689 497/882/681 1111/894/699 1103/895/700
f 1027/896/701 1028/897/702 1156/898/703 1166/899/704
f 1147/900/705 1517/901/706 509/902/707 503/903/708
f 1109/904/709 1087/905/710 1022/906/711 1044/907/712
f 1527/908/713 1167/909/714 513/910/715 842/911/716
f 502/855/675 492/854/674 1112/912/717 1101/913/697
f 497/861/681 488/860/680 1108/914/718 1111/915/699
f 1113/916/719 1095/917/720 1030/918/721 1048/919/722
f 489/875/690 490/874/677 1107/920/723 1104/921/724
f 1501/922/725 1083/923/726 1018/924/727 1043/925/728
f 1115/926/729 1091/927/730 1026/928/731 1050/929/732
f 825/930/679 1114/931/733 1123/932/734 826/933/735
f 1032/934/736 1041/935/737 1149/936/738 1170/937/739
f 1513/938/740 1147/939/705 503/940/708 512/941/741
f 1024/942/742 1035/943/743 1172/944/744 1160/945/745
f 1041/946/737 1042/947/746 1150/948/747 1149/949/738
f 1038/950/748 1046/951/749 1165/952/750 1163/953/751
f 1525/954/752 1155/955/753 507/956/754 517/957/755
f 1049/958/756 1031/959/757 1169/960/758 1154/961/759
f 1042/962/746 1019/963/760 1153/964/761 1150/965/747
f 1519/966/762 1171/967/763 515/968/764 514/969/765
f 1045/970/766 1023/971/767 1159/972/768 1146/973/769
f 1019/974/760 1020/975/770 1178/976/771 1153/977/761
f 1023/978/767 1024/979/742 1160/980/745 1159/981/768
f 1028/982/702 1038/983/748 1163/984/751 1156/985/703
f 1031/986/757 1032/987/736 1170/988/739 1169/989/758
f 1035/990/743 1036/991/772 1175/992/773 1172/993/744
f 1167/994/714 1157/995/774 508/996/775 513/997/715
f 515/998/764 504/999/776 1553/1000/777 1550/1001/778
f 511/1002/779 512/1003/741 1545/1004/780 1555/1005/781
f 507/1006/754 514/1007/765 1551/1008/782 1556/1009/783
f 517/957/755 507/956/754 1556/1009/783 1557/1010/784
f 505/1011/785 506/1012/786 1547/1013/787 1552/1014/788
f 842/911/716 513/910/715 1558/1015/789 1559/1016/790
f 512/941/741 503/940/708 1544/1017/791 1545/1004/780
f 506/1018/786 832/1019/792 1546/1020/793 1547/1013/787
f 509/1021/707 510/1022/794 1548/1023/795 1549/1024/796
f 513/997/715 508/996/775 1560/1025/797 1558/1015/789
f 514/969/765 515/968/764 1550/1001/778 1551/1008/782
f 516/1026/798 517/1027/755 1557/1010/784 1554/1028/799
f 508/1029/775 511/1030/779 1555/1005/781 1560/1025/797
f 504/1031/776 505/1032/785 1552/1014/788 1553/1000/777
f 503/903/708 509/902/707 1549/1024/796 1544/1017/791
f 510/1033/794 516/1034/798 1554/1028/799 1548/1023/795
f 349/483/457 350/485/459 545/1035/800 544/1036/801
f 350/485/459 351/487/461 546/1037/802 545/1038/800
f 644/567/509 338/551/502 533/1039/803 865/1040/804
f 351/487/461 352/489/463 547/1041/805 546/1042/802
f 338/551/502 339/495/469 534/1043/806 533/1044/803
f 352/489/463 660/491/465 881/1045/807 547/1046/805
f 339/495/469 340/494/468 535/1047/808 534/1048/806
f 340/494/468 341/497/471 536/1049/809 535/1050/808
f 341/497/471 342/499/473 537/1051/810 536/1052/809
f 342/499/473 343/503/475 538/1053/811 537/1054/810
f 343/503/475 344/475/449 539/1055/812 538/1056/811
f 344/475/449 345/474/448 540/1057/813 539/1058/812
f 345/474/448 346/477/451 541/1059/814 540/1060/813
f 346/477/451 347/479/453 542/1061/815 541/1062/814
f 347/479/453 348/481/455 543/1063/816 542/1064/815
f 348/481/455 349/483/457 544/1065/801 543/1066/816
f 1347/1067/817 1349/1068/818 576/1069/819 574/1070/820
f 1321/1071/821 1323/1072/822 550/1073/823 548/1074/824
f 1349/1068/818 1383/1075/825 915/1076/826 576/1069/819
f 1350/1077/827 1321/1071/821 548/1074/824 884/1078/828
f 1350/1077/827 884/1078/828 885/1079/829 1352/1080/830
f 1325/1081/831 1327/1082/832 554/1083/833 552/1084/834
f 1327/1082/832 1329/1085/835 556/1086/836 554/1083/833
f 1329/1085/835 1331/1087/837 558/1088/838 556/1086/836
f 1331/1087/837 1333/1089/839 560/1090/840 558/1088/838
f 1333/1089/839 1335/1091/841 562/1092/842 560/1090/840
f 1335/1091/841 1337/1093/843 564/1094/844 562/1092/842
f 1337/1093/843 1339/1095/845 566/1096/846 564/1094/844
f 1339/1095/845 1341/1097/847 568/1098/848 566/1096/846
f 1341/1097/847 1343/1099/849 570/1100/850 568/1098/848
f 1343/1099/849 1345/1101/851 572/1102/852 570/1100/850
f 1345/1101/851 1347/1067/817 574/1070/820 572/1102/852
f 555/1103/853 557/1104/854 882/1105/855
f 557/1104/854 559/1106/856 882/1105/855
f 1323/1072/822 1325/1081/831 552/1084/834 550/1073/823
f 559/1106/856 561/1107/857 882/1105/855
f 561/1107/857 563/1108/858 882/1105/855
f 563/1108/858 565/1109/859 882/1105/855
f 565/1109/859 567/1110/860 882/1105/855
f 567/1110/860 569/1111/861 882/1105/855
f 569/1111/861 571/1112/862 882/1105/855
f 571/1112/862 573/1113/863 882/1105/855
f 573/1113/863 575/1114/864 882/1105/855
f 575/1114/864 577/1115/865 882/1105/855
f 577/1115/865 916/1116/866 882/1105/855
f 551/1117/867 553/1118/868 882/1105/855
f 553/1118/868 555/1103/853 882/1105/855
f 538/1056/811 539/1055/812 1818/1119/869 1817/1120/870
f 539/1058/812 540/1057/813 1819/1121/871 1818/1122/869
f 540/1060/813 541/1059/814 1820/1123/872 1819/1124/871
f 541/1062/814 542/1061/815 1821/1125/873 1820/1126/872
f 542/1064/815 543/1063/816 1822/1127/874 1821/1128/873
f 543/1066/816 544/1065/801 1823/1129/875 1822/1130/874
f 544/1036/801 545/1035/800 1824/1131/876 1823/1132/875
f 545/1038/800 546/1037/802 1825/1133/877 1824/1134/876
f 546/1042/802 547/1041/805 1826/1135/878 1825/1136/877
f 533/1044/803 534/1043/806 1813/1137/879 1320/1138/880
f 547/1046/805 881/1045/807 1827/1139/881 1826/1140/878
f 534/1048/806 535/1047/808 1814/1141/882 1813/1142/879
f 535/1050/808 536/1049/809 1815/1143/883 1814/1144/882
f 536/1052/809 537/1051/810 1816/1145/884 1815/1146/883
f 549/1147/885 551/1117/867 882/1105/855
f 537/1054/810 538/1053/811 1817/1148/870 1816/1149/884
f 884/1078/828 548/1074/824 549/1147/885 883/1150/886
f 548/1074/824 550/1073/823 551/1117/867 549/1147/885
f 550/1073/823 552/1084/834 553/1118/868 551/1117/867
f 552/1084/834 554/1083/833 555/1103/853 553/1118/868
f 554/1083/833 556/1086/836 557/1104/854 555/1103/853
f 556/1086/836 558/1088/838 559/1106/856 557/1104/854
f 558/1088/838 560/1090/840 561/1107/857 559/1106/856
f 560/1090/840 562/1092/842 563/1108/858 561/1107/857
f 562/1092/842 564/1094/844 565/1109/859 563/1108/858
f 564/1094/844 566/1096/846 567/1110/860 565/1109/859
f 566/1096/846 568/1098/848 569/1111/861 567/1110/860
f 568/1098/848 570/1100/850 571/1112/862 569/1111/861
f 570/1100/850 572/1102/852 573/1113/863 571/1112/862
f 572/1102/852 574/1070/820 575/1114/864 573/1113/863
f 574/1070/820 576/1069/819 577/1115/865 575/1114/864
f 576/1069/819 915/1076/826 916/1116/866 577/1115/865
f 883/1150/886 549/1147/885 882/1105/855
f 522/1009/2 529/1008/2 1568/1151/2 1573/1152/2
f 532/1010/2 522/1009/2 1573/1152/2 1574/1153/2
f 520/1014/2 521/1013/2 1564/1154/2 1569/1155/2
f 859/1016/2 528/1015/2 1575/1156/2 1576/1157/2
f 527/1004/2 518/1017/2 1561/1158/2 1562/1159/2
f 521/1013/2 849/1020/2 1563/1160/2 1564/1154/2
f 524/1024/2 525/1023/2 1565/1161/2 1566/1162/2
f 528/1015/2 523/1025/2 1577/1163/2 1575/1156/2
f 529/1008/2 530/1001/2 1567/1164/2 1568/1151/2
f 531/1028/2 532/1010/2 1574/1153/2 1571/1165/2
f 523/1025/2 526/1005/2 1572/1166/2 1577/1163/2
f 519/1000/2 520/1014/2 1569/1155/2 1570/1167/2
f 518/1017/2 524/1024/2 1566/1162/2 1561/1158/2
f 525/1023/2 531/1028/2 1571/1165/2 1565/1161/2
f 530/1001/2 519/1000/2 1570/1167/2 1567/1164/2
f 526/1005/2 527/1004/2 1562/1159/2 1572/1166/2
f 593/398/381 595/1168/887 596/1169/888 594/399/382
f 595/1168/887 597/1170/889 598/1171/890 596/1169/888
f 597/1170/889 599/1172/891 600/1173/892 598/1171/890
f 599/1172/891 601/1174/893 602/1175/894 600/1173/892
f 601/1174/893 603/1176/895 604/1177/896 602/1175/894
f 603/1176/895 605/1178/897 606/1179/898 604/1177/896
f 605/1178/897 607/1180/899 608/1181/900 606/1179/898
f 607/1180/899 609/1182/901 610/1183/902 608/1181/900
f 609/1182/901 611/1184/903 612/1185/904 610/1183/902
f 611/1184/903 613/1186/905 614/1187/906 612/1185/904
f 613/1186/905 615/1188/907 616/1189/908 614/1187/906
f 615/1188/907 617/1190/909 618/1191/910 616/1189/908
f 617/1192/909 619/1193/911 620/1194/912 618/1195/910
f 619/1193/911 621/1196/913 622/1197/914 620/1194/912
f 621/1196/913 623/1198/915 624/1199/916 622/1197/914
f 623/1198/915 625/431/414 626/430/413 624/1199/916
f 600/1173/892 698/1200/917 697/1201/918 598/1171/890
f 607/1180/899 1316/1202/919 1319/1203/920 609/1182/901
f 617/1192/909 1306/1204/921 1309/1205/922 619/1193/911
f 1307/1206/420 639/1207/419 640/1208/923 1308/1209/924
f 609/1182/901 1319/1210/920 1304/1211/925 611/1184/903
f 601/1174/893 1313/1212/926 1302/1213/927 603/1176/895
f 593/398/381 1297/1214/430 1298/1215/928 595/1168/887
f 611/1184/903 1304/1216/925 1295/1217/929 613/1186/905
f 605/1178/897 1293/1218/930 1316/1219/919 607/1180/899
f 623/1198/915 1291/1220/931 1314/1221/433 625/431/414
f 597/1170/889 1289/1222/932 1310/1223/933 599/1172/891
f 615/1188/907 1287/1224/934 1306/1225/921 617/1190/909
f 1303/1226/935 632/1227/936 633/1228/937 1292/1229/938
f 621/1196/913 1300/1230/939 1291/1231/931 623/1198/915
f 1299/1232/940 628/1233/941 629/1234/942 1288/1235/943
f 613/1186/905 1295/1236/929 1287/1237/934 615/1188/907
f 676/1238/944 651/1239/945 652/1240/946 678/1241/947
f 678/1241/947 652/1240/946 653/1242/948 680/1243/949
f 680/1243/949 653/1242/948 654/1244/950 682/1245/951
f 682/1245/951 654/1244/950 655/1246/952 684/1247/953
f 684/1247/953 655/1246/952 656/1248/954 686/1249/955
f 686/1250/955 656/1251/954 657/1252/956 688/1253/957
f 688/1253/957 657/1252/956 658/1254/958 690/1255/959
f 690/1255/959 658/1254/958 659/1256/960 692/1257/961
f 692/1257/961 659/1256/960 660/491/465 694/490/464
f 666/1258/962 646/1259/963 647/1260/964 668/1261/965
f 668/1261/965 647/1260/964 648/1262/966 670/1263/967
f 670/1263/967 648/1262/966 649/1264/968 672/1265/969
f 1288/1266/943 629/1267/942 630/1268/970 1311/1269/971
f 672/1265/969 649/1264/968 650/1270/972 674/1271/973
f 627/1272/476 662/1273/478 663/1274/974 628/1275/941
f 674/1271/973 650/1270/972 651/1239/945 676/1238/944
f 636/1276/975 679/1277/976 681/1278/977 637/1279/978
f 637/1280/978 681/1281/977 683/1282/979 638/1283/418
f 638/435/418 683/1284/979 685/1285/980 639/436/419
f 639/1207/419 685/1286/980 687/1287/981 640/1208/923
f 640/1288/923 687/1289/981 689/1290/982 641/1291/983
f 641/1292/983 689/1293/982 691/1294/984 642/1295/985
f 628/1233/941 663/1296/974 665/1297/986 629/1234/942
f 642/1298/985 691/1299/984 693/1300/495 643/1301/494
f 629/1267/942 665/1302/986 667/1303/987 630/1268/970
f 630/1304/970 667/1305/987 669/1306/988 631/1307/989
f 631/1308/989 669/1309/988 671/1310/990 632/1311/936
f 664/1312/991 645/1313/992 646/1259/963 666/1258/962
f 632/1227/936 671/1314/990 673/1315/993 633/1228/937
f 633/1316/937 673/1317/993 675/1318/994 634/1319/995
f 634/1320/995 675/1321/994 677/1322/996 635/1323/997
f 635/1324/997 677/1325/996 679/1326/976 636/1327/975
f 662/1273/478 661/566/508 664/1312/991 663/1274/974
f 663/1296/974 664/1312/991 666/1258/962 665/1297/986
f 665/1302/986 666/1258/962 668/1261/965 667/1303/987
f 667/1305/987 668/1261/965 670/1263/967 669/1306/988
f 669/1309/988 670/1263/967 672/1265/969 671/1310/990
f 671/1314/990 672/1265/969 674/1271/973 673/1315/993
f 673/1317/993 674/1271/973 676/1238/944 675/1318/994
f 675/1321/994 676/1238/944 678/1241/947 677/1322/996
f 677/1325/996 678/1241/947 680/1243/949 679/1326/976
f 679/1277/976 680/1243/949 682/1245/951 681/1278/977
f 681/1281/977 682/1245/951 684/1247/953 683/1282/979
f 683/1284/979 684/1247/953 686/1249/955 685/1285/980
f 685/1286/980 686/1250/955 688/1253/957 687/1287/981
f 687/1289/981 688/1253/957 690/1255/959 689/1290/982
f 689/1293/982 690/1255/959 692/1257/961 691/1294/984
f 691/1299/984 692/1257/961 694/490/464 693/1300/495
f 661/566/508 644/567/509 645/1313/992 664/1312/991
f 595/1168/887 1298/1328/928 1289/1329/932 597/1170/889
f 1292/1330/938 633/1316/937 634/1319/995 1317/1331/998
f 603/1176/895 1302/1332/927 1293/1333/930 605/1178/897
f 1294/1334/999 637/1280/978 638/1283/418 1286/1335/417
f 1290/1336/1000 642/1298/985 643/1301/494 1315/1337/517
f 1301/1338/1001 641/1292/983 642/1295/985 1290/1339/1000
f 1305/1340/1002 636/1276/975 637/1279/978 1294/1341/999
f 1296/1342/519 627/1272/476 628/1275/941 1299/1343/940
f 619/1193/911 1309/1344/922 1300/1345/939 621/1196/913
f 1308/1346/924 640/1288/923 641/1291/983 1301/1347/1001
f 1312/1348/1003 631/1308/989 632/1311/936 1303/1349/935
f 1318/1350/1004 635/1324/997 636/1327/975 1305/1351/1002
f 599/1172/891 1310/1352/933 1313/1353/926 601/1174/893
f 1311/1354/971 630/1304/970 631/1307/989 1312/1355/1003
f 1317/1356/998 634/1320/995 635/1323/997 1318/1357/1004
f 1402/1358/1005 724/1359/1006 723/1360/1007 1401/1361/1008
f 618/1191/910 707/1362/1009 706/1363/1010 616/1189/908
f 610/1183/902 703/1364/1011 702/1365/1012 608/1181/900
f 602/1175/894 699/1366/1013 698/1367/917 600/1173/892
f 620/1194/912 708/1368/1014 707/1369/1009 618/1195/910
f 612/1185/904 704/1370/1015 703/1371/1011 610/1183/902
f 604/1177/896 700/1372/1016 699/1373/1013 602/1175/894
f 622/1197/914 709/1374/1017 708/1375/1014 620/1194/912
f 596/1169/888 696/1376/1018 695/1377/536 594/399/382
f 614/1187/906 705/1378/1019 704/1379/1015 612/1185/904
f 606/1179/898 701/1380/1020 700/1381/1016 604/1177/896
f 624/1199/916 710/1382/1021 709/1383/1017 622/1197/914
f 598/1171/890 697/1384/918 696/1385/1018 596/1169/888
f 616/1189/908 706/1386/1010 705/1387/1019 614/1187/906
f 608/1181/900 702/1388/1012 701/1389/1020 606/1179/898
f 626/430/413 711/1390/541 710/1391/1021 624/1199/916
f 713/1392/1022 730/1393/1023 729/1394/544 712/1395/543
f 1404/1396/1024 716/1397/1025 715/1398/1026 1403/1399/1027
f 1406/1400/1028 727/1401/1029 726/1402/1030 1405/1403/1031
f 1407/1404/1032 713/1392/1022 712/1395/543 1390/1405/555
f 1409/1406/1033 718/1407/1034 717/1408/1035 1408/1409/1036
f 1403/1410/1027 715/1411/1026 714/1412/1037 1410/1413/1038
f 1405/1414/1031 726/1415/1030 725/1416/1039 1411/1417/1040
f 1401/1418/1008 723/1419/1007 722/1420/1041 1412/1421/1042
f 1414/1422/1043 720/1423/1044 719/1424/1045 1413/1425/1046
f 1394/1426/570 728/1427/571 727/1428/1029 1406/1429/1028
f 1410/1430/1038 714/1431/1037 713/1432/1022 1407/1433/1032
f 1411/1434/1040 725/1435/1039 724/1436/1006 1402/1437/1005
f 1408/1438/1036 717/1439/1035 716/1440/1025 1404/1441/1024
f 1412/1442/1042 722/1443/1041 721/1444/1047 1415/1445/1048
f 1415/1446/1048 721/1447/1047 720/1448/1044 1414/1449/1043
f 1413/1450/1046 719/1451/1045 718/1452/1034 1409/1453/1033
f 741/1454/1049 1467/1455/1050 1476/1456/1051 740/1457/1052
f 721/1447/1047 738/1458/1053 737/1459/1054 720/1448/1044
f 724/1359/1006 741/1454/1049 740/1457/1052 723/1360/1007
f 718/1407/1034 735/1460/1055 734/1461/1056 717/1408/1035
f 726/1415/1030 743/1462/1057 742/1463/1058 725/1416/1039
f 715/1411/1026 732/1464/1059 731/1465/1060 714/1412/1037
f 723/1419/1007 740/1466/1052 739/1467/1061 722/1420/1041
f 720/1423/1044 737/1468/1054 736/1469/1062 719/1424/1045
f 717/1439/1035 734/1470/1056 733/1471/1063 716/1440/1025
f 728/1427/571 745/1472/590 744/1473/1064 727/1428/1029
f 725/1435/1039 742/1474/1058 741/1475/1049 724/1436/1006
f 722/1443/1041 739/1476/1061 738/1477/1053 721/1444/1047
f 727/1401/1029 744/1478/1064 743/1479/1057 726/1402/1030
f 719/1451/1045 736/1480/1062 735/1481/1055 718/1452/1034
f 714/1431/1037 731/1482/1060 730/1483/1023 713/1432/1022
f 716/1397/1025 733/1484/1063 732/1485/1059 715/1398/1026
f 780/1486/1065 779/1487/1066 768/1488/1067 791/1489/1068
f 735/1460/1055 1471/1490/1069 1477/1491/1070 734/1461/1056
f 743/1462/1057 1479/1492/1071 1466/1493/1072 742/1463/1058
f 732/1464/1059 1473/1494/1073 1478/1495/1074 731/1465/1060
f 740/1466/1052 1476/1496/1051 1468/1497/1075 739/1467/1061
f 737/1468/1054 1475/1498/1076 1470/1499/1077 736/1469/1062
f 734/1470/1056 1477/1500/1070 1472/1501/1078 733/1471/1063
f 745/1472/590 1448/1502/606 1465/1503/1079 744/1473/1064
f 742/1474/1058 1466/1504/1072 1467/1505/1050 741/1475/1049
f 739/1476/1061 1468/1506/1075 1469/1507/1080 738/1477/1053
f 744/1478/1064 1465/1508/1079 1479/1509/1071 743/1479/1057
f 736/1480/1062 1470/1510/1077 1471/1511/1069 735/1481/1055
f 731/1482/1060 1478/1512/1074 1474/1513/1081 730/1483/1023
f 733/1484/1063 1472/1514/1078 1473/1515/1073 732/1485/1059
f 730/1393/1023 1474/1516/1081 1459/1517/609 729/1394/544
f 738/1458/1053 1469/1518/1080 1475/1519/1076 737/1459/1054
f 790/1520/1082 769/1521/1083 772/1522/1084 787/1523/1085
f 793/1524/1086 766/1525/1087 767/1526/1088 792/1527/1089
f 787/1523/1085 772/1522/1084 773/1528/1090 786/1529/1091
f 788/1530/1092 771/1531/1093 778/1532/1094 781/1533/1095
f 785/774/624 774/777/627 775/1534/1096 784/1535/1097
f 792/1527/1089 767/1526/1088 764/779/629 795/778/628
f 781/1533/1095 778/1532/1094 779/1487/1066 780/1486/1065
f 791/1489/1068 768/1488/1067 776/1536/1098 783/1537/1099
f 782/1538/1100 777/1539/1101 765/1540/1102 794/1541/1103
f 789/1542/1104 770/1543/1105 771/1531/1093 788/1530/1092
f 796/1544/1106 763/1545/1107 770/1543/1105 789/1542/1104
f 786/1546/1091 773/1547/1090 763/1545/1107 796/1544/1106
f 794/1541/1103 765/1540/1102 766/1525/1087 793/1524/1086
f 784/1535/1097 775/1534/1096 769/1521/1083 790/1520/1082
f 783/1537/1099 776/1536/1098 777/1539/1101 782/1538/1100
f 757/1548/1108 796/1544/1106 789/1542/1104 756/1549/1109
f 749/1550/1110 794/1541/1103 793/1524/1086 748/1551/1111
f 760/1552/1112 790/1520/1082 787/1523/1085 759/1553/1113
f 752/1554/1114 791/1489/1068 783/1537/1099 751/1555/1115
f 758/1556/1116 786/1546/1091 796/1544/1106 757/1557/1108
f 755/1558/1117 788/1530/1092 781/1533/1095 754/1559/1118
f 747/1560/1119 792/1527/1089 795/778/628 746/1561/652
f 750/1562/1120 782/1538/1100 794/1541/1103 749/1563/1110
f 748/1564/1111 793/1524/1086 792/1527/1089 747/1565/1119
f 753/1566/1121 780/1486/1065 791/1489/1068 752/1567/1114
f 761/1568/1122 784/1535/1097 790/1520/1082 760/1569/1112
f 756/1570/1109 789/1542/1104 788/1530/1092 755/1571/1117
f 759/1572/1113 787/1523/1085 786/1529/1091 758/1573/1116
f 762/1574/656 785/774/624 784/1535/1097 761/1575/1122
f 751/1576/1115 783/1537/1099 782/1538/1100 750/1577/1120
f 754/1578/1118 781/1533/1095 780/1486/1065 753/1579/1121
f 772/1522/1084 806/1580/1123 807/1581/1124 773/1528/1090
f 775/1534/1096 809/1582/1125 803/1583/1126 769/1521/1083
f 768/1488/1067 802/1584/1127 810/1585/1128 776/1536/1098
f 765/1540/1102 799/1586/1129 800/1587/1130 766/1525/1087
f 769/1521/1083 803/1588/1126 806/1589/1123 772/1522/1084
f 779/1487/1066 813/1590/1131 802/1591/1127 768/1488/1067
f 778/1532/1094 812/1592/1132 813/1593/1131 779/1487/1066
f 774/777/627 808/1594/667 809/1595/1125 775/1534/1096
f 766/1525/1087 800/1596/1130 801/1597/1133 767/1526/1088
f 763/1545/1107 797/1598/1134 804/1599/1135 770/1543/1105
f 773/1547/1090 807/1600/1124 797/1601/1134 763/1545/1107
f 767/1526/1088 801/1602/1133 798/1603/671 764/779/629
f 771/1531/1093 805/1604/1136 812/1605/1132 778/1532/1094
f 770/1543/1105 804/1606/1135 805/1607/1136 771/1531/1093
f 776/1536/1098 810/1608/1128 811/1609/1137 777/1539/1101
f 777/1539/1101 811/1610/1137 799/1611/1129 765/1540/1102
f 813/1590/1131 830/1612/1138 819/1613/1139 802/1591/1127
f 800/1596/1130 817/1614/1140 818/1615/1141 801/1597/1133
f 808/1594/667 825/930/679 826/933/735 809/1595/1125
f 807/1600/1124 824/1616/1142 814/1617/1143 797/1601/1134
f 801/1602/1133 818/1618/1141 815/1619/682 798/1603/671
f 804/1606/1135 821/1620/1144 822/1621/1145 805/1607/1136
f 809/1582/1125 826/1622/735 820/1623/1146 803/1583/1126
f 810/1608/1128 827/1624/1147 828/1625/1148 811/1609/1137
f 812/1592/1132 829/1626/1149 830/1627/1138 813/1593/1131
f 803/1588/1126 820/1628/1146 823/1629/1150 806/1589/1123
f 799/1586/1129 816/1630/1151 817/1631/1140 800/1587/1130
f 797/1598/1134 814/1632/1143 821/1633/1144 804/1599/1135
f 805/1604/1136 822/1634/1145 829/1635/1149 812/1605/1132
f 811/1610/1137 828/1636/1148 816/1637/1151 799/1611/1129
f 806/1580/1123 823/1638/1150 824/1639/1142 807/1581/1124
f 802/1584/1127 819/1640/1139 827/1641/1147 810/1585/1128
f 1521/1642/1152 1151/1643/1153 505/1032/785 504/1031/776
f 821/1620/1144 1119/1644/1154 1120/1645/1155 822/1621/1145
f 820/1628/1146 1124/1646/1156 1134/1647/1157 823/1629/1150
f 827/1624/1147 1127/1648/1158 1128/1649/1159 828/1625/1148
f 830/1612/1138 1132/1650/1160 1145/1651/1161 819/1613/1139
f 819/1640/1139 1145/1652/1161 1127/1653/1158 827/1641/1147
f 824/1616/1142 1142/1654/1162 1141/1655/1163 814/1617/1143
f 822/1634/1145 1120/1656/1155 1131/1657/1164 829/1635/1149
f 826/1622/735 1123/1658/734 1124/1659/1156 820/1623/1146
f 829/1626/1149 1131/1660/1164 1132/1661/1160 830/1627/1138
f 816/1630/1151 1137/1662/1165 1138/1663/1166 817/1631/1140
f 828/1636/1148 1128/1664/1159 1137/1665/1165 816/1637/1151
f 823/1638/1150 1134/1666/1157 1142/1667/1162 824/1639/1142
f 1191/1668/1167 838/1669/1168 839/1670/1169 1192/1671/1170
f 817/1614/1140 1138/1672/1166 1117/1673/1171 818/1615/1141
f 1065/1674/1172 1205/1675/1173 1180/1676/1174 1072/1677/1175
f 1079/1678/1176 1196/1679/1177 1177/1680/1178 1076/1681/1179
f 1071/1682/1180 1194/1683/1181 1196/1684/1177 1079/1685/1176
f 1181/1686/1182 833/1687/1183 834/1688/1184 1182/1689/1185
f 1527/1690/713 842/1691/716 843/1692/1186 1200/1693/1187
f 1069/1694/1188 1208/1695/1189 1187/1696/1190 1080/1697/1191
f 1080/1698/1191 1187/1699/1190 1202/1700/1192 1062/1701/1193
f 1209/1702/1194 847/1703/1195 836/1704/1196 1186/1705/1197
f 1051/1706/1198 1199/1707/1199 1201/1708/1200 1058/1709/1201
f 1076/1710/1179 1177/1711/1178 1190/1712/1202 1054/1713/1203
f 1052/1714/1204 1184/1715/1205 1178/1716/771 1020/1717/770
f 1057/1718/1206 1193/1719/1207 1207/1720/1208 1066/1721/1209
f 1061/1722/1210 1189/1723/1211 1194/1724/1181 1071/1725/1180
f 1066/1726/1209 1207/1727/1208 1208/1728/1189 1069/1729/1188
f 1058/1730/1201 1201/1731/1200 1189/1732/1211 1061/1733/1210
f 845/1734/1212 1583/1735/1213 1586/1736/1214 833/1737/1183
f 840/1738/1215 1588/1739/1216 1579/1740/1217 841/1741/1218
f 836/1742/1196 1589/1743/1219 1584/1744/1220 844/1745/1221
f 847/1703/1195 1590/1746/1222 1589/1743/1219 836/1704/1196
f 834/1747/1184 1585/1748/1223 1580/1749/1224 835/1750/1225
f 842/1691/716 1559/1016/790 1591/1751/1226 843/1692/1186
f 841/1752/1218 1579/1740/1217 1578/1753/1227 831/1754/1228
f 835/1755/1225 1580/1749/1224 1546/1020/793 832/1756/792
f 838/1669/1168 1582/1757/1229 1581/1758/1230 839/1670/1169
f 843/1759/1186 1591/1751/1226 1592/1760/1231 837/1761/1232
f 844/1762/1221 1584/1744/1220 1583/1735/1213 845/1763/1212
f 846/1764/1233 1587/1765/1234 1590/1746/1222 847/1766/1195
f 837/1767/1232 1592/1760/1231 1588/1739/1216 840/1768/1215
f 833/1687/1183 1586/1736/1214 1585/1748/1223 834/1688/1184
f 831/1769/1228 1578/1753/1227 1582/1757/1229 838/1770/1168
f 839/1771/1169 1581/1758/1230 1587/1765/1234 846/1772/1233
f 656/1251/954 877/1773/1235 878/1774/1236 657/1252/956
f 657/1252/956 878/1775/1236 879/1776/1237 658/1254/958
f 644/567/509 865/1777/804 866/1778/1238 645/1313/992
f 658/1254/958 879/1779/1237 880/1780/1239 659/1256/960
f 645/1313/992 866/1781/1238 867/1782/1240 646/1259/963
f 659/1256/960 880/1783/1239 881/1784/807 660/491/465
f 646/1259/963 867/1785/1240 868/1786/1241 647/1260/964
f 647/1260/964 868/1787/1241 869/1788/1242 648/1262/966
f 648/1262/966 869/1789/1242 870/1790/1243 649/1264/968
f 649/1264/968 870/1791/1243 871/1792/1244 650/1270/972
f 650/1270/972 871/1793/1244 872/1794/1245 651/1239/945
f 651/1239/945 872/1795/1245 873/1796/1246 652/1240/946
f 652/1240/946 873/1797/1246 874/1798/1247 653/1242/948
f 653/1242/948 874/1799/1247 875/1800/1248 654/1244/950
f 654/1244/950 875/1801/1248 876/1802/1249 655/1246/952
f 655/1246/952 876/1803/1249 877/1804/1235 656/1248/954
f 1376/1805/1250 909/1806/1251 911/1807/1252 1378/1808/1253
f 866/1781/1238 1353/1809/1254 1355/1810/1255 867/1782/1240
f 1378/1808/1253 911/1807/1252 913/1811/1256 1380/1812/1257
f 1352/1080/830 885/1079/829 887/1813/1258 1354/1814/1259
f 1380/1812/1257 913/1811/1256 915/1076/826 1383/1075/825
f 1354/1814/1259 887/1813/1258 889/1815/1260 1356/1816/1261
f 1356/1816/1261 889/1815/1260 891/1817/1262 1358/1818/1263
f 1358/1818/1263 891/1817/1262 893/1819/1264 1360/1820/1265
f 1360/1820/1265 893/1819/1264 895/1821/1266 1362/1822/1267
f 1362/1822/1267 895/1821/1266 897/1823/1268 1364/1824/1269
f 1364/1824/1269 897/1823/1268 899/1825/1270 1366/1826/1271
f 1366/1826/1271 899/1825/1270 901/1827/1272 1368/1828/1273
f 1368/1828/1273 901/1827/1272 903/1829/1274 1370/1830/1275
f 1370/1830/1275 903/1829/1274 905/1831/1276 1372/1832/1277
f 1372/1832/1277 905/1831/1276 907/1833/1278 1374/1834/1279
f 1374/1834/1279 907/1833/1278 909/1806/1251 1376/1805/1250
f 892/1835/1280 882/1105/855 894/1836/1281
f 894/1836/1281 882/1105/855 896/1837/1282
f 865/1777/804 1351/1838/1283 1353/1839/1254 866/1778/1238
f 896/1837/1282 882/1105/855 898/1840/1284
f 898/1840/1284 882/1105/855 900/1841/1285
f 900/1841/1285 882/1105/855 902/1842/1286
f 902/1842/1286 882/1105/855 904/1843/1287
f 904/1843/1287 882/1105/855 906/1844/1288
f 906/1844/1288 882/1105/855 908/1845/1289
f 908/1845/1289 882/1105/855 910/1846/1290
f 910/1846/1290 882/1105/855 912/1847/1291
f 912/1847/1291 882/1105/855 914/1848/1292
f 914/1848/1292 882/1105/855 916/1116/866
f 888/1849/1293 882/1105/855 890/1850/1294
f 890/1850/1294 882/1105/855 892/1835/1280
f 872/1795/1245 1365/1851/1295 1367/1852/1296 873/1796/1246
f 873/1797/1246 1367/1853/1296 1369/1854/1297 874/1798/1247
f 874/1799/1247 1369/1855/1297 1371/1856/1298 875/1800/1248
f 875/1801/1248 1371/1857/1298 1373/1858/1299 876/1802/1249
f 876/1803/1249 1373/1859/1299 1375/1860/1300 877/1804/1235
f 877/1773/1235 1375/1861/1300 1377/1862/1301 878/1774/1236
f 878/1775/1236 1377/1863/1301 1379/1864/1302 879/1776/1237
f 879/1779/1237 1379/1865/1302 1381/1866/1303 880/1780/1239
f 880/1783/1239 1381/1867/1303 1827/1868/881 881/1784/807
f 867/1785/1240 1355/1869/1255 1357/1870/1304 868/1786/1241
f 868/1787/1241 1357/1871/1304 1359/1872/1305 869/1788/1242
f 869/1789/1242 1359/1873/1305 1361/1874/1306 870/1790/1243
f 870/1791/1243 1361/1875/1306 1363/1876/1307 871/1792/1244
f 886/1877/1308 882/1105/855 888/1849/1293
f 871/1793/1244 1363/1878/1307 1365/1879/1295 872/1794/1245
f 884/1078/828 883/1150/886 886/1877/1308 885/1079/829
f 885/1079/829 886/1877/1308 888/1849/1293 887/1813/1258
f 887/1813/1258 888/1849/1293 890/1850/1294 889/1815/1260
f 889/1815/1260 890/1850/1294 892/1835/1280 891/1817/1262
f 891/1817/1262 892/1835/1280 894/1836/1281 893/1819/1264
f 893/1819/1264 894/1836/1281 896/1837/1282 895/1821/1266
f 895/1821/1266 896/1837/1282 898/1840/1284 897/1823/1268
f 897/1823/1268 898/1840/1284 900/1841/1285 899/1825/1270
f 899/1825/1270 900/1841/1285 902/1842/1286 901/1827/1272
f 901/1827/1272 902/1842/1286 904/1843/1287 903/1829/1274
f 903/1829/1274 904/1843/1287 906/1844/1288 905/1831/1276
f 905/1831/1276 906/1844/1288 908/1845/1289 907/1833/1278
f 907/1833/1278 908/1845/1289 910/1846/1290 909/1806/1251
f 909/1806/1251 910/1846/1290 912/1847/1291 911/1807/1252
f 911/1807/1252 912/1847/1291 914/1848/1292 913/1811/1256
f 913/1811/1256 914/1848/1292 916/1116/866 915/1076/826
f 883/1150/886 882/1105/855 886/1877/1308
f 853/1743/2 1604/1880/2 1599/1881/2 861/1744/2
f 864/1746/2 1605/1882/2 1604/1880/2 853/1743/2
f 851/1748/2 1600/1883/2 1595/1884/2 852/1749/2
f 859/1016/2 1576/1157/2 1606/1885/2 860/1751/2
f 858/1740/2 1594/1886/2 1593/1887/2 848/1753/2
f 852/1749/2 1595/1884/2 1563/1160/2 849/1020/2
f 855/1757/2 1597/1888/2 1596/1889/2 856/1758/2
f 860/1751/2 1606/1885/2 1607/1890/2 854/1760/2
f 861/1744/2 1599/1881/2 1598/1891/2 862/1735/2
f 863/1765/2 1602/1892/2 1605/1882/2 864/1746/2
f 854/1760/2 1607/1890/2 1603/1893/2 857/1739/2
f 850/1736/2 1601/1894/2 1600/1883/2 851/1748/2
f 848/1753/2 1593/1887/2 1597/1888/2 855/1757/2
f 856/1758/2 1596/1889/2 1602/1892/2 863/1765/2
f 862/1735/2 1598/1891/2 1601/1894/2 850/1736/2
f 857/1739/2 1603/1893/2 1594/1886/2 858/1740/2
f 585/1161/1309 591/1165/1310 1618/1895/1311 1612/1896/1312
f 933/1882/1313 932/1892/1314 1634/1897/1315 1637/1898/1316
f 918/1160/1317 921/1884/1318 1627/1899/1319 1610/1900/1317
f 590/1164/1320 579/1167/1321 1617/1901/1322 1614/1902/1323
f 924/1888/1324 917/1887/1325 1625/1903/1326 1629/1904/1327
f 925/1889/1328 924/1888/1324 1629/1904/1327 1628/1905/1329
f 586/1166/1330 587/1159/1331 1609/1906/1332 1619/1907/1333
f 931/1891/1334 930/1881/1335 1631/1908/1336 1630/1909/1337
f 592/1153/1338 582/1152/1339 1620/1910/1340 1621/1911/1341
f 920/1883/1342 919/1894/1343 1633/1912/1344 1632/1913/1345
f 928/1157/1346 588/1156/1347 1622/1914/1348 1623/1915/1346
f 932/1892/1314 925/1889/1328 1628/1905/1329 1634/1897/1315
f 588/1156/1347 583/1163/1349 1624/1916/1350 1622/1914/1348
f 919/1894/1343 931/1891/1334 1630/1909/1337 1633/1912/1344
f 583/1163/1349 586/1166/1330 1619/1907/1333 1624/1916/1350
f 927/1886/1351 926/1893/1352 1635/1917/1353 1626/1918/1354
f 582/1152/1339 589/1151/1355 1615/1919/1356 1620/1910/1340
f 922/1880/1357 933/1882/1313 1637/1898/1316 1636/1920/1358
f 580/1155/1359 581/1154/1360 1611/1921/1361 1616/1922/1362
f 587/1159/1331 578/1158/1363 1608/1923/1364 1609/1906/1332
f 929/1885/1365 928/1157/1346 1623/1915/1346 1638/1924/1366
f 591/1165/1310 592/1153/1338 1621/1911/1341 1618/1895/1311
f 581/1154/1360 918/1160/1317 1610/1900/1317 1611/1921/1361
f 923/1890/1367 929/1885/1365 1638/1924/1366 1639/1925/1368
f 578/1158/1363 584/1162/1369 1613/1926/1370 1608/1923/1364
f 584/1162/1369 585/1161/1309 1612/1896/1312 1613/1926/1370
f 926/1893/1352 923/1890/1367 1639/1925/1368 1635/1917/1353
f 589/1151/1355 590/1164/1320 1614/1902/1323 1615/1919/1356
f 930/1881/1335 922/1880/1357 1636/1920/1358 1631/1908/1336
f 579/1167/1321 580/1155/1359 1616/1922/1362 1617/1901/1322
f 921/1884/1318 920/1883/1342 1632/1913/1345 1627/1899/1319
f 917/1887/1325 927/1886/1351 1626/1918/1354 1625/1903/1326
f 1143/1927/1371 1078/1928/1372 1077/1929/1373 1481/1930/1374
f 1185/1931/1375 835/1755/1225 832/1756/792 1179/1932/1376
f 1115/1933/729 1050/1934/732 1059/1935/1377 1483/1936/1378
f 814/1632/1143 1141/1937/1163 1119/1938/1154 821/1633/1144
f 1139/1939/1379 1074/1940/1380 1053/1941/1381 1485/1942/1382
f 1182/1943/1185 834/1747/1184 835/1750/1225 1185/1944/1375
f 1133/1945/1383 1068/1946/1384 1081/1947/1385 1487/1948/1386
f 1195/1949/1387 840/1738/1215 841/1741/1218 1197/1950/1388
f 1487/1951/1386 1081/1952/1385 1063/1953/1389 1488/1954/1390
f 1186/1955/1197 836/1742/1196 844/1745/1221 1203/1956/1391
f 1135/1957/1392 1070/1958/1393 1078/1959/1372 1143/1960/1371
f 1204/1961/1394 845/1734/1212 833/1737/1183 1181/1962/1182
f 1129/1963/1395 1064/1964/1396 1073/1965/1397 1491/1966/1398
f 1206/1967/1399 846/1764/1233 847/1766/1195 1209/1968/1194
f 1121/1969/1400 1056/1970/1401 1067/1971/1402 1493/1972/1403
f 1054/1973/1203 1190/1974/1202 1193/1975/1207 1057/1976/1206
f 1481/1977/1374 1077/1978/1373 1055/1979/1404 1494/1980/1405
f 1176/1981/1406 831/1769/1228 838/1770/1168 1191/1982/1167
f 1491/1983/1398 1073/1984/1397 1074/1985/1380 1139/1986/1379
f 1125/1987/1407 1060/1988/1408 1070/1989/1393 1135/1990/1392
f 1203/1991/1391 844/1762/1221 845/1763/1212 1204/1992/1394
f 1493/1993/1403 1067/1994/1402 1068/1995/1384 1133/1996/1383
f 1200/1997/1187 843/1759/1186 837/1761/1232 1188/1998/1409
f 1488/1999/1390 1063/2000/1389 1064/2001/1396 1129/2002/1395
f 1075/2003/1410 1183/2004/1411 1184/2005/1205 1052/2006/1204
f 1483/2007/1378 1059/2008/1377 1060/2009/1408 1125/2010/1407
f 1188/2011/1409 837/1767/1232 840/1768/1215 1195/2012/1387
f 1494/2013/1405 1055/2014/1404 1056/2015/1401 1121/2016/1400
f 1192/2017/1170 839/1771/1169 846/1772/1233 1206/2018/1399
f 1485/2019/1382 1053/2020/1381 1021/2021/1412 1496/2022/1413
f 1072/2023/1175 1180/2024/1174 1183/2025/1411 1075/2026/1410
f 1498/2027/1414 1109/2028/709 1044/2029/712 1047/2030/1415
f 1062/2031/1193 1202/2032/1192 1205/2033/1173 1065/2034/1172
f 1091/2035/730 1511/2036/1416 1029/2037/1417 1026/2038/731
f 1157/2039/774 1523/2040/1418 511/1030/779 508/1029/775
f 1083/2041/726 1496/2042/1413 1021/2043/1412 1018/2044/727
f 1036/2045/772 1049/2046/756 1154/2047/759 1175/2048/773
f 1503/2049/1419 1113/2050/719 1048/2051/722 1037/2052/1420
f 1155/2053/753 1519/2054/762 514/1007/765 507/1006/754
f 1095/2055/720 1507/2056/1421 1033/2057/1422 1030/2058/721
f 1173/2059/1423 1525/2060/752 517/1027/755 516/1026/798
f 1505/2061/1424 1498/2062/1414 1047/2063/1415 1039/2064/1425
f 1051/2065/1198 1027/2066/701 1166/2067/704 1199/2068/1199
f 1507/2069/1421 1105/2070/1426 1040/2071/1427 1033/2072/1422
f 1171/2073/763 1521/2074/1152 504/999/776 515/998/764
f 1509/2075/1428 1099/2076/1429 1034/2077/1430 1025/2078/1431
f 1523/2079/1418 1513/2080/740 512/1003/741 511/1002/779
f 1087/2081/710 1509/2082/1428 1025/2083/1431 1022/2084/711
f 1161/2085/1432 1173/2086/1423 516/1034/798 510/1033/794
f 1105/2087/1426 1501/2088/725 1043/2089/728 1040/2090/1427
f 1151/2091/1153 1515/2092/1433 506/1012/786 505/1011/785
f 1511/2093/1416 1505/2094/1424 1039/2095/1425 1029/2096/1417
f 1517/2097/706 1161/2098/1432 510/1022/794 509/1021/707
f 1099/2099/1429 1503/2100/1419 1037/2101/1420 1034/2102/1430
f 1197/2103/1388 841/1752/1218 831/1754/1228 1176/2104/1406
f 492/885/674 499/884/687 1094/2105/696 1112/2106/717
f 500/881/686 489/880/690 1104/2107/724 1097/2108/695
f 825/859/679 498/858/678 1090/2109/694 1114/2110/733
f 493/873/685 496/872/689 1103/2111/700 1093/2112/693
f 488/877/680 494/876/684 1086/2113/692 1108/2114/718
f 495/879/683 501/878/688 1098/2115/698 1089/2116/691
f 490/857/677 491/856/676 1082/2117/1434 1107/2118/723
f 818/1618/1141 1117/2119/1171 1085/2120/1435 815/1619/682
f 990/2121/2 1016/2122/1436 1006/2123/1437 980/2124/2
f 976/2125/2 967/2126/2 993/2127/1438 1845/2128/1439
f 1844/2129/2 1016/2122/1436 990/2121/2
f 981/2130/2 980/2124/2 1006/2123/1437 1007/2131/2
f 1235/2132/1440 1230/2133/1440 1000/2134/1440 999/2135/1440
f 1240/2136/1441 1241/2137/1442 1011/2138/1443 1017/2139/1444
f 1232/2140/1445 1231/2141/1446 996/2142/1447 1003/2143/1448
f 1245/2144/1440 1236/2145/1440 997/2146/1440 1014/2147/1440
f 1238/2148/1440 1242/2149/1440 1012/2150/1440 1013/2151/1440
f 1244/2152/1449 1240/2136/1441 1017/2139/1444 1009/2153/1450
f 1236/2145/1440 1235/2132/1440 999/2135/1440 997/2146/1440
f 1243/2154/1440 1245/2144/1440 1014/2147/1440 1010/2155/1440
f 1231/2141/1446 1233/2156/1451 1001/2157/1452 996/2142/1447
f 968/2158/2 969/2159/2 995/2160/2 994/2161/2
f 1230/2133/1440 1229/2162/1453 992/2163/1454 1000/2134/1440
f 1242/2149/1440 1243/2154/1440 1010/2155/1440 1012/2150/1440
f 934/1923/2 940/1926/2 977/2164/2 1234/2165/2
f 969/2159/2 979/2166/2 1005/2167/2 995/2160/2
f 1239/2129/2 1244/2152/1449 1009/2153/1450 1015/2168/1455
f 942/1907/2 943/1906/2 966/2169/2 974/2170/2
f 1229/2162/1453 972/2171/1456 998/2172/1457 992/2163/1454
f 982/2173/2 981/2130/2 1007/2131/2 1008/2174/2
f 1237/2175/1458 1238/2148/1440 1013/2151/1440 1004/2176/1459
f 1233/2156/1451 1002/2128/1460 1001/2157/1452
f 949/1903/2 985/2177/2 991/2178/2 956/1904/2
f 979/2166/2 982/2173/2 1008/2174/2 1005/2167/2
f 967/2126/2 968/2158/2 994/2161/2 993/2127/1438
f 958/1917/2 987/2179/2 978/2180/2 959/1918/2
f 1241/2137/1442 1237/2175/1458 1004/2176/1459 1011/2138/1443
f 972/2171/1456 1232/2140/1445 1003/2143/1448 998/2172/1457
f 1079/1678/1176 1076/1681/1179 1077/1929/1373 1078/1928/1372
f 1051/1706/1198 1058/1709/1201 1059/1935/1377 1050/1934/732
f 1075/2003/1410 1052/2006/1204 1053/1941/1381 1074/1940/1380
f 1069/1694/1188 1080/1697/1191 1081/1947/1385 1068/1946/1384
f 1080/1698/1191 1062/1701/1193 1063/1953/1389 1081/1952/1385
f 1071/1682/1180 1079/1685/1176 1078/1959/1372 1070/1958/1393
f 1065/1674/1172 1072/1677/1175 1073/1965/1397 1064/1964/1396
f 1057/1718/1206 1066/1721/1209 1067/1971/1402 1056/1970/1401
f 1076/1710/1179 1054/1713/1203 1055/1979/1404 1077/1978/1373
f 1072/2023/1175 1075/2026/1410 1074/1985/1380 1073/1984/1397
f 1061/1722/1210 1071/1725/1180 1070/1989/1393 1060/1988/1408
f 1066/1726/1209 1069/1729/1188 1068/1995/1384 1067/1994/1402
f 1062/2031/1193 1065/2034/1172 1064/2001/1396 1063/2000/1389
f 1058/1730/1201 1061/1733/1210 1060/2009/1408 1059/2008/1377
f 1054/1973/1203 1057/1976/1206 1056/2015/1401 1055/2014/1404
f 1052/1714/1204 1020/1717/770 1021/2021/1412 1053/2020/1381
f 1045/2181/766 1046/2182/749 1047/2030/1415 1044/2029/712
f 1027/2066/701 1051/2065/1198 1050/929/732 1026/928/731
f 1019/963/760 1042/962/746 1043/925/728 1018/924/727
f 1049/2046/756 1036/2045/772 1037/2052/1420 1048/2051/722
f 1031/959/757 1049/958/756 1048/919/722 1030/918/721
f 1046/951/749 1038/950/748 1039/2064/1425 1047/2063/1415
f 1041/935/737 1032/934/736 1033/2072/1422 1040/2071/1427
f 1035/943/743 1024/942/742 1025/2078/1431 1034/2077/1430
f 1023/971/767 1045/970/766 1044/907/712 1022/906/711
f 1042/947/746 1041/946/737 1040/2090/1427 1043/2089/728
f 1038/983/748 1028/982/702 1029/2096/1417 1039/2095/1425
f 1036/991/772 1035/990/743 1034/2102/1430 1037/2101/1420
f 1032/987/736 1031/986/757 1030/2058/721 1033/2057/1422
f 1028/897/702 1027/896/701 1026/2038/731 1029/2037/1417
f 1024/979/742 1023/978/767 1022/2084/711 1025/2083/1431
f 1020/975/770 1019/974/760 1018/2044/727 1021/2043/1412
f 1515/2183/1433 1179/2184/1376 832/1019/792 506/1018/786
f 1480/1927/1461 1140/1930/1462 1141/1655/1163 1142/1654/1162
f 1482/1933/1463 1122/1936/1464 1123/932/734 1114/931/733
f 1484/1939/1465 1116/1942/1466 1117/1673/1171 1138/1672/1166
f 1486/1945/1467 1144/1948/1468 1145/1651/1161 1132/1650/1160
f 1144/1951/1468 1126/1954/1469 1127/1653/1158 1145/1652/1161
f 1489/1957/1470 1480/1960/1461 1142/1667/1162 1134/1666/1157
f 1490/1963/1471 1136/1966/1472 1137/1665/1165 1128/1664/1159
f 1492/1969/1473 1130/1972/1474 1131/1657/1164 1120/1656/1155
f 1140/1977/1462 1118/1980/1475 1119/1938/1154 1141/1937/1163
f 1136/1983/1472 1484/1986/1465 1138/1663/1166 1137/1662/1165
f 1495/1987/1476 1489/1990/1470 1134/1647/1157 1124/1646/1156
f 1130/1993/1474 1486/1996/1467 1132/1661/1160 1131/1660/1164
f 1126/1999/1469 1490/2002/1471 1128/1649/1159 1127/1648/1158
f 1122/2007/1464 1495/2010/1476 1124/1659/1156 1123/1658/734
f 1118/2013/1475 1492/2016/1473 1120/1645/1155 1119/1644/1154
f 1116/2019/1466 1084/2022/1477 1085/2120/1435 1117/2119/1171
f 1497/2028/1478 1110/2027/1479 1111/915/699 1108/914/718
f 1499/927/1480 1482/926/1463 1114/2110/733 1090/2109/694
f 1500/923/1481 1106/922/1482 1107/2118/723 1082/2117/1434
f 1502/2050/1483 1100/2049/1484 1101/913/697 1112/912/717
f 1504/917/1485 1502/916/1483 1112/2106/717 1094/2105/696
f 1110/2062/1479 1102/2061/1486 1103/895/700 1111/894/699
f 1506/2070/1487 1096/2069/1488 1097/2108/695 1104/2107/724
f 1508/2076/1489 1088/2075/1490 1089/2116/691 1098/2115/698
f 1510/905/1491 1497/904/1478 1108/2114/718 1086/2113/692
f 1106/2088/1482 1506/2087/1487 1104/921/724 1107/920/723
f 1102/2094/1486 1092/2093/1492 1093/2112/693 1103/2111/700
f 1100/2100/1484 1508/2099/1489 1098/893/698 1101/892/697
f 1096/2056/1488 1504/2055/1485 1094/891/696 1097/890/695
f 1092/2036/1492 1499/2035/1480 1090/889/694 1093/888/693
f 1088/2082/1490 1510/2081/1491 1086/887/692 1089/886/691
f 1084/2042/1477 1500/2041/1481 1082/2185/1434 1085/2186/1435
f 491/863/676 815/862/682 1085/2186/1435 1082/2185/1434
f 1512/2187/1493 1164/2188/1494 1165/2189/750 1146/2190/769
f 1514/2191/1495 1152/2192/1496 1153/977/761 1178/976/771
f 1516/2193/1497 1158/2194/1498 1159/981/768 1160/980/745
f 1518/2195/1499 1168/2196/1500 1169/989/758 1170/988/739
f 1520/2197/1501 1148/2198/1502 1149/949/738 1150/948/747
f 1522/2199/1503 1516/2200/1497 1160/945/745 1172/944/744
f 1148/2201/1502 1518/2202/1499 1170/937/739 1149/936/738
f 1164/2203/1494 1162/2204/1504 1163/953/751 1165/952/750
f 1524/2205/1505 1174/2206/1506 1175/2048/773 1154/2047/759
f 1526/2207/1507 1198/2208/1508 1199/2068/1199 1166/2067/704
f 1528/2209/1509 1526/2210/1507 1166/899/704 1156/898/703
f 1162/2211/1504 1528/2212/1509 1156/985/703 1163/984/751
f 1168/2213/1500 1524/2214/1505 1154/961/759 1169/960/758
f 1152/2215/1496 1520/2216/1501 1150/965/747 1153/964/761
f 1174/2217/1506 1522/2218/1503 1172/993/744 1175/992/773
f 1158/2219/1498 1512/2220/1493 1146/973/769 1159/972/768
f 1177/1680/1178 1196/1679/1177 1529/2221/1510 1530/2222/1511
f 1178/1716/771 1184/1715/1205 1531/2223/1512 1514/2224/1495
f 1193/1975/1207 1190/1974/1202 1532/2225/1513 1533/2226/1514
f 1205/2033/1173 1202/2032/1192 1534/2227/1515 1535/2228/1516
f 1183/2025/1411 1180/2024/1174 1536/2229/1517 1537/2230/1518
f 1207/1720/1208 1193/1719/1207 1533/2231/1514 1538/2232/1519
f 1180/1676/1174 1205/1675/1173 1535/2233/1516 1536/2234/1517
f 1196/1684/1177 1194/1683/1181 1539/2235/1520 1529/2236/1510
f 1187/1696/1190 1208/1695/1189 1540/2237/1521 1541/2238/1522
f 1201/1708/1200 1199/1707/1199 1198/2239/1508 1542/2240/1523
f 1189/1732/1211 1201/1731/1200 1542/2241/1523 1543/2242/1524
f 1194/1724/1181 1189/1723/1211 1543/2243/1524 1539/2244/1520
f 1202/1700/1192 1187/1699/1190 1541/2245/1522 1534/2246/1515
f 1184/2005/1205 1183/2004/1411 1537/2247/1518 1531/2248/1512
f 1208/1728/1189 1207/1727/1208 1538/2249/1519 1540/2250/1521
f 1190/1712/1202 1177/1711/1178 1530/2251/1511 1532/2252/1513
f 1046/2182/749 1045/2181/766 1146/2190/769 1165/2189/750
f 960/1915/2 944/1914/2 971/2253/2 988/2254/2
f 960/1915/2 988/2254/2 984/2255/2 961/1924/2
f 961/1924/2 984/2255/2 986/2256/2 955/1925/2
f 944/1914/2 939/1916/2 973/2257/2 971/2253/2
f 939/1916/2 942/1907/2 974/2170/2 973/2257/2
f 955/1925/2 986/2256/2 987/2179/2 958/1917/2
f 959/1918/2 978/2180/2 985/2177/2 949/1903/2
f 943/1906/2 934/1923/2 1234/2165/2 966/2169/2
f 956/1904/2 991/2178/2 983/2258/2 957/1905/2
f 940/1926/2 941/1896/2 970/2259/2 977/2164/2
f 975/2260/2 970/2259/2 941/1896/2 976/2125/2
f 989/2261/2 990/2121/2 957/1905/2 983/2258/2
f 1223/2262/2 982/2173/2 979/2166/2 1222/2263/2
f 1224/2264/2 1222/2263/2 979/2166/2 969/2159/2
f 1225/2265/2 1224/2264/2 969/2159/2 968/2158/2
f 1226/2266/2 981/2130/2 982/2173/2 1223/2262/2
f 952/1913/2 1214/2267/2 1211/2268/2 953/1899/2
f 936/1922/2 937/1921/2 1212/2269/2 1213/2270/2
f 937/1921/2 950/1900/2 1210/2271/2 1212/2269/2
f 953/1899/2 1211/2268/2 1210/2271/2 950/1900/2
f 936/1922/2 1213/2270/2 946/1902/2 935/1901/2
f 952/1913/2 951/1912/2 963/1909/2 1214/2267/2
f 1219/2272/2 1214/2267/2 963/1909/2 1220/2273/2
f 1218/2274/2 1221/2275/2 946/1902/2 1213/2270/2
f 1225/2265/2 1228/2276/2 1221/2275/2 1218/2274/2
f 1226/2266/2 1219/2272/2 1220/2273/2 1227/2277/2
f 1214/2267/2 1219/2272/2 1216/2278/2 1211/2268/2
f 1213/2270/2 1212/2269/2 1217/2279/2 1218/2274/2
f 1212/2269/2 1210/2271/2 1215/2280/2 1217/2279/2
f 1211/2268/2 1216/2278/2 1215/2280/2 1210/2271/2
f 946/1902/2 1221/2275/2 938/1910/2 945/1919/2
f 963/1909/2 962/1908/2 954/1920/2 1220/2273/2
f 981/2130/2 1226/2266/2 1227/2277/2 980/2124/2
f 968/2158/2 967/2126/2 1228/2276/2 1225/2265/2
f 1219/2272/2 1226/2266/2 1223/2262/2 1216/2278/2
f 1218/2274/2 1217/2279/2 1224/2264/2 1225/2265/2
f 1217/2279/2 1215/2280/2 1222/2263/2 1224/2264/2
f 1216/2278/2 1223/2262/2 1222/2263/2 1215/2280/2
f 938/1910/2 1221/2275/2 1228/2276/2 948/1911/2
f 954/1920/2 965/1898/2 1227/2277/2 1220/2273/2
f 980/2124/2 1227/2277/2 965/1898/2 990/2121/2
f 964/1897/2 957/1905/2 990/2121/2 965/1898/2
f 967/2126/2 976/2125/2 948/1911/2 1228/2276/2
f 947/1895/2 948/1911/2 976/2125/2 941/1896/2
f 1247/2281/1525 1246/2282/1526 1017/2139/1444 1011/2138/1443
f 1246/2282/1526 1248/2283/1527 1009/2153/1450 1017/2139/1444
f 1248/2283/1527 1249/2284/1528 1015/2168/1455 1009/2153/1450
f 1249/2284/1528 1250/2285/1529 1016/2122/1436 1015/2168/1455
f 1250/2285/1529 1251/2286/1530 1006/2123/1437 1016/2122/1436
f 1251/2286/1530 1252/2287/2 1007/2131/2 1006/2123/1437
f 1252/2287/2 1005/2167/2 1008/2174/2 1007/2131/2
f 1253/2288/1531 1247/2281/1525 1011/2138/1443 1004/2176/1459
f 1254/2289/1440 1253/2288/1531 1004/2176/1459 1013/2151/1440
f 1255/2290/1440 1254/2289/1440 1013/2151/1440 1012/2150/1440
f 1014/2147/1440 1255/2290/1440 1012/2150/1440 1010/2155/1440
f 997/2146/1440 999/2135/1440 1255/2290/1440 1014/2147/1440
f 999/2135/1440 1000/2134/1440 1254/2289/1440 1255/2290/1440
f 1000/2134/1440 992/2163/1454 1253/2288/1531 1254/2289/1440
f 992/2163/1454 998/2172/1457 1247/2281/1525 1253/2288/1531
f 994/2161/2 995/2160/2 1005/2167/2 1252/2287/2
f 993/2127/1438 994/2161/2 1252/2287/2 1251/2286/1530
f 1845/2128/1439 993/2127/1438 1251/2286/1530 1250/2285/1529
f 1001/2157/1452 1002/2128/1460 1250/2285/1529 1249/2284/1528
f 996/2142/1447 1001/2157/1452 1249/2284/1528 1248/2283/1527
f 1003/2143/1448 996/2142/1447 1248/2283/1527 1246/2282/1526
f 998/2172/1457 1003/2143/1448 1246/2282/1526 1247/2281/1525
f 1285/597/522 1282/596/518 1283/2291/422 1284/2292/421
f 1281/595/521 1278/594/516 1279/2293/424 1280/2294/423
f 1265/573/513 1272/572/512 1273/2295/425 1264/2296/431
f 1263/463/439 1270/462/438 1271/2297/426 1262/2298/432
f 1259/469/443 1266/468/442 1267/2299/429 1258/2300/435
f 1278/577/516 1259/576/443 1258/2301/435 1279/2302/424
f 1282/581/518 1263/580/439 1262/2303/432 1283/2304/422
f 1277/593/520 1274/592/515 1275/2305/436 1276/2306/428
f 1272/589/512 1285/588/522 1284/2307/421 1273/2308/425
f 1270/587/438 1281/586/521 1280/2309/423 1271/2310/426
f 1266/583/442 1296/582/519 1297/2311/430 1267/2312/429
f 1261/569/511 1268/568/510 1269/2313/427 1260/2314/434
f 1257/2315/514 1265/2316/513 1264/2317/431 1256/2318/437
f 1268/585/510 1277/584/520 1276/2319/428 1269/2320/427
f 1315/579/517 1261/578/511 1260/2321/434 1314/2322/433
f 1274/575/515 1257/574/514 1256/2323/437 1275/2324/436
f 1319/2325/920 1316/2326/919 1317/1356/998 1318/1357/1004
f 1313/2327/926 1310/2328/933 1311/1354/971 1312/1355/1003
f 1295/2329/929 1304/2330/925 1305/1340/1002 1294/1341/999
f 1293/2331/930 1302/2332/927 1303/1226/935 1292/1229/938
f 1289/2333/932 1298/2334/928 1299/1232/940 1288/1235/943
f 1310/2335/933 1289/2336/932 1288/1266/943 1311/1269/971
f 1316/2337/919 1293/2338/930 1292/1330/938 1317/1331/998
f 1309/2339/922 1306/2340/921 1307/1206/420 1308/1209/924
f 1304/2341/925 1319/2342/920 1318/1350/1004 1305/1351/1002
f 1302/2343/927 1313/2344/926 1312/1348/1003 1303/1349/935
f 1298/2345/928 1297/2346/430 1296/1342/519 1299/1343/940
f 1291/2347/931 1300/2348/939 1301/1338/1001 1290/1339/1000
f 1287/2349/934 1295/2350/929 1294/1334/999 1286/1335/417
f 1300/2351/939 1309/2352/922 1308/1346/924 1301/1347/1001
f 1314/2353/433 1291/2354/931 1290/1336/1000 1315/1337/517
f 1306/2355/921 1287/2356/934 1286/434/417 1307/437/420
f 1265/2316/513 1257/2315/514 333/513/483 332/512/480
f 1811/2357/1532 1812/2358/1533 1321/2359/821 1350/2360/827
f 1812/1138/1533 1322/1137/1534 1323/2361/822 1321/2362/821
f 1322/1142/1534 1324/1141/1535 1325/2363/831 1323/2364/822
f 1324/1144/1535 1326/1143/1536 1327/2365/832 1325/2366/831
f 1326/1146/1536 1328/1145/1537 1329/2367/835 1327/2368/832
f 1328/1149/1537 1330/1148/1538 1331/2369/837 1329/2370/835
f 1330/1120/1538 1332/1119/1539 1333/2371/839 1331/2372/837
f 1332/1122/1539 1334/1121/1540 1335/2373/841 1333/2374/839
f 1334/1124/1540 1336/1123/1541 1337/2375/843 1335/2376/841
f 1336/1126/1541 1338/1125/1542 1339/2377/845 1337/2378/843
f 1338/1128/1542 1340/1127/1543 1341/2379/847 1339/2380/845
f 1340/1130/1543 1342/1129/1544 1343/2381/849 1341/2382/847
f 1342/1132/1544 1344/1131/1545 1345/2383/851 1343/2384/849
f 1344/1134/1545 1346/1133/1546 1347/2385/817 1345/2386/851
f 1346/1136/1546 1348/1135/1547 1349/2387/818 1347/2388/817
f 1348/1140/1547 1382/1139/1548 1383/2389/825 1349/2390/818
f 1350/2391/827 1352/2392/830 1828/1839/1549 1811/1838/1532
f 1352/2393/830 1354/2394/1259 1829/1810/1550 1828/1809/1549
f 1354/2395/1259 1356/2396/1261 1830/1870/1551 1829/1869/1550
f 1356/2397/1261 1358/2398/1263 1831/1872/1552 1830/1871/1551
f 1358/2399/1263 1360/2400/1265 1832/1874/1553 1831/1873/1552
f 1360/2401/1265 1362/2402/1267 1833/1876/1554 1832/1875/1553
f 1362/2403/1267 1364/2404/1269 1834/1879/1555 1833/1878/1554
f 1364/2405/1269 1366/2406/1271 1835/1852/1556 1834/1851/1555
f 1366/2407/1271 1368/2408/1273 1836/1854/1557 1835/1853/1556
f 1368/2409/1273 1370/2410/1275 1837/1856/1558 1836/1855/1557
f 1370/2411/1275 1372/2412/1277 1838/1858/1559 1837/1857/1558
f 1372/2413/1277 1374/2414/1279 1839/1860/1560 1838/1859/1559
f 1374/2415/1279 1376/2416/1250 1840/1862/1561 1839/1861/1560
f 1376/2417/1250 1378/2418/1253 1841/1864/1562 1840/1863/1561
f 1378/2419/1253 1380/2420/1257 1842/1866/1563 1841/1865/1562
f 1380/2421/1257 1383/2422/825 1382/1868/1548 1842/1867/1563
f 865/1040/804 533/1039/803 1320/2358/880 1351/2357/1283
f 1446/2423/1564 1413/1450/1046 1409/1453/1033 1426/2424/1565
f 1447/2425/1566 1415/1446/1048 1414/1449/1043 1427/2426/1567
f 1445/2427/1568 1412/1442/1042 1415/1445/1048 1447/2428/1566
f 1442/2429/1569 1408/1438/1036 1404/1441/1024 1423/2430/1570
f 1444/2431/1571 1411/1434/1040 1402/1437/1005 1422/2432/1572
f 1443/2433/1573 1410/1430/1038 1407/1433/1032 1425/2434/1574
f 1433/2435/1575 1394/1426/570 1406/1429/1028 1424/2436/1576
f 1427/2437/1567 1414/1422/1043 1413/1425/1046 1446/2438/1564
f 1439/2439/1577 1401/1418/1008 1412/1421/1042 1445/2440/1568
f 1441/2441/1578 1405/1414/1031 1411/1417/1040 1444/2442/1571
f 1440/2443/1579 1403/1410/1027 1410/1413/1038 1443/2444/1573
f 1426/2445/1565 1409/1406/1033 1408/1409/1036 1442/2446/1569
f 1425/2447/1574 1407/1404/1032 1390/1405/555 1431/2448/1580
f 1424/2449/1576 1406/1400/1028 1405/1403/1031 1441/2450/1578
f 1423/2451/1570 1404/1396/1024 1403/1399/1027 1440/2452/1579
f 1422/2453/1572 1402/1358/1005 1401/1361/1008 1439/2454/1577
f 1437/2455/1581 1420/2456/1582 1393/691/556 1398/690/567
f 1438/2457/1583 1421/2458/1584 1399/687/566 1400/686/572
f 1436/2459/1585 1438/2460/1583 1400/683/572 1397/682/564
f 1432/2461/1586 1417/2462/1587 1387/679/546 1392/678/557
f 1435/2463/1588 1416/2464/1589 1385/675/523 1396/674/562
f 1434/2465/1590 1419/2466/1591 1391/671/554 1395/670/560
f 1433/2467/1575 1418/2468/1592 1389/667/550 1394/666/570
f 1421/2469/1584 1437/2470/1581 1398/663/567 1399/662/566
f 1428/2471/1593 1436/2472/1585 1397/659/564 1384/658/524
f 1430/2473/1594 1435/2474/1588 1396/655/562 1388/654/551
f 1429/2475/1595 1434/2476/1590 1395/651/560 1386/650/547
f 1420/2477/1582 1432/2478/1586 1392/647/557 1393/646/556
f 1419/2479/1591 1431/2480/1580 1390/645/555 1391/644/554
f 1418/2481/1592 1430/2482/1594 1388/641/551 1389/640/550
f 1417/2483/1587 1429/2484/1595 1386/637/547 1387/636/546
f 1416/2485/1589 1428/2486/1593 1384/599/524 1385/598/523
f 394/603/528 393/602/527 1428/2486/1593 1416/2485/1589
f 386/607/531 385/606/416 1429/2484/1595 1417/2483/1587
f 397/623/540 396/622/535 1430/2482/1594 1418/2481/1592
f 383/617/537 695/616/536 1431/2480/1580 1419/2479/1591
f 388/621/539 387/620/534 1432/2478/1586 1420/2477/1582
f 385/433/416 384/432/415 1434/2476/1590 1429/2475/1595
f 396/615/535 395/614/532 1435/2474/1588 1430/2473/1594
f 393/627/527 392/626/538 1436/2472/1585 1428/2471/1593
f 390/605/530 389/604/529 1437/2470/1581 1421/2469/1584
f 711/631/541 397/630/540 1418/2468/1592 1433/2467/1575
f 384/625/415 383/624/537 1419/2466/1591 1434/2465/1590
f 395/609/532 394/608/528 1416/2464/1589 1435/2463/1588
f 387/613/534 386/612/531 1417/2462/1587 1432/2461/1586
f 392/619/538 391/618/533 1438/2460/1583 1436/2459/1585
f 391/611/533 390/610/530 1421/2458/1584 1438/2457/1583
f 389/629/529 388/628/539 1420/2456/1582 1437/2455/1581
f 707/1362/1009 1422/2453/1572 1439/2454/1577 706/1363/1010
f 699/1366/1013 1423/2451/1570 1440/2452/1579 698/1367/917
f 710/1382/1021 1424/2449/1576 1441/2450/1578 709/1383/1017
f 696/1376/1018 1425/2447/1574 1431/2448/1580 695/1377/536
f 701/1380/1020 1426/2445/1565 1442/2446/1569 700/1381/1016
f 698/1200/917 1440/2443/1579 1443/2444/1573 697/1201/918
f 709/1374/1017 1441/2441/1578 1444/2442/1571 708/1375/1014
f 706/1386/1010 1439/2439/1577 1445/2440/1568 705/1387/1019
f 703/1364/1011 1427/2437/1567 1446/2438/1564 702/1365/1012
f 711/1390/541 1433/2435/1575 1424/2436/1576 710/1391/1021
f 697/1384/918 1443/2433/1573 1425/2434/1574 696/1385/1018
f 708/1368/1014 1444/2431/1571 1422/2432/1572 707/1369/1009
f 700/1372/1016 1442/2429/1569 1423/2430/1570 699/1373/1013
f 705/1378/1019 1445/2427/1568 1447/2428/1566 704/1379/1015
f 704/1370/1015 1447/2425/1566 1427/2426/1567 703/1371/1011
f 702/1388/1012 1446/2423/1564 1426/2424/1565 701/1389/1020
f 1843/2156/2 976/2125/2 1845/2128/1439
f 1239/2129/2 1015/2168/1455 1016/2122/1436
f 1914/2487/1596 1860/2488/1597 1850/2489/1598 1923/2490/1599
f 1918/2491/1600 1851/2492/1601 1854/2493/1602 1920/2494/1603
f 1925/2495/1604 1848/2496/1605 1849/2497/1606 1916/2498/1607
f 1920/2494/1603 1854/2493/1602 1855/2499/1608 1915/2500/1609
f 1913/2501/1610 1853/2502/1611 1859/2503/1612 1912/2504/1613
f 1911/2505/1614 1887/2506/1615 1856/2507/1616 1921/2508/1617
f 1916/2498/1607 1849/2497/1606 1877/2509/1618 1922/2510/1619
f 1912/2504/1613 1859/2503/1612 1860/2488/1597 1914/2487/1596
f 1923/2490/1599 1850/2489/1598 1857/2511/1620 1926/2512/1621
f 1917/2513/1622 1858/2514/1623 1847/2515/1624 1910/2516/1625
f 1919/2517/1626 1852/2518/1627 1853/2502/1611 1913/2501/1610
f 1924/2519/1628 1846/2520/1629 1852/2518/1627 1919/2517/1626
f 1915/2500/1609 1855/2499/1608 1846/2520/1629 1924/2519/1628
f 1910/2516/1625 1847/2515/1624 1848/2496/1605 1925/2495/1604
f 1921/2508/1617 1856/2507/1616 1851/2492/1601 1918/2491/1600
f 1926/2512/1621 1857/2511/1620 1858/2514/1623 1917/2513/1622
f 1930/2521/1630 1938/2522/1631 1881/2523/1632 1892/2524/1633
f 1934/2525/1634 1936/2526/1635 1885/2527/1636 1882/2528/1637
f 1940/2529/1638 1932/2530/1639 1880/2531/1640 1879/2532/1641
f 1936/2526/1635 1931/2533/1642 1886/2534/1643 1885/2527/1636
f 1929/2535/1644 1928/2536/1645 1891/2537/1646 1884/2538/1647
f 1911/2505/1614 1937/2539/1648 1888/2540/1649 1887/2506/1615
f 1932/2530/1639 1922/2510/1619 1877/2509/1618 1880/2531/1640
f 1928/2536/1645 1930/2521/1630 1892/2524/1633 1891/2537/1646
f 1938/2522/1631 1941/2541/1650 1889/2542/1651 1881/2523/1632
f 1933/2543/1652 1927/2544/1653 1878/2545/1654 1890/2546/1655
f 1935/2547/1656 1929/2535/1644 1884/2538/1647 1883/2548/1657
f 1939/2549/1658 1935/2547/1656 1883/2548/1657 1876/2550/1659
f 1931/2551/1642 1939/2549/1658 1876/2550/1659 1886/2552/1643
f 1927/2544/1653 1940/2529/1638 1879/2532/1641 1878/2545/1654
f 1937/2539/1648 1934/2525/1634 1882/2528/1637 1888/2540/1649
f 1941/2541/1650 1933/2543/1652 1890/2546/1655 1889/2542/1651
f 1896/2553/1660 1895/2554/1661 1933/2543/1652 1941/2541/1650
f 1897/2555/1662 1903/2556/1663 1934/2525/1634 1937/2539/1648
f 1907/2557/1664 1906/2558/1665 1940/2529/1638 1927/2544/1653
f 1899/2559/1666 1909/2560/1667 1939/2549/1658 1931/2551/1642
f 1909/2560/1667 1902/2561/1668 1935/2547/1656 1939/2549/1658
f 1902/2561/1668 1901/2562/1669 1929/2535/1644 1935/2547/1656
f 1895/2554/1661 1907/2557/1664 1927/2544/1653 1933/2543/1652
f 1904/2563/1670 1896/2553/1660 1941/2541/1650 1938/2522/1631
f 1894/2564/1671 1893/2565/1672 1930/2521/1630 1928/2536/1645
f 1905/2566/1673 1908/2567/1674 1922/2510/1619 1932/2530/1639
f 1898/2568/1675 1897/2555/1662 1937/2539/1648 1911/2505/1614
f 1901/2562/1669 1894/2564/1671 1928/2536/1645 1929/2535/1644
f 1900/2569/1676 1899/2570/1666 1931/2533/1642 1936/2526/1635
f 1906/2558/1665 1905/2566/1673 1932/2530/1639 1940/2529/1638
f 1903/2556/1663 1900/2569/1676 1936/2526/1635 1934/2525/1634
f 1893/2565/1672 1904/2563/1670 1938/2522/1631 1930/2521/1630
f 1864/2571/1677 1926/2512/1621 1917/2513/1622 1863/2572/1678
f 1865/2573/1679 1921/2508/1617 1918/2491/1600 1870/2574/1680
f 1874/2575/1681 1910/2516/1625 1925/2495/1604 1873/2576/1682
f 1866/2577/1683 1915/2500/1609 1924/2519/1628 1875/2578/1684
f 1875/2578/1684 1924/2519/1628 1919/2517/1626 1869/2579/1685
f 1869/2579/1685 1919/2517/1626 1913/2501/1610 1868/2580/1686
f 1863/2572/1678 1917/2513/1622 1910/2516/1625 1874/2575/1681
f 1871/2581/1687 1923/2490/1599 1926/2512/1621 1864/2571/1677
f 1862/2582/1688 1912/2504/1613 1914/2487/1596 1861/2583/1689
f 1872/2584/1690 1916/2498/1607 1922/2510/1619 1908/2567/1674
f 1898/2568/1675 1911/2505/1614 1921/2508/1617 1865/2573/1679
f 1868/2580/1686 1913/2501/1610 1912/2504/1613 1862/2582/1688
f 1867/2585/1691 1920/2494/1603 1915/2500/1609 1866/2577/1683
f 1873/2576/1682 1925/2495/1604 1916/2498/1607 1872/2584/1690
f 1870/2574/1680 1918/2491/1600 1920/2494/1603 1867/2585/1691
f 1861/2583/1689 1914/2487/1596 1923/2490/1599 1871/2581/1687
