# Blender 5.1.2
# www.blender.org
mtllib nuke.mtl
o Nuke_Low
v 0.057370 0.760381 -0.646628
v 0.094021 0.760381 -0.646619
v 0.057370 0.687347 -0.646628
v 0.094021 0.687347 -0.646619
v 0.094017 0.788998 -0.634016
v 0.094018 0.787718 -0.635735
v 0.057366 0.788998 -0.634026
v 0.057367 0.787718 -0.635745
v 0.057366 0.658730 -0.634026
v 0.057367 0.660010 -0.635745
v 0.094017 0.658730 -0.634016
v 0.094018 0.660010 -0.635735
v 0.057947 0.787993 -0.630297
v 0.058973 0.786252 -0.630055
v 0.057365 0.788998 -0.631245
v 0.092409 0.786252 -0.630046
v 0.093434 0.787993 -0.630287
v 0.094017 0.788998 -0.631236
v 0.057365 0.658730 -0.631245
v 0.057947 0.659735 -0.630297
v 0.058973 0.661476 -0.630055
v 0.094017 0.658730 -0.631236
v 0.093434 0.659735 -0.630287
v 0.092409 0.661476 -0.630046
v 0.646517 0.760381 0.054006
v 0.646574 0.760381 0.090657
v 0.646517 0.687347 0.054006
v 0.646574 0.687347 0.090657
v 0.633972 0.788998 0.090677
v 0.635691 0.787718 0.090674
v 0.633914 0.788998 0.054026
v 0.635633 0.787718 0.054023
v 0.633914 0.658730 0.054026
v 0.635633 0.660010 0.054023
v 0.633972 0.658730 0.090677
v 0.635691 0.660010 0.090674
v 0.630186 0.787993 0.054613
v 0.629946 0.786252 0.055640
v 0.631134 0.788998 0.054030
v 0.629999 0.786252 0.089075
v 0.630242 0.787993 0.090101
v 0.631191 0.788998 0.090681
v 0.631134 0.658730 0.054030
v 0.630186 0.659735 0.054613
v 0.629946 0.661476 0.055640
v 0.631191 0.658730 0.090681
v 0.630242 0.659735 0.090101
v 0.629999 0.661476 0.089075
v -0.073952 0.760381 0.642347
v -0.110587 0.760381 0.641283
v -0.073952 0.687347 0.642347
v -0.110587 0.687347 0.641283
v -0.110222 0.788998 0.628686
v -0.110271 0.787718 0.630404
v -0.073586 0.788998 0.629750
v -0.073636 0.787718 0.631468
v -0.073586 0.658730 0.629750
v -0.073636 0.660010 0.631468
v -0.110222 0.658730 0.628686
v -0.110271 0.660010 0.630404
v -0.074059 0.787993 0.626006
v -0.075078 0.786252 0.625734
v -0.073505 0.788998 0.626971
v -0.108499 0.786252 0.624763
v -0.109532 0.787993 0.624976
v -0.110141 0.788998 0.625907
v -0.073505 0.658730 0.626971
v -0.074059 0.659735 0.626006
v -0.075078 0.661476 0.625734
v -0.110141 0.658730 0.625907
v -0.109532 0.659735 0.624976
v -0.108499 0.661476 0.624763
v -0.644465 0.760381 -0.057413
v -0.644465 0.760381 -0.094064
v -0.644465 0.687347 -0.057413
v -0.644465 0.687347 -0.094064
v -0.631863 0.788998 -0.094064
v -0.633582 0.787718 -0.094064
v -0.631863 0.788998 -0.057413
v -0.633582 0.787718 -0.057413
v -0.631863 0.658730 -0.057413
v -0.633582 0.660010 -0.057413
v -0.631863 0.658730 -0.094064
v -0.633582 0.660010 -0.094064
v -0.628134 0.787993 -0.057994
v -0.627892 0.786252 -0.059021
v -0.629083 0.788998 -0.057413
v -0.627892 0.786252 -0.092456
v -0.628134 0.787993 -0.093482
v -0.629083 0.788998 -0.094064
v -0.629083 0.658730 -0.057413
v -0.628134 0.659735 -0.057994
v -0.627892 0.661476 -0.059021
v -0.629083 0.658730 -0.094064
v -0.628134 0.659735 -0.093482
v -0.627892 0.661476 -0.092456
v -0.093731 0.699863 0.641772
v -0.092269 0.699258 0.641815
v -0.090807 0.699863 0.641857
v -0.090201 0.701326 0.641875
v -0.090807 0.702788 0.641857
v -0.092269 0.703394 0.641815
v -0.093731 0.702788 0.641772
v -0.094336 0.701326 0.641755
v -0.095361 0.699863 0.697880
v -0.093899 0.699258 0.697923
v -0.092437 0.699863 0.697965
v -0.091831 0.701326 0.697983
v -0.092437 0.702788 0.697965
v -0.093899 0.703394 0.697923
v -0.095361 0.702788 0.697880
v -0.095966 0.701326 0.697863
v -0.092269 0.701326 0.641815
v -0.093899 0.701326 0.697923
v -0.093731 0.749590 0.641772
v -0.092269 0.748985 0.641815
v -0.090807 0.749590 0.641857
v -0.090201 0.751053 0.641875
v -0.090807 0.752515 0.641857
v -0.092269 0.753121 0.641815
v -0.093731 0.752515 0.641772
v -0.094336 0.751053 0.641755
v -0.095361 0.749590 0.697880
v -0.093899 0.748985 0.697923
v -0.092437 0.749590 0.697965
v -0.091831 0.751053 0.697983
v -0.092437 0.752515 0.697965
v -0.093899 0.753121 0.697923
v -0.095361 0.752515 0.697880
v -0.095966 0.751053 0.697863
v -0.092269 0.751053 0.641815
v -0.093899 0.751053 0.697923
v -0.093731 0.735891 0.641772
v -0.092269 0.735285 0.641815
v -0.090807 0.735891 0.641857
v -0.090201 0.737354 0.641875
v -0.090807 0.738816 0.641857
v -0.092269 0.739422 0.641815
v -0.093731 0.738816 0.641772
v -0.094336 0.737354 0.641755
v -0.095080 0.735891 0.688232
v -0.093618 0.735285 0.688274
v -0.092156 0.735891 0.688317
v -0.091551 0.737354 0.688334
v -0.092156 0.738816 0.688317
v -0.093618 0.739422 0.688274
v -0.095080 0.738816 0.688232
v -0.095686 0.737354 0.688214
v -0.092269 0.737354 0.641815
v -0.093731 0.715834 0.641772
v -0.092269 0.715228 0.641815
v -0.090807 0.715834 0.641857
v -0.090201 0.717296 0.641875
v -0.090807 0.718759 0.641857
v -0.092269 0.719365 0.641815
v -0.093731 0.718759 0.641772
v -0.094336 0.717296 0.641755
v -0.095080 0.715834 0.688232
v -0.093618 0.715228 0.688274
v -0.092156 0.715834 0.688317
v -0.091551 0.717296 0.688334
v -0.092156 0.718759 0.688317
v -0.093618 0.719365 0.688274
v -0.095080 0.718759 0.688232
v -0.095686 0.717296 0.688214
v -0.092269 0.717296 0.641815
v -0.093706 0.734910 0.691284
v -0.092248 0.735489 0.691454
v -0.091651 0.736887 0.691779
v -0.092265 0.738285 0.692069
v -0.093731 0.738864 0.692154
v -0.095189 0.738285 0.691984
v -0.095786 0.736887 0.691659
v -0.095171 0.735489 0.691369
v -0.093752 0.733166 0.692886
v -0.092304 0.733542 0.693381
v -0.091730 0.734451 0.694493
v -0.092367 0.735360 0.695569
v -0.093842 0.735737 0.695980
v -0.095291 0.735360 0.695484
v -0.095865 0.734451 0.694373
v -0.095227 0.733542 0.693296
v -0.093782 0.729603 0.693907
v -0.092337 0.729712 0.694538
v -0.091773 0.729975 0.695975
v -0.092420 0.730238 0.697377
v -0.093899 0.730347 0.697923
v -0.095344 0.730238 0.697292
v -0.095908 0.729975 0.695855
v -0.095261 0.729712 0.694453
v -0.093782 0.725047 0.693907
v -0.092337 0.724938 0.694538
v -0.091773 0.724675 0.695975
v -0.092420 0.724412 0.697377
v -0.093899 0.724303 0.697923
v -0.095344 0.724412 0.697292
v -0.095908 0.724675 0.695855
v -0.095261 0.724938 0.694453
v -0.093752 0.721484 0.692886
v -0.092304 0.721107 0.693381
v -0.091730 0.720199 0.694493
v -0.092367 0.719290 0.695569
v -0.093842 0.718913 0.695980
v -0.095291 0.719290 0.695484
v -0.095865 0.720199 0.694373
v -0.095227 0.721107 0.693296
v -0.093706 0.719740 0.691284
v -0.092248 0.719161 0.691454
v -0.091651 0.717763 0.691779
v -0.092265 0.716365 0.692069
v -0.093731 0.715786 0.692154
v -0.095189 0.716365 0.691984
v -0.095786 0.717763 0.691659
v -0.095171 0.719161 0.691369
v -0.644465 0.699863 -0.077200
v -0.644465 0.699257 -0.075738
v -0.644465 0.699863 -0.074275
v -0.644465 0.701326 -0.073669
v -0.644465 0.702788 -0.074275
v -0.644465 0.703394 -0.075738
v -0.644465 0.702788 -0.077200
v -0.644465 0.701326 -0.077806
v -0.700597 0.699863 -0.077200
v -0.700597 0.699257 -0.075738
v -0.700597 0.699863 -0.074275
v -0.700597 0.701326 -0.073669
v -0.700597 0.702788 -0.074275
v -0.700597 0.703394 -0.075738
v -0.700597 0.702788 -0.077200
v -0.700597 0.701326 -0.077806
v -0.644465 0.701326 -0.075738
v -0.700597 0.701326 -0.075738
v -0.644465 0.749590 -0.077200
v -0.644465 0.748984 -0.075738
v -0.644465 0.749590 -0.074275
v -0.644465 0.751053 -0.073669
v -0.644465 0.752515 -0.074275
v -0.644465 0.753121 -0.075738
v -0.644465 0.752515 -0.077200
v -0.644465 0.751053 -0.077806
v -0.700597 0.749590 -0.077200
v -0.700597 0.748984 -0.075738
v -0.700597 0.749590 -0.074275
v -0.700597 0.751053 -0.073669
v -0.700597 0.752515 -0.074275
v -0.700597 0.753121 -0.075738
v -0.700597 0.752515 -0.077200
v -0.700597 0.751053 -0.077806
v -0.644465 0.751053 -0.075738
v -0.700597 0.751053 -0.075738
v -0.644465 0.735891 -0.077200
v -0.644465 0.735285 -0.075738
v -0.644465 0.735891 -0.074275
v -0.644465 0.737354 -0.073669
v -0.644465 0.738816 -0.074275
v -0.644465 0.739422 -0.075738
v -0.644465 0.738816 -0.077200
v -0.644465 0.737354 -0.077806
v -0.690944 0.735891 -0.077200
v -0.690944 0.735285 -0.075738
v -0.690944 0.735891 -0.074275
v -0.690944 0.737354 -0.073669
v -0.690944 0.738816 -0.074275
v -0.690944 0.739422 -0.075738
v -0.690944 0.738816 -0.077200
v -0.690944 0.737354 -0.077806
v -0.644465 0.737354 -0.075738
v -0.644465 0.715834 -0.077200
v -0.644465 0.715228 -0.075738
v -0.644465 0.715834 -0.074275
v -0.644465 0.717296 -0.073669
v -0.644465 0.718759 -0.074275
v -0.644465 0.719365 -0.075738
v -0.644465 0.718759 -0.077200
v -0.644465 0.717296 -0.077806
v -0.690944 0.715834 -0.077200
v -0.690944 0.715228 -0.075738
v -0.690944 0.715834 -0.074275
v -0.690944 0.717296 -0.073669
v -0.690944 0.718759 -0.074275
v -0.690944 0.719365 -0.075738
v -0.690944 0.718759 -0.077200
v -0.690944 0.717296 -0.077806
v -0.644465 0.717296 -0.075738
v -0.693955 0.734910 -0.075738
v -0.694083 0.735489 -0.074275
v -0.694390 0.736887 -0.073669
v -0.694698 0.738285 -0.074275
v -0.694826 0.738864 -0.075738
v -0.694698 0.738285 -0.077200
v -0.694390 0.736887 -0.077806
v -0.694083 0.735489 -0.077200
v -0.695558 0.733166 -0.075738
v -0.696011 0.733542 -0.074275
v -0.697105 0.734451 -0.073669
v -0.698200 0.735360 -0.074275
v -0.698653 0.735737 -0.075738
v -0.698200 0.735360 -0.077200
v -0.697105 0.734451 -0.077806
v -0.696011 0.733542 -0.077200
v -0.696580 0.729603 -0.075738
v -0.697168 0.729712 -0.074275
v -0.698588 0.729975 -0.073669
v -0.700008 0.730238 -0.074275
v -0.700597 0.730346 -0.075738
v -0.700008 0.730238 -0.077200
v -0.698588 0.729975 -0.077806
v -0.697168 0.729712 -0.077200
v -0.696580 0.725047 -0.075738
v -0.697168 0.724938 -0.074275
v -0.698588 0.724675 -0.073669
v -0.700008 0.724412 -0.074275
v -0.700597 0.724303 -0.075738
v -0.700008 0.724412 -0.077200
v -0.698588 0.724675 -0.077806
v -0.697168 0.724938 -0.077200
v -0.695558 0.721484 -0.075738
v -0.696011 0.721107 -0.074275
v -0.697105 0.720199 -0.073669
v -0.698200 0.719290 -0.074275
v -0.698653 0.718913 -0.075738
v -0.698200 0.719290 -0.077200
v -0.697105 0.720199 -0.077806
v -0.696011 0.721107 -0.077200
v -0.693955 0.719740 -0.075738
v -0.694083 0.719161 -0.074275
v -0.694390 0.717763 -0.073669
v -0.694698 0.716365 -0.074275
v -0.694826 0.715786 -0.075738
v -0.694698 0.716365 -0.077200
v -0.694390 0.717763 -0.077806
v -0.694083 0.719161 -0.077200
v 0.646548 0.699863 0.073793
v 0.646546 0.699257 0.072331
v 0.646543 0.699863 0.070868
v 0.646542 0.701326 0.070262
v 0.646543 0.702788 0.070868
v 0.646546 0.703394 0.072331
v 0.646548 0.702788 0.073793
v 0.646549 0.701326 0.074399
v 0.702679 0.699863 0.073705
v 0.702677 0.699257 0.072242
v 0.702674 0.699863 0.070780
v 0.702674 0.701326 0.070174
v 0.702674 0.702788 0.070780
v 0.702677 0.703394 0.072242
v 0.702679 0.702788 0.073705
v 0.702680 0.701326 0.074311
v 0.646546 0.701326 0.072331
v 0.702677 0.701326 0.072242
v 0.646548 0.749590 0.073793
v 0.646546 0.748984 0.072331
v 0.646543 0.749590 0.070868
v 0.646542 0.751053 0.070262
v 0.646543 0.752515 0.070868
v 0.646546 0.753121 0.072331
v 0.646548 0.752515 0.073793
v 0.646549 0.751053 0.074399
v 0.702679 0.749590 0.073705
v 0.702677 0.748984 0.072242
v 0.702674 0.749590 0.070780
v 0.702674 0.751053 0.070174
v 0.702674 0.752515 0.070780
v 0.702677 0.753121 0.072242
v 0.702679 0.752515 0.073705
v 0.702680 0.751053 0.074311
v 0.646546 0.751053 0.072331
v 0.702677 0.751053 0.072242
v 0.646548 0.735891 0.073793
v 0.646546 0.735285 0.072331
v 0.646543 0.735891 0.070868
v 0.646542 0.737354 0.070262
v 0.646543 0.738816 0.070868
v 0.646546 0.739422 0.072331
v 0.646548 0.738816 0.073793
v 0.646549 0.737354 0.074399
v 0.693027 0.735891 0.073720
v 0.693024 0.735285 0.072257
v 0.693022 0.735891 0.070795
v 0.693021 0.737354 0.070189
v 0.693022 0.738816 0.070795
v 0.693024 0.739422 0.072257
v 0.693027 0.738816 0.073720
v 0.693028 0.737354 0.074326
v 0.646546 0.737354 0.072331
v 0.646548 0.715834 0.073793
v 0.646546 0.715228 0.072331
v 0.646543 0.715834 0.070868
v 0.646542 0.717296 0.070262
v 0.646543 0.718759 0.070868
v 0.646546 0.719365 0.072331
v 0.646548 0.718759 0.073793
v 0.646549 0.717296 0.074399
v 0.693027 0.715834 0.073720
v 0.693024 0.715228 0.072257
v 0.693022 0.715834 0.070795
v 0.693021 0.717296 0.070189
v 0.693022 0.718759 0.070795
v 0.693024 0.719365 0.072257
v 0.693027 0.718759 0.073720
v 0.693028 0.717296 0.074326
v 0.646546 0.717296 0.072331
v 0.696035 0.734910 0.072253
v 0.696160 0.735489 0.070790
v 0.696467 0.736887 0.070184
v 0.696776 0.738285 0.070789
v 0.696906 0.738864 0.072251
v 0.696781 0.738285 0.073714
v 0.696474 0.736887 0.074320
v 0.696165 0.735489 0.073715
v 0.697638 0.733166 0.072250
v 0.698089 0.733542 0.070787
v 0.699182 0.734451 0.070179
v 0.700278 0.735360 0.070783
v 0.700733 0.735737 0.072245
v 0.700282 0.735360 0.073709
v 0.699189 0.734451 0.074316
v 0.698094 0.733542 0.073712
v 0.698660 0.729603 0.072249
v 0.699246 0.729712 0.070785
v 0.700665 0.729975 0.070177
v 0.702086 0.730238 0.070781
v 0.702677 0.730346 0.072242
v 0.702091 0.730238 0.073706
v 0.700671 0.729975 0.074314
v 0.699250 0.729712 0.073710
v 0.698660 0.725047 0.072249
v 0.699246 0.724938 0.070785
v 0.700665 0.724675 0.070177
v 0.702086 0.724412 0.070781
v 0.702677 0.724303 0.072242
v 0.702091 0.724412 0.073706
v 0.700671 0.724675 0.074314
v 0.699250 0.724938 0.073710
v 0.697638 0.721484 0.072250
v 0.698089 0.721107 0.070787
v 0.699182 0.720199 0.070179
v 0.700278 0.719290 0.070783
v 0.700733 0.718913 0.072245
v 0.700282 0.719290 0.073709
v 0.699189 0.720199 0.074316
v 0.698094 0.721107 0.073712
v 0.696035 0.719740 0.072253
v 0.696160 0.719161 0.070790
v 0.696467 0.717763 0.070184
v 0.696776 0.716365 0.070789
v 0.696906 0.715786 0.072251
v 0.696781 0.716365 0.073714
v 0.696474 0.717763 0.074320
v 0.696165 0.719161 0.073715
v 0.077157 0.699863 -0.646623
v 0.075694 0.699257 -0.646623
v 0.074232 0.699863 -0.646624
v 0.073626 0.701326 -0.646624
v 0.074232 0.702788 -0.646624
v 0.075694 0.703394 -0.646623
v 0.077157 0.702788 -0.646623
v 0.077763 0.701326 -0.646623
v 0.077172 0.699863 -0.702754
v 0.075709 0.699257 -0.702755
v 0.074247 0.699863 -0.702755
v 0.073641 0.701326 -0.702755
v 0.074247 0.702788 -0.702755
v 0.075709 0.703394 -0.702755
v 0.077172 0.702788 -0.702754
v 0.077778 0.701326 -0.702754
v 0.075694 0.701326 -0.646623
v 0.075709 0.701326 -0.702755
v 0.077157 0.749590 -0.646623
v 0.075694 0.748984 -0.646623
v 0.074232 0.749590 -0.646624
v 0.073626 0.751053 -0.646624
v 0.074232 0.752515 -0.646624
v 0.075694 0.753121 -0.646623
v 0.077157 0.752515 -0.646623
v 0.077763 0.751053 -0.646623
v 0.077172 0.749590 -0.702754
v 0.075709 0.748984 -0.702755
v 0.074247 0.749590 -0.702755
v 0.073641 0.751053 -0.702755
v 0.074247 0.752515 -0.702755
v 0.075709 0.753121 -0.702755
v 0.077172 0.752515 -0.702754
v 0.077778 0.751053 -0.702754
v 0.075694 0.751053 -0.646623
v 0.075709 0.751053 -0.702755
v 0.077157 0.735891 -0.646623
v 0.075694 0.735285 -0.646623
v 0.074232 0.735891 -0.646624
v 0.073626 0.737354 -0.646624
v 0.074232 0.738816 -0.646624
v 0.075694 0.739422 -0.646623
v 0.077157 0.738816 -0.646623
v 0.077763 0.737354 -0.646623
v 0.077169 0.735891 -0.693102
v 0.075707 0.735285 -0.693102
v 0.074244 0.735891 -0.693103
v 0.073638 0.737354 -0.693103
v 0.074244 0.738816 -0.693103
v 0.075707 0.739422 -0.693102
v 0.077169 0.738816 -0.693102
v 0.077775 0.737354 -0.693102
v 0.075694 0.737354 -0.646623
v 0.077157 0.715834 -0.646623
v 0.075694 0.715228 -0.646623
v 0.074232 0.715834 -0.646624
v 0.073626 0.717296 -0.646624
v 0.074232 0.718759 -0.646624
v 0.075694 0.719365 -0.646623
v 0.077157 0.718759 -0.646623
v 0.077763 0.717296 -0.646623
v 0.077169 0.715834 -0.693102
v 0.075707 0.715228 -0.693102
v 0.074244 0.715834 -0.693103
v 0.073638 0.717296 -0.693103
v 0.074244 0.718759 -0.693103
v 0.075707 0.719365 -0.693102
v 0.077169 0.718759 -0.693102
v 0.077775 0.717296 -0.693102
v 0.075694 0.717296 -0.646623
v 0.075708 0.734910 -0.696113
v 0.074245 0.735489 -0.696241
v 0.073639 0.736887 -0.696549
v 0.074245 0.738285 -0.696856
v 0.075708 0.738864 -0.696984
v 0.077170 0.738285 -0.696856
v 0.077776 0.736887 -0.696548
v 0.077170 0.735489 -0.696240
v 0.075708 0.733166 -0.697716
v 0.074245 0.733542 -0.698170
v 0.073640 0.734451 -0.699264
v 0.074246 0.735360 -0.700358
v 0.075709 0.735737 -0.700811
v 0.077171 0.735360 -0.700357
v 0.077777 0.734451 -0.699263
v 0.077171 0.733542 -0.698169
v 0.075708 0.729603 -0.698738
v 0.074246 0.729712 -0.699326
v 0.073640 0.729975 -0.700746
v 0.074246 0.730238 -0.702167
v 0.075709 0.730346 -0.702755
v 0.077172 0.730238 -0.702166
v 0.077777 0.729975 -0.700745
v 0.077171 0.729712 -0.699325
v 0.075708 0.725047 -0.698738
v 0.074246 0.724938 -0.699326
v 0.073640 0.724675 -0.700746
v 0.074246 0.724412 -0.702167
v 0.075709 0.724303 -0.702755
v 0.077172 0.724412 -0.702166
v 0.077777 0.724675 -0.700745
v 0.077171 0.724938 -0.699325
v 0.075708 0.721484 -0.697716
v 0.074245 0.721107 -0.698170
v 0.073640 0.720198 -0.699264
v 0.074246 0.719290 -0.700358
v 0.075709 0.718913 -0.700811
v 0.077171 0.719290 -0.700357
v 0.077777 0.720198 -0.699263
v 0.077171 0.721107 -0.698169
v 0.075708 0.719740 -0.696113
v 0.074245 0.719161 -0.696241
v 0.073639 0.717763 -0.696549
v 0.074245 0.716365 -0.696856
v 0.075708 0.715786 -0.696984
v 0.077170 0.716365 -0.696856
v 0.077776 0.717763 -0.696548
v 0.077170 0.719161 -0.696240
v -0.632587 0.898912 0.021554
v -0.632076 0.898912 -0.035326
v -0.635502 0.898288 0.021527
v -0.634991 0.898288 -0.035352
v -0.635023 0.898288 -0.031797
v -0.632108 0.898912 -0.031770
v -0.635470 0.898288 0.017972
v -0.632556 0.898912 0.017999
v -0.649886 0.819754 0.020705
v -0.650092 0.817935 0.018829
v -0.650149 0.817276 0.016294
v -0.649587 0.822264 0.021401
v -0.632587 0.822392 0.021554
v -0.632581 0.819837 0.020872
v -0.632565 0.817963 0.019006
v -0.632542 0.817276 0.016453
v -0.649626 0.817935 -0.032916
v -0.649388 0.819754 -0.034788
v -0.649076 0.822264 -0.035479
v -0.649729 0.817276 -0.030383
v -0.632076 0.822392 -0.035326
v -0.632082 0.819837 -0.034645
v -0.632099 0.817963 -0.032778
v -0.632122 0.817276 -0.030225
v -0.632114 0.823633 -0.031089
v -0.632131 0.821760 -0.029223
v -0.632154 0.821073 -0.026670
v -0.632108 0.826188 -0.031770
v -0.632533 0.821760 0.015451
v -0.632550 0.823633 0.017317
v -0.632556 0.826188 0.017999
v -0.632510 0.821073 0.012897
v -0.649646 0.821801 -0.029419
v -0.649386 0.823739 -0.031268
v -0.649055 0.826323 -0.031923
v -0.649761 0.821073 -0.026828
v -0.649821 0.823739 0.017185
v -0.650048 0.821801 0.015332
v -0.650117 0.821073 0.012739
v -0.649502 0.826323 0.017846
v -0.649594 0.816718 0.020201
v -0.647998 0.816718 0.021826
v -0.645802 0.816718 0.022436
v -0.650164 0.816718 0.017995
v -0.645802 0.775058 0.022436
v -0.647998 0.775058 0.021826
v -0.649594 0.775058 0.020201
v -0.650164 0.775058 0.017995
v -0.647479 0.816718 -0.035875
v -0.649105 0.816718 -0.034279
v -0.649714 0.816718 -0.032083
v -0.645273 0.816718 -0.036445
v -0.645273 0.775058 -0.036445
v -0.649714 0.775058 -0.032083
v -0.649105 0.775058 -0.034279
v -0.647479 0.775058 -0.035875
v -0.634792 0.816718 0.021945
v -0.633166 0.816718 0.020348
v -0.632557 0.816718 0.018153
v -0.636998 0.816718 0.022514
v -0.633166 0.775058 0.020348
v -0.634792 0.775058 0.021945
v -0.636998 0.775058 0.022514
v -0.632557 0.775058 0.018153
v -0.632677 0.816718 -0.034131
v -0.634274 0.816718 -0.035757
v -0.636469 0.816718 -0.036366
v -0.632107 0.816718 -0.031925
v -0.634274 0.775058 -0.035757
v -0.632677 0.775058 -0.034131
v -0.632107 0.775058 -0.031925
v -0.636469 0.775058 -0.036366
v -0.632076 0.692970 -0.035326
v -0.632587 0.692970 0.021554
v -0.634991 0.693593 -0.035352
v -0.635502 0.693593 0.021527
v -0.635470 0.693593 0.017972
v -0.632556 0.692970 0.017999
v -0.635023 0.693593 -0.031797
v -0.632108 0.692970 -0.031770
v -0.649388 0.772128 -0.034788
v -0.649626 0.773947 -0.032916
v -0.649729 0.774605 -0.030383
v -0.649076 0.769617 -0.035479
v -0.632076 0.769490 -0.035326
v -0.632082 0.772044 -0.034645
v -0.632099 0.773918 -0.032778
v -0.632122 0.774605 -0.030225
v -0.650092 0.773947 0.018829
v -0.649886 0.772128 0.020705
v -0.649587 0.769617 0.021401
v -0.650149 0.774605 0.016294
v -0.632587 0.769490 0.021554
v -0.632581 0.772044 0.020872
v -0.632565 0.773918 0.019006
v -0.632542 0.774605 0.016453
v -0.632550 0.768248 0.017317
v -0.632533 0.770122 0.015451
v -0.632510 0.770809 0.012897
v -0.632556 0.765693 0.017999
v -0.632131 0.770122 -0.029223
v -0.632114 0.768248 -0.031089
v -0.632108 0.765693 -0.031770
v -0.632154 0.770809 -0.026670
v -0.650048 0.770080 0.015332
v -0.649821 0.768143 0.017185
v -0.649502 0.765558 0.017846
v -0.650117 0.770809 0.012739
v -0.649386 0.768143 -0.031268
v -0.649646 0.770080 -0.029419
v -0.649761 0.770809 -0.026828
v -0.649055 0.765558 -0.031923
v -0.542235 -0.641555 0.246598
v -0.563407 -0.641983 0.193805
v -0.544751 -0.642786 0.247617
v -0.565923 -0.643214 0.194823
v -0.564600 -0.643188 0.198123
v -0.562084 -0.641956 0.197105
v -0.546074 -0.642813 0.244317
v -0.543558 -0.641582 0.243298
v -0.546264 -0.723529 0.248130
v -0.546796 -0.725368 0.246340
v -0.547680 -0.726047 0.243970
v -0.546233 -0.721006 0.248845
v -0.530855 -0.717250 0.242648
v -0.530595 -0.719751 0.241829
v -0.530913 -0.721595 0.239961
v -0.531725 -0.722286 0.237541
v -0.566057 -0.725757 0.198313
v -0.566919 -0.723947 0.196625
v -0.567405 -0.721434 0.196052
v -0.565055 -0.726398 0.200646
v -0.552027 -0.717678 0.189854
v -0.551260 -0.720169 0.190301
v -0.550189 -0.721985 0.191897
v -0.549100 -0.722637 0.194217
v -0.550699 -0.716433 0.193877
v -0.549629 -0.718249 0.195473
v -0.548539 -0.718901 0.197793
v -0.551466 -0.713942 0.193430
v -0.533000 -0.717913 0.236937
v -0.532682 -0.716069 0.238805
v -0.532941 -0.713568 0.239624
v -0.533812 -0.718604 0.234517
v -0.565523 -0.721951 0.201835
v -0.566380 -0.720020 0.200170
v -0.566850 -0.717431 0.199628
v -0.564495 -0.722663 0.204222
v -0.548345 -0.719656 0.245141
v -0.548865 -0.721614 0.243371
v -0.549766 -0.722365 0.240946
v -0.548325 -0.717057 0.245821
v -0.530187 -0.801737 0.181778
v -0.509015 -0.801309 0.234571
v -0.532953 -0.801751 0.182888
v -0.511781 -0.801323 0.235681
v -0.513105 -0.801350 0.232381
v -0.510338 -0.801336 0.231271
v -0.531630 -0.801724 0.186188
v -0.528864 -0.801710 0.185078
v -0.565595 -0.729060 0.196137
v -0.565464 -0.727317 0.198089
v -0.564726 -0.726672 0.200518
v -0.565071 -0.731453 0.195198
v -0.549642 -0.727946 0.188982
v -0.549901 -0.725445 0.189801
v -0.549583 -0.723601 0.191669
v -0.548771 -0.722910 0.194089
v -0.546203 -0.726928 0.246117
v -0.544939 -0.728643 0.247642
v -0.543899 -0.731025 0.247992
v -0.547351 -0.726321 0.243842
v -0.528469 -0.727518 0.241775
v -0.529236 -0.725028 0.241328
v -0.530308 -0.723211 0.239733
v -0.531396 -0.722559 0.237413
v -0.529797 -0.728763 0.237753
v -0.530868 -0.726947 0.236157
v -0.531956 -0.726295 0.233837
v -0.529030 -0.731254 0.238200
v -0.547497 -0.727283 0.194693
v -0.547815 -0.729127 0.192825
v -0.547555 -0.731628 0.192006
v -0.546684 -0.726592 0.197113
v -0.546717 -0.730729 0.242586
v -0.545417 -0.732556 0.244073
v -0.544358 -0.735006 0.244378
v -0.547911 -0.730056 0.240266
v -0.563453 -0.732920 0.199101
v -0.563375 -0.731065 0.201049
v -0.562639 -0.730354 0.203542
v -0.562884 -0.735380 0.198184
v -0.435085 0.898912 0.458992
v -0.474578 0.898912 0.418054
v -0.437184 0.898289 0.461016
v -0.476676 0.898289 0.420078
v -0.474207 0.898289 0.422637
v -0.472109 0.898912 0.420613
v -0.439652 0.898289 0.458457
v -0.437554 0.898912 0.456433
v -0.448022 0.819754 0.470508
v -0.449483 0.817935 0.469314
v -0.451300 0.817276 0.467545
v -0.447320 0.822264 0.470795
v -0.435085 0.822392 0.458992
v -0.435559 0.819837 0.458502
v -0.436854 0.817964 0.457158
v -0.438627 0.817276 0.455321
v -0.485410 0.817935 0.432071
v -0.486552 0.819754 0.430568
v -0.486813 0.822264 0.429857
v -0.483709 0.817276 0.433950
v -0.474578 0.822392 0.418054
v -0.474105 0.819837 0.418544
v -0.472809 0.817964 0.419887
v -0.471036 0.817276 0.421725
v -0.471636 0.823633 0.421103
v -0.470341 0.821760 0.422447
v -0.468568 0.821073 0.424284
v -0.472109 0.826188 0.420613
v -0.439323 0.821760 0.454600
v -0.438027 0.823633 0.455943
v -0.437554 0.826188 0.456433
v -0.441096 0.821073 0.452762
v -0.482974 0.821801 0.434580
v -0.484084 0.823739 0.433078
v -0.484306 0.826323 0.432379
v -0.481240 0.821073 0.436509
v -0.450442 0.823739 0.467951
v -0.451903 0.821801 0.466789
v -0.453769 0.821073 0.464986
v -0.449751 0.826323 0.468199
v -0.448167 0.816718 0.469944
v -0.445889 0.816718 0.469985
v -0.443895 0.816718 0.468881
v -0.450119 0.816718 0.468769
v -0.443895 0.775058 0.468881
v -0.445889 0.775058 0.469985
v -0.448167 0.775058 0.469944
v -0.450119 0.775058 0.468769
v -0.485952 0.816718 0.428455
v -0.485993 0.816718 0.430733
v -0.484889 0.816718 0.432727
v -0.484777 0.816718 0.426503
v -0.484777 0.775058 0.426503
v -0.484889 0.775058 0.432727
v -0.485993 0.775058 0.430733
v -0.485952 0.775058 0.428455
v -0.436384 0.816718 0.460816
v -0.436343 0.816718 0.458538
v -0.437447 0.816718 0.456544
v -0.437559 0.816718 0.462768
v -0.436343 0.775058 0.458538
v -0.436384 0.775058 0.460816
v -0.437559 0.775058 0.462768
v -0.437447 0.775058 0.456544
v -0.474169 0.816718 0.419327
v -0.476447 0.816718 0.419286
v -0.478440 0.816718 0.420390
v -0.472217 0.816718 0.420502
v -0.476447 0.775058 0.419286
v -0.474169 0.775058 0.419327
v -0.472217 0.775058 0.420502
v -0.478440 0.775058 0.420390
v -0.474578 0.692970 0.418054
v -0.435085 0.692970 0.458992
v -0.476676 0.693593 0.420078
v -0.437184 0.693593 0.461016
v -0.439652 0.693593 0.458457
v -0.437554 0.692970 0.456433
v -0.474207 0.693593 0.422637
v -0.472109 0.692970 0.420613
v -0.486552 0.772128 0.430569
v -0.485410 0.773947 0.432071
v -0.483709 0.774605 0.433950
v -0.486813 0.769617 0.429857
v -0.474578 0.769490 0.418054
v -0.474105 0.772044 0.418544
v -0.472809 0.773918 0.419887
v -0.471036 0.774605 0.421725
v -0.449483 0.773947 0.469314
v -0.448022 0.772128 0.470508
v -0.447320 0.769617 0.470795
v -0.451300 0.774605 0.467545
v -0.435085 0.769490 0.458992
v -0.435559 0.772044 0.458502
v -0.436854 0.773918 0.457158
v -0.438627 0.774605 0.455321
v -0.438027 0.768248 0.455943
v -0.439323 0.770122 0.454600
v -0.441096 0.770809 0.452762
v -0.437554 0.765693 0.456433
v -0.470341 0.770122 0.422447
v -0.471636 0.768248 0.421103
v -0.472109 0.765693 0.420613
v -0.468568 0.770809 0.424284
v -0.451903 0.770080 0.466789
v -0.450442 0.768143 0.467951
v -0.449751 0.765558 0.468199
v -0.453769 0.770809 0.464986
v -0.484084 0.768143 0.433078
v -0.482974 0.770080 0.434580
v -0.481240 0.770809 0.436509
v -0.484306 0.765558 0.432379
v -0.212931 -0.641555 0.556234
v -0.265030 -0.641982 0.533405
v -0.214012 -0.642786 0.558723
v -0.266111 -0.643214 0.535895
v -0.262854 -0.643188 0.537322
v -0.261773 -0.641956 0.534832
v -0.217269 -0.642813 0.557297
v -0.216188 -0.641582 0.554807
v -0.214732 -0.723529 0.560150
v -0.216366 -0.725368 0.559246
v -0.218657 -0.726047 0.558174
v -0.214209 -0.721006 0.560639
v -0.207580 -0.717250 0.545441
v -0.207969 -0.719751 0.544675
v -0.209504 -0.721595 0.543565
v -0.211780 -0.722286 0.542408
v -0.263761 -0.725757 0.538479
v -0.265559 -0.723947 0.537878
v -0.266308 -0.721434 0.537810
v -0.261411 -0.726398 0.539440
v -0.259679 -0.717678 0.522612
v -0.258819 -0.720169 0.522394
v -0.256936 -0.721984 0.522782
v -0.254534 -0.722637 0.523674
v -0.255913 -0.716433 0.524552
v -0.254030 -0.718249 0.524940
v -0.251628 -0.718901 0.525833
v -0.256773 -0.713942 0.524771
v -0.213112 -0.717913 0.542870
v -0.211576 -0.716069 0.543980
v -0.211188 -0.713568 0.544745
v -0.215387 -0.718604 0.541712
v -0.260912 -0.721951 0.540617
v -0.262691 -0.720019 0.540029
v -0.263406 -0.717431 0.539972
v -0.258506 -0.722663 0.541599
v -0.218311 -0.719655 0.559475
v -0.219922 -0.721614 0.558577
v -0.222265 -0.722365 0.557479
v -0.217820 -0.717056 0.559946
v -0.249757 -0.801737 0.501547
v -0.197658 -0.801309 0.524375
v -0.250953 -0.801751 0.504277
v -0.198854 -0.801323 0.527105
v -0.202111 -0.801350 0.525678
v -0.200915 -0.801336 0.522948
v -0.247697 -0.801724 0.505704
v -0.246500 -0.801710 0.502974
v -0.264956 -0.729060 0.536602
v -0.263496 -0.727316 0.537903
v -0.261267 -0.726672 0.539119
v -0.265240 -0.731453 0.535565
v -0.258588 -0.727946 0.520319
v -0.258200 -0.725445 0.521085
v -0.256664 -0.723601 0.522194
v -0.254389 -0.722910 0.523352
v -0.216099 -0.726928 0.558671
v -0.214128 -0.728643 0.558874
v -0.213142 -0.731025 0.558394
v -0.218513 -0.726321 0.557852
v -0.206490 -0.727518 0.543147
v -0.207350 -0.725028 0.543366
v -0.209233 -0.723211 0.542979
v -0.211635 -0.722559 0.542086
v -0.210256 -0.728763 0.541207
v -0.212138 -0.726946 0.540820
v -0.214541 -0.726295 0.539927
v -0.209396 -0.731254 0.540989
v -0.253057 -0.727283 0.522890
v -0.254593 -0.729127 0.521780
v -0.254981 -0.731628 0.521014
v -0.250781 -0.726592 0.524047
v -0.218941 -0.730729 0.556512
v -0.216971 -0.732556 0.556662
v -0.216002 -0.735006 0.556138
v -0.221419 -0.730056 0.555694
v -0.261351 -0.732920 0.537216
v -0.259930 -0.731065 0.538551
v -0.257659 -0.730354 0.539814
v -0.261588 -0.735380 0.536163
v 0.012342 0.898912 0.632680
v -0.044519 0.898912 0.631147
v 0.012264 0.898289 0.635594
v -0.044598 0.898289 0.634061
v -0.041043 0.898289 0.634157
v -0.040965 0.898912 0.631243
v 0.008709 0.898289 0.635498
v 0.008788 0.898912 0.632584
v 0.011183 0.819754 0.649961
v 0.009304 0.817935 0.650132
v 0.006768 0.817276 0.650144
v 0.011884 0.822264 0.649674
v 0.012342 0.822392 0.632680
v 0.011661 0.819837 0.632662
v 0.009796 0.817964 0.632612
v 0.007243 0.817276 0.632543
v -0.042425 0.817935 0.648737
v -0.044292 0.819754 0.648465
v -0.044977 0.822264 0.648141
v -0.039894 0.817276 0.648886
v -0.044519 0.822392 0.631147
v -0.043838 0.819837 0.631165
v -0.041973 0.817964 0.631216
v -0.039420 0.817276 0.631284
v -0.040283 0.823633 0.631261
v -0.038418 0.821760 0.631311
v -0.035866 0.821073 0.631380
v -0.040965 0.826188 0.631243
v 0.006241 0.821760 0.632516
v 0.008107 0.823633 0.632566
v 0.008788 0.826188 0.632584
v 0.003689 0.821073 0.632447
v -0.038929 0.821801 0.648820
v -0.040773 0.823739 0.648526
v -0.041422 0.826323 0.648184
v -0.036340 0.821073 0.648982
v 0.007664 0.823739 0.649832
v 0.005808 0.821801 0.650027
v 0.003214 0.821073 0.650048
v 0.008331 0.826323 0.649525
v 0.010684 0.816718 0.649660
v 0.012338 0.816718 0.648093
v 0.012986 0.816718 0.645909
v 0.008468 0.816718 0.650190
v 0.012986 0.775058 0.645909
v 0.012338 0.775058 0.648093
v 0.010684 0.775058 0.649660
v 0.008468 0.775058 0.650190
v -0.045345 0.816718 0.646537
v -0.043778 0.816718 0.648191
v -0.041594 0.816718 0.648840
v -0.045875 0.816718 0.644321
v -0.045875 0.775058 0.644321
v -0.041594 0.775058 0.648840
v -0.043778 0.775058 0.648191
v -0.045345 0.775058 0.646537
v 0.012694 0.816718 0.634891
v 0.011126 0.816718 0.633237
v 0.008942 0.816718 0.632588
v 0.013223 0.816718 0.637107
v 0.011126 0.775058 0.633237
v 0.012694 0.775058 0.634891
v 0.013223 0.775058 0.637107
v 0.008942 0.775058 0.632588
v -0.043335 0.816718 0.631769
v -0.044989 0.816718 0.633336
v -0.045638 0.816718 0.635520
v -0.041119 0.816718 0.631239
v -0.044989 0.775058 0.633336
v -0.043335 0.775058 0.631769
v -0.041119 0.775058 0.631239
v -0.045638 0.775058 0.635520
v -0.044519 0.692970 0.631147
v 0.012342 0.692970 0.632680
v -0.044598 0.693593 0.634061
v 0.012264 0.693593 0.635594
v 0.008709 0.693593 0.635498
v 0.008788 0.692970 0.632584
v -0.041043 0.693593 0.634157
v -0.040965 0.692970 0.631243
v -0.044292 0.772128 0.648465
v -0.042425 0.773947 0.648737
v -0.039894 0.774605 0.648886
v -0.044977 0.769617 0.648141
v -0.044519 0.769490 0.631147
v -0.043838 0.772044 0.631165
v -0.041973 0.773918 0.631216
v -0.039420 0.774605 0.631284
v 0.009304 0.773947 0.650132
v 0.011183 0.772128 0.649961
v 0.011884 0.769617 0.649674
v 0.006768 0.774605 0.650144
v 0.012342 0.769490 0.632680
v 0.011661 0.772044 0.632662
v 0.009796 0.773918 0.632612
v 0.007243 0.774605 0.632543
v 0.008107 0.768248 0.632566
v 0.006241 0.770122 0.632516
v 0.003689 0.770809 0.632447
v 0.008788 0.765693 0.632584
v -0.038418 0.770122 0.631311
v -0.040283 0.768248 0.631261
v -0.040965 0.765693 0.631243
v -0.035866 0.770809 0.631380
v 0.005808 0.770080 0.650027
v 0.007664 0.768143 0.649832
v 0.008331 0.765558 0.649525
v 0.003214 0.770809 0.650048
v -0.040773 0.768143 0.648526
v -0.038929 0.770080 0.648820
v -0.036340 0.770809 0.648982
v -0.041422 0.765558 0.648184
v 0.238974 -0.641555 0.546386
v 0.185808 -0.641982 0.566606
v 0.239947 -0.642786 0.548920
v 0.186782 -0.643214 0.569141
v 0.190105 -0.643188 0.567876
v 0.189132 -0.641956 0.565342
v 0.236624 -0.642813 0.550184
v 0.235651 -0.641582 0.547650
v 0.240434 -0.723529 0.550442
v 0.238634 -0.725368 0.550942
v 0.236249 -0.726047 0.551783
v 0.241148 -0.721006 0.550424
v 0.235228 -0.717250 0.534937
v 0.234415 -0.719751 0.534663
v 0.232542 -0.721595 0.534947
v 0.230107 -0.722286 0.535716
v 0.190268 -0.725757 0.569337
v 0.188565 -0.723947 0.570169
v 0.187983 -0.721434 0.570644
v 0.192619 -0.726398 0.568377
v 0.182063 -0.717678 0.555157
v 0.182524 -0.720169 0.554398
v 0.184139 -0.721984 0.553356
v 0.186478 -0.722637 0.552309
v 0.186109 -0.716433 0.553902
v 0.187724 -0.718249 0.552860
v 0.190063 -0.718901 0.551813
v 0.185648 -0.713942 0.554661
v 0.229480 -0.717913 0.536979
v 0.231354 -0.716069 0.536695
v 0.232167 -0.713568 0.536969
v 0.227046 -0.718604 0.537747
v 0.193800 -0.721951 0.568866
v 0.192119 -0.720019 0.569693
v 0.191569 -0.717431 0.570153
v 0.196204 -0.722663 0.567881
v 0.237407 -0.719655 0.552469
v 0.235628 -0.721614 0.552957
v 0.233187 -0.722365 0.553815
v 0.238088 -0.717056 0.552461
v 0.174381 -0.801737 0.533176
v 0.227546 -0.801309 0.512955
v 0.175441 -0.801751 0.535962
v 0.228606 -0.801323 0.515741
v 0.225282 -0.801350 0.517006
v 0.224223 -0.801336 0.514219
v 0.178764 -0.801724 0.534698
v 0.177704 -0.801710 0.531912
v 0.188101 -0.729060 0.568836
v 0.190055 -0.727316 0.568740
v 0.192496 -0.726672 0.568046
v 0.187172 -0.731453 0.568295
v 0.181234 -0.727946 0.552756
v 0.182047 -0.725445 0.553031
v 0.183921 -0.723601 0.552747
v 0.186355 -0.722910 0.551978
v 0.238421 -0.726928 0.550345
v 0.239969 -0.728643 0.549109
v 0.240337 -0.731025 0.548075
v 0.236126 -0.726321 0.551452
v 0.234399 -0.727518 0.532536
v 0.233939 -0.725028 0.533296
v 0.232324 -0.723211 0.534338
v 0.229985 -0.722559 0.535384
v 0.230353 -0.728763 0.533791
v 0.228739 -0.726946 0.534834
v 0.226399 -0.726295 0.535880
v 0.230814 -0.731254 0.533033
v 0.186982 -0.727283 0.550715
v 0.185109 -0.729127 0.550999
v 0.184295 -0.731628 0.550725
v 0.189417 -0.726592 0.549946
v 0.234881 -0.730729 0.550796
v 0.236392 -0.732556 0.549523
v 0.236715 -0.735006 0.548470
v 0.232540 -0.730056 0.551948
v 0.191104 -0.732920 0.566747
v 0.193052 -0.731065 0.566704
v 0.195558 -0.730354 0.566014
v 0.190197 -0.735380 0.566162
v 0.468843 0.898912 0.426628
v 0.428612 0.898912 0.466842
v 0.470903 0.898289 0.428690
v 0.430673 0.898289 0.468904
v 0.433188 0.898289 0.466390
v 0.431127 0.898912 0.464328
v 0.468389 0.898289 0.431204
v 0.466328 0.898912 0.429142
v 0.480587 0.819754 0.439359
v 0.479418 0.817935 0.440840
v 0.477683 0.817276 0.442688
v 0.480861 0.822264 0.438652
v 0.468843 0.822392 0.426628
v 0.468361 0.819837 0.427110
v 0.467041 0.817964 0.428430
v 0.465235 0.817276 0.430235
v 0.442819 0.817935 0.477423
v 0.441337 0.819754 0.478591
v 0.440631 0.822264 0.478865
v 0.444669 0.817276 0.475689
v 0.428612 0.822392 0.466842
v 0.429095 0.819837 0.466360
v 0.430414 0.817964 0.465041
v 0.432220 0.817276 0.463235
v 0.431609 0.823633 0.463846
v 0.432929 0.821760 0.462527
v 0.434735 0.821073 0.460722
v 0.431127 0.826188 0.464328
v 0.464526 0.821760 0.430943
v 0.465846 0.823633 0.429624
v 0.466328 0.826188 0.429142
v 0.462720 0.821073 0.432749
v 0.445285 0.821801 0.474943
v 0.443803 0.823739 0.476079
v 0.443108 0.826323 0.476314
v 0.447183 0.821073 0.473175
v 0.478073 0.823739 0.441823
v 0.476937 0.821801 0.443304
v 0.475168 0.821073 0.445202
v 0.478309 0.826323 0.441128
v 0.480025 0.816718 0.439513
v 0.480025 0.816718 0.437235
v 0.478886 0.816718 0.435261
v 0.478885 0.816718 0.441486
v 0.478886 0.775058 0.435261
v 0.480025 0.775058 0.437235
v 0.480025 0.775058 0.439513
v 0.478885 0.775058 0.441486
v 0.439214 0.816718 0.478029
v 0.441493 0.816718 0.478030
v 0.443466 0.816718 0.476891
v 0.437241 0.816718 0.476889
v 0.437241 0.775058 0.476889
v 0.443466 0.775058 0.476891
v 0.441493 0.775058 0.478030
v 0.439214 0.775058 0.478029
v 0.470689 0.816718 0.427895
v 0.468411 0.816718 0.427894
v 0.466437 0.816718 0.429033
v 0.472662 0.816718 0.429035
v 0.468411 0.775058 0.427894
v 0.470689 0.775058 0.427895
v 0.472662 0.775058 0.429035
v 0.466437 0.775058 0.429033
v 0.429879 0.816718 0.466411
v 0.429878 0.816718 0.468689
v 0.431017 0.816718 0.470662
v 0.431018 0.816718 0.464437
v 0.429878 0.775058 0.468689
v 0.429879 0.775058 0.466411
v 0.431018 0.775058 0.464437
v 0.431017 0.775058 0.470662
v 0.428612 0.692970 0.466842
v 0.468843 0.692970 0.426628
v 0.430673 0.693593 0.468904
v 0.470903 0.693593 0.428690
v 0.468389 0.693593 0.431204
v 0.466328 0.692970 0.429142
v 0.433188 0.693593 0.466390
v 0.431127 0.692970 0.464328
v 0.441338 0.772128 0.478591
v 0.442819 0.773947 0.477423
v 0.444669 0.774605 0.475689
v 0.440631 0.769617 0.478865
v 0.428612 0.769490 0.466842
v 0.429095 0.772044 0.466360
v 0.430414 0.773918 0.465041
v 0.432220 0.774605 0.463235
v 0.479418 0.773947 0.440840
v 0.480587 0.772128 0.439359
v 0.480861 0.769617 0.438652
v 0.477683 0.774605 0.442688
v 0.468843 0.769490 0.426628
v 0.468361 0.772044 0.427110
v 0.467041 0.773918 0.428430
v 0.465235 0.774605 0.430235
v 0.465846 0.768248 0.429624
v 0.464526 0.770122 0.430943
v 0.462720 0.770809 0.432749
v 0.466328 0.765693 0.429142
v 0.432929 0.770122 0.462527
v 0.431609 0.768248 0.463846
v 0.431127 0.765693 0.464328
v 0.434735 0.770809 0.460722
v 0.476937 0.770080 0.443304
v 0.478073 0.768143 0.441823
v 0.478309 0.765558 0.441128
v 0.475168 0.770809 0.445202
v 0.443803 0.768143 0.476079
v 0.445285 0.770080 0.474943
v 0.447183 0.770809 0.473175
v 0.443108 0.765558 0.476314
v 0.562123 -0.641555 0.202782
v 0.540223 -0.641983 0.255278
v 0.564631 -0.642786 0.203818
v 0.542732 -0.643214 0.256315
v 0.544101 -0.643188 0.253033
v 0.541592 -0.641956 0.251997
v 0.563262 -0.642813 0.207100
v 0.560754 -0.641582 0.206063
v 0.566071 -0.723529 0.204513
v 0.565196 -0.725368 0.206163
v 0.564165 -0.726047 0.208473
v 0.566550 -0.721006 0.203982
v 0.551237 -0.717250 0.197624
v 0.550478 -0.719751 0.198026
v 0.549395 -0.721595 0.199581
v 0.548279 -0.722286 0.201876
v 0.545273 -0.725757 0.253920
v 0.544705 -0.723947 0.255728
v 0.544650 -0.721434 0.256477
v 0.546193 -0.726398 0.251553
v 0.529337 -0.717678 0.250120
v 0.529103 -0.720169 0.249263
v 0.529458 -0.721985 0.247374
v 0.530307 -0.722637 0.244956
v 0.531210 -0.716433 0.246320
v 0.531564 -0.718249 0.244431
v 0.532414 -0.718901 0.242013
v 0.531444 -0.713942 0.247176
v 0.548764 -0.717913 0.203200
v 0.549847 -0.716069 0.201645
v 0.550605 -0.713568 0.201243
v 0.547647 -0.718604 0.205496
v 0.547361 -0.721951 0.251033
v 0.546804 -0.720020 0.252822
v 0.546760 -0.717431 0.253537
v 0.548300 -0.722663 0.248610
v 0.565459 -0.719656 0.208104
v 0.564590 -0.721614 0.209730
v 0.563533 -0.722365 0.212092
v 0.565922 -0.717057 0.207604
v 0.508099 -0.801737 0.240573
v 0.529998 -0.801309 0.188078
v 0.510850 -0.801751 0.241721
v 0.532749 -0.801323 0.189225
v 0.531380 -0.801350 0.192506
v 0.528629 -0.801336 0.191359
v 0.512219 -0.801724 0.238439
v 0.509467 -0.801710 0.237292
v 0.543418 -0.729060 0.255148
v 0.544693 -0.727317 0.253664
v 0.545869 -0.726672 0.251414
v 0.542387 -0.731453 0.255450
v 0.527024 -0.727946 0.249070
v 0.527783 -0.725445 0.248668
v 0.528866 -0.723601 0.247113
v 0.529983 -0.722910 0.244817
v 0.564616 -0.726928 0.205907
v 0.564783 -0.728643 0.203932
v 0.564286 -0.731025 0.202954
v 0.563840 -0.726321 0.208334
v 0.548924 -0.727518 0.196574
v 0.549158 -0.725028 0.197431
v 0.548804 -0.723211 0.199320
v 0.547954 -0.722559 0.201737
v 0.547051 -0.728763 0.200374
v 0.546697 -0.726947 0.202263
v 0.545847 -0.726295 0.204681
v 0.546817 -0.731254 0.199518
v 0.529497 -0.727283 0.243493
v 0.528415 -0.729127 0.245049
v 0.527655 -0.731628 0.245451
v 0.530614 -0.726592 0.241198
v 0.562508 -0.730729 0.208786
v 0.562623 -0.732556 0.206814
v 0.562081 -0.735006 0.205854
v 0.561734 -0.730056 0.211278
v 0.543968 -0.732920 0.251532
v 0.545277 -0.731065 0.250088
v 0.546500 -0.730354 0.247794
v 0.542919 -0.735380 0.251788
v 0.634608 0.898912 -0.022317
v 0.633950 0.898912 0.034562
v 0.637522 0.898288 -0.022283
v 0.636865 0.898288 0.034595
v 0.636906 0.898288 0.031040
v 0.633991 0.898912 0.031006
v 0.637481 0.898288 -0.018727
v 0.634566 0.898912 -0.018761
v 0.651904 0.819754 -0.021423
v 0.652104 0.817935 -0.019547
v 0.652155 0.817276 -0.017012
v 0.651606 0.822264 -0.022120
v 0.634608 0.822392 -0.022317
v 0.634600 0.819837 -0.021635
v 0.634578 0.817963 -0.019769
v 0.634549 0.817276 -0.017216
v 0.651506 0.817935 0.032197
v 0.651263 0.819754 0.034068
v 0.650949 0.822264 0.034758
v 0.651616 0.817276 0.029664
v 0.633950 0.822392 0.034562
v 0.633958 0.819837 0.033880
v 0.633980 0.817963 0.032014
v 0.634009 0.817276 0.029460
v 0.633999 0.823633 0.030325
v 0.634021 0.821760 0.028459
v 0.634050 0.821073 0.025906
v 0.633991 0.826188 0.031006
v 0.634537 0.821760 -0.016214
v 0.634559 0.823633 -0.018080
v 0.634566 0.826188 -0.018761
v 0.634508 0.821073 -0.013661
v 0.651535 0.821801 0.028700
v 0.651270 0.823739 0.030548
v 0.650937 0.826323 0.031202
v 0.651657 0.821073 0.026109
v 0.651830 0.823739 -0.017904
v 0.652053 0.821801 -0.016050
v 0.652114 0.821073 -0.013457
v 0.651512 0.826323 -0.018565
v 0.651611 0.816718 -0.020920
v 0.650018 0.816718 -0.022549
v 0.647824 0.816718 -0.023164
v 0.652175 0.816718 -0.018712
v 0.647824 0.775058 -0.023164
v 0.650018 0.775058 -0.022549
v 0.651611 0.775058 -0.020920
v 0.652175 0.775058 -0.018712
v 0.649352 0.816718 0.035150
v 0.650981 0.816718 0.033558
v 0.651596 0.816718 0.031364
v 0.647144 0.816718 0.035715
v 0.647144 0.775058 0.035715
v 0.651596 0.775058 0.031364
v 0.650981 0.775058 0.033558
v 0.649352 0.775058 0.035150
v 0.636813 0.816718 -0.022702
v 0.635184 0.816718 -0.021110
v 0.634568 0.816718 -0.018916
v 0.639020 0.816718 -0.023266
v 0.635184 0.775058 -0.021110
v 0.636813 0.775058 -0.022702
v 0.639020 0.775058 -0.023266
v 0.634568 0.775058 -0.018916
v 0.634554 0.816718 0.033368
v 0.636146 0.816718 0.034998
v 0.638340 0.816718 0.035613
v 0.633989 0.816718 0.031161
v 0.636146 0.775058 0.034998
v 0.634554 0.775058 0.033368
v 0.633989 0.775058 0.031161
v 0.638340 0.775058 0.035613
v 0.633950 0.692970 0.034562
v 0.634608 0.692970 -0.022317
v 0.636865 0.693593 0.034595
v 0.637522 0.693593 -0.022283
v 0.637481 0.693593 -0.018727
v 0.634566 0.692970 -0.018761
v 0.636906 0.693593 0.031040
v 0.633991 0.692970 0.031006
v 0.651263 0.772128 0.034068
v 0.651506 0.773947 0.032197
v 0.651616 0.774605 0.029664
v 0.650949 0.769617 0.034758
v 0.633950 0.769490 0.034562
v 0.633958 0.772044 0.033880
v 0.633980 0.773918 0.032014
v 0.634009 0.774605 0.029460
v 0.652104 0.773947 -0.019547
v 0.651904 0.772128 -0.021423
v 0.651606 0.769617 -0.022120
v 0.652155 0.774605 -0.017012
v 0.634608 0.769490 -0.022317
v 0.634600 0.772044 -0.021635
v 0.634578 0.773918 -0.019769
v 0.634549 0.774605 -0.017216
v 0.634559 0.768248 -0.018080
v 0.634537 0.770122 -0.016214
v 0.634508 0.770809 -0.013661
v 0.634566 0.765693 -0.018761
v 0.634021 0.770122 0.028459
v 0.633999 0.768248 0.030325
v 0.633991 0.765693 0.031006
v 0.634050 0.770809 0.025906
v 0.652053 0.770080 -0.016050
v 0.651830 0.768143 -0.017904
v 0.651512 0.765558 -0.018565
v 0.652114 0.770809 -0.013457
v 0.651270 0.768143 0.030548
v 0.651535 0.770080 0.028700
v 0.651657 0.770809 0.026109
v 0.650937 0.765558 0.031202
v 0.544834 -0.641555 -0.247592
v 0.565870 -0.641983 -0.194745
v 0.547352 -0.642786 -0.248605
v 0.568389 -0.643214 -0.195757
v 0.567074 -0.643188 -0.199060
v 0.564555 -0.641956 -0.198048
v 0.548667 -0.642813 -0.245301
v 0.546149 -0.641582 -0.244289
v 0.548867 -0.723529 -0.249114
v 0.549394 -0.725368 -0.247323
v 0.550272 -0.726047 -0.244951
v 0.548838 -0.721006 -0.249829
v 0.533443 -0.717250 -0.243671
v 0.533182 -0.719751 -0.242853
v 0.533495 -0.721595 -0.240984
v 0.534301 -0.722286 -0.238562
v 0.568532 -0.725757 -0.199246
v 0.569390 -0.723947 -0.197556
v 0.569874 -0.721434 -0.196982
v 0.567535 -0.726398 -0.201582
v 0.554480 -0.717678 -0.190823
v 0.553714 -0.720169 -0.191272
v 0.552647 -0.721985 -0.192871
v 0.551564 -0.722637 -0.195194
v 0.553163 -0.716433 -0.194850
v 0.552096 -0.718249 -0.196448
v 0.551013 -0.718901 -0.198771
v 0.553929 -0.713942 -0.194401
v 0.535574 -0.717913 -0.237955
v 0.535261 -0.716069 -0.239824
v 0.535522 -0.713568 -0.240642
v 0.536379 -0.718604 -0.235533
v 0.568006 -0.721951 -0.202770
v 0.568859 -0.720020 -0.201102
v 0.569328 -0.717431 -0.200559
v 0.566984 -0.722663 -0.205159
v 0.550940 -0.719656 -0.246119
v 0.551455 -0.721614 -0.244349
v 0.552351 -0.722365 -0.241921
v 0.550921 -0.717057 -0.246800
v 0.532619 -0.801737 -0.182804
v 0.511583 -0.801309 -0.235651
v 0.535388 -0.801751 -0.183906
v 0.514352 -0.801323 -0.236753
v 0.515667 -0.801350 -0.233450
v 0.512898 -0.801336 -0.232347
v 0.534074 -0.801724 -0.187209
v 0.531304 -0.801710 -0.186107
v 0.568064 -0.729060 -0.197071
v 0.567938 -0.727317 -0.199023
v 0.567206 -0.726672 -0.201454
v 0.567537 -0.731453 -0.196134
v 0.552092 -0.727946 -0.189958
v 0.552354 -0.725445 -0.190775
v 0.552041 -0.723601 -0.192644
v 0.551235 -0.722910 -0.195066
v 0.548801 -0.726928 -0.247101
v 0.547540 -0.728643 -0.248630
v 0.546501 -0.731025 -0.248982
v 0.549943 -0.726321 -0.244823
v 0.531056 -0.727518 -0.242805
v 0.531822 -0.725028 -0.242356
v 0.532889 -0.723211 -0.240758
v 0.533971 -0.722559 -0.238435
v 0.532373 -0.728763 -0.238779
v 0.533440 -0.726947 -0.237181
v 0.534522 -0.726295 -0.234857
v 0.531607 -0.731254 -0.239228
v 0.549962 -0.727283 -0.195674
v 0.550276 -0.729127 -0.193805
v 0.550013 -0.731628 -0.192986
v 0.549156 -0.726592 -0.198095
v 0.549306 -0.730729 -0.243568
v 0.548010 -0.732556 -0.245059
v 0.546952 -0.735006 -0.245366
v 0.550494 -0.730056 -0.241245
v 0.565929 -0.732920 -0.200041
v 0.565857 -0.731065 -0.201989
v 0.565127 -0.730354 -0.204484
v 0.565358 -0.735380 -0.199125
v 0.439314 0.898912 -0.459227
v 0.478604 0.898912 -0.418094
v 0.441422 0.898288 -0.461240
v 0.480712 0.898288 -0.420108
v 0.478256 0.898288 -0.422679
v 0.476148 0.898912 -0.420665
v 0.443878 0.898288 -0.458669
v 0.441770 0.898912 -0.456656
v 0.452307 0.819754 -0.470679
v 0.453762 0.817934 -0.469477
v 0.455570 0.817276 -0.467700
v 0.451607 0.822264 -0.470969
v 0.439314 0.822392 -0.459227
v 0.439785 0.819837 -0.458734
v 0.441074 0.817963 -0.457385
v 0.442838 0.817276 -0.455538
v 0.489505 0.817934 -0.432057
v 0.490639 0.819754 -0.430549
v 0.490897 0.822264 -0.429837
v 0.487813 0.817276 -0.433945
v 0.478604 0.822392 -0.418094
v 0.478134 0.819837 -0.418587
v 0.476844 0.817963 -0.419936
v 0.475080 0.817276 -0.421783
v 0.475677 0.823633 -0.421158
v 0.474388 0.821760 -0.422508
v 0.472625 0.821073 -0.424354
v 0.476148 0.826188 -0.420665
v 0.443530 0.821760 -0.454813
v 0.442241 0.823633 -0.456163
v 0.441770 0.826188 -0.456656
v 0.445294 0.821073 -0.452967
v 0.487081 0.821801 -0.434578
v 0.488183 0.823739 -0.433071
v 0.488403 0.826323 -0.432371
v 0.485357 0.821073 -0.436516
v 0.454714 0.823739 -0.468110
v 0.456169 0.821801 -0.466940
v 0.458026 0.821073 -0.465129
v 0.454025 0.826323 -0.468361
v 0.452450 0.816718 -0.470114
v 0.450172 0.816718 -0.470166
v 0.448173 0.816718 -0.469072
v 0.454396 0.816718 -0.468930
v 0.448173 0.775058 -0.469072
v 0.450172 0.775058 -0.470166
v 0.452450 0.775058 -0.470114
v 0.454396 0.775058 -0.468930
v 0.490029 0.816718 -0.428440
v 0.490081 0.816718 -0.430717
v 0.488988 0.816718 -0.432716
v 0.488845 0.816718 -0.426493
v 0.488845 0.775058 -0.426493
v 0.488988 0.775058 -0.432716
v 0.490081 0.775058 -0.430717
v 0.490029 0.775058 -0.428440
v 0.440622 0.816718 -0.461044
v 0.440570 0.816718 -0.458766
v 0.441663 0.816718 -0.456767
v 0.441806 0.816718 -0.462990
v 0.440570 0.775058 -0.458766
v 0.440622 0.775058 -0.461044
v 0.441806 0.775058 -0.462990
v 0.441663 0.775058 -0.456767
v 0.478202 0.816718 -0.419370
v 0.480480 0.816718 -0.419318
v 0.482478 0.816718 -0.420411
v 0.476255 0.816718 -0.420554
v 0.480480 0.775058 -0.419318
v 0.478202 0.775058 -0.419370
v 0.476255 0.775058 -0.420554
v 0.482478 0.775058 -0.420411
v 0.478604 0.692970 -0.418094
v 0.439314 0.692970 -0.459227
v 0.480712 0.693593 -0.420108
v 0.441422 0.693593 -0.461240
v 0.443878 0.693593 -0.458669
v 0.441770 0.692970 -0.456656
v 0.478256 0.693593 -0.422679
v 0.476148 0.692970 -0.420665
v 0.490639 0.772128 -0.430550
v 0.489505 0.773947 -0.432057
v 0.487813 0.774605 -0.433945
v 0.490897 0.769617 -0.429837
v 0.478604 0.769490 -0.418094
v 0.478134 0.772044 -0.418587
v 0.476844 0.773918 -0.419936
v 0.475080 0.774605 -0.421783
v 0.453762 0.773947 -0.469477
v 0.452307 0.772128 -0.470679
v 0.451607 0.769617 -0.470969
v 0.455570 0.774605 -0.467700
v 0.439314 0.769490 -0.459227
v 0.439785 0.772044 -0.458734
v 0.441074 0.773918 -0.457385
v 0.442838 0.774605 -0.455538
v 0.442241 0.768248 -0.456163
v 0.443530 0.770122 -0.454813
v 0.445294 0.770809 -0.452967
v 0.441770 0.765693 -0.456656
v 0.474388 0.770122 -0.422508
v 0.475677 0.768248 -0.421158
v 0.476148 0.765693 -0.420665
v 0.472625 0.770809 -0.424354
v 0.456169 0.770080 -0.466940
v 0.454714 0.768143 -0.468110
v 0.454025 0.765558 -0.468361
v 0.458026 0.770809 -0.465129
v 0.488183 0.768143 -0.433071
v 0.487081 0.770080 -0.434578
v 0.485357 0.770809 -0.436516
v 0.488403 0.765558 -0.432371
v 0.217642 -0.641555 -0.557563
v 0.269628 -0.641983 -0.534477
v 0.218735 -0.642786 -0.560047
v 0.270721 -0.643214 -0.536962
v 0.267471 -0.643188 -0.538405
v 0.266378 -0.641956 -0.535921
v 0.221985 -0.642813 -0.558604
v 0.220891 -0.641582 -0.556120
v 0.219462 -0.723529 -0.561470
v 0.221092 -0.725368 -0.560558
v 0.223378 -0.726047 -0.559475
v 0.218942 -0.721006 -0.561961
v 0.212238 -0.717250 -0.546797
v 0.212623 -0.719751 -0.546029
v 0.214153 -0.721595 -0.544911
v 0.216422 -0.722286 -0.543743
v 0.268384 -0.725757 -0.539557
v 0.270179 -0.723947 -0.538948
v 0.270927 -0.721434 -0.538876
v 0.266039 -0.726398 -0.540531
v 0.264223 -0.717678 -0.523711
v 0.263362 -0.720169 -0.523497
v 0.261481 -0.721985 -0.523894
v 0.259083 -0.722637 -0.524798
v 0.260467 -0.716433 -0.525669
v 0.258587 -0.718249 -0.526067
v 0.256189 -0.718901 -0.526971
v 0.261329 -0.713942 -0.525884
v 0.217757 -0.717913 -0.544198
v 0.216227 -0.716069 -0.545316
v 0.215843 -0.713568 -0.546083
v 0.220027 -0.718604 -0.543029
v 0.265545 -0.721951 -0.541710
v 0.267321 -0.720020 -0.541113
v 0.268036 -0.717431 -0.541052
v 0.263144 -0.722663 -0.542703
v 0.223038 -0.719656 -0.560778
v 0.224645 -0.721614 -0.559872
v 0.226982 -0.722365 -0.558762
v 0.222549 -0.717057 -0.561251
v 0.254197 -0.801737 -0.502695
v 0.202212 -0.801309 -0.525780
v 0.255407 -0.801751 -0.505419
v 0.203422 -0.801323 -0.528504
v 0.206671 -0.801350 -0.527061
v 0.205462 -0.801336 -0.524337
v 0.252158 -0.801724 -0.506862
v 0.250948 -0.801710 -0.504138
v 0.269570 -0.729061 -0.537674
v 0.268115 -0.727317 -0.538983
v 0.265893 -0.726672 -0.540209
v 0.269848 -0.731453 -0.536637
v 0.263121 -0.727946 -0.521423
v 0.262737 -0.725445 -0.522191
v 0.261207 -0.723601 -0.523308
v 0.258937 -0.722910 -0.524477
v 0.220822 -0.726928 -0.559984
v 0.218853 -0.728643 -0.560197
v 0.217863 -0.731025 -0.559722
v 0.223231 -0.726321 -0.559154
v 0.211136 -0.727518 -0.544508
v 0.211998 -0.725028 -0.544723
v 0.213878 -0.723211 -0.544326
v 0.216276 -0.722560 -0.543421
v 0.214893 -0.728763 -0.542550
v 0.216773 -0.726947 -0.542153
v 0.219171 -0.726295 -0.541248
v 0.214031 -0.731254 -0.542335
v 0.257603 -0.727283 -0.524022
v 0.259133 -0.729127 -0.522904
v 0.259518 -0.731628 -0.522136
v 0.255333 -0.726593 -0.525190
v 0.223653 -0.730729 -0.557811
v 0.221684 -0.732556 -0.557971
v 0.220713 -0.735006 -0.557452
v 0.226127 -0.730056 -0.556981
v 0.265967 -0.732920 -0.538307
v 0.264554 -0.731065 -0.539648
v 0.262288 -0.730354 -0.540923
v 0.266199 -0.735380 -0.537252
v -0.025663 0.898912 -0.634613
v 0.031219 0.898912 -0.634452
v -0.025654 0.898288 -0.637528
v 0.031228 0.898288 -0.637367
v 0.027672 0.898288 -0.637377
v 0.027663 0.898912 -0.634462
v -0.022099 0.898288 -0.637518
v -0.022107 0.898912 -0.634603
v -0.024920 0.819754 -0.651917
v -0.023046 0.817934 -0.652133
v -0.020511 0.817276 -0.652206
v -0.025615 0.822264 -0.651613
v -0.025663 0.822392 -0.634613
v -0.024981 0.819837 -0.634611
v -0.023115 0.817963 -0.634606
v -0.020561 0.817276 -0.634599
v 0.028702 0.817934 -0.651986
v 0.030575 0.819754 -0.651760
v 0.031267 0.822264 -0.651452
v 0.026168 0.817276 -0.652074
v 0.031219 0.822392 -0.634452
v 0.030538 0.819837 -0.634454
v 0.028672 0.817963 -0.634459
v 0.026118 0.817276 -0.634466
v 0.026982 0.823633 -0.634464
v 0.025116 0.821760 -0.634469
v 0.022562 0.821073 -0.634476
v 0.027663 0.826188 -0.634462
v -0.019560 0.821760 -0.634596
v -0.021426 0.823633 -0.634601
v -0.022107 0.826188 -0.634603
v -0.017006 0.821073 -0.634589
v 0.025204 0.821801 -0.651985
v 0.027055 0.823739 -0.651736
v 0.027711 0.826323 -0.651409
v 0.022612 0.821073 -0.652084
v -0.021400 0.823739 -0.651873
v -0.019549 0.821801 -0.652112
v -0.016956 0.821073 -0.652196
v -0.022059 0.826323 -0.651550
v -0.024414 0.816718 -0.651628
v -0.026030 0.816718 -0.650021
v -0.026626 0.816718 -0.647822
v -0.022212 0.816718 -0.652211
v -0.026626 0.775058 -0.647822
v -0.026030 0.775058 -0.650021
v -0.024414 0.775058 -0.651628
v -0.022212 0.775058 -0.652211
v 0.031673 0.816718 -0.649858
v 0.030067 0.816718 -0.651473
v 0.027868 0.816718 -0.652069
v 0.032257 0.816718 -0.647655
v 0.032257 0.775058 -0.647655
v 0.027868 0.775058 -0.652069
v 0.030067 0.775058 -0.651473
v 0.031673 0.775058 -0.649858
v -0.026067 0.816718 -0.636815
v -0.024461 0.816718 -0.635200
v -0.022262 0.816718 -0.634603
v -0.026651 0.816718 -0.639017
v -0.024461 0.775058 -0.635200
v -0.026067 0.775058 -0.636815
v -0.026651 0.775058 -0.639017
v -0.022262 0.775058 -0.634603
v 0.030020 0.816718 -0.635045
v 0.031636 0.816718 -0.636652
v 0.032232 0.816718 -0.638851
v 0.027818 0.816718 -0.634461
v 0.031636 0.775058 -0.636652
v 0.030020 0.775058 -0.635045
v 0.027818 0.775058 -0.634461
v 0.032232 0.775058 -0.638851
v 0.031219 0.692970 -0.634452
v -0.025663 0.692970 -0.634613
v 0.031228 0.693593 -0.637367
v -0.025654 0.693593 -0.637528
v -0.022099 0.693593 -0.637518
v -0.022107 0.692970 -0.634603
v 0.027672 0.693593 -0.637377
v 0.027663 0.692970 -0.634462
v 0.030574 0.772128 -0.651760
v 0.028702 0.773947 -0.651986
v 0.026168 0.774605 -0.652074
v 0.031267 0.769617 -0.651452
v 0.031219 0.769490 -0.634452
v 0.030538 0.772044 -0.634454
v 0.028672 0.773918 -0.634459
v 0.026118 0.774605 -0.634466
v -0.023046 0.773947 -0.652133
v -0.024920 0.772128 -0.651917
v -0.025615 0.769617 -0.651613
v -0.020511 0.774605 -0.652206
v -0.025663 0.769490 -0.634613
v -0.024981 0.772044 -0.634611
v -0.023115 0.773918 -0.634606
v -0.020561 0.774605 -0.634599
v -0.021426 0.768248 -0.634601
v -0.019560 0.770122 -0.634596
v -0.017006 0.770809 -0.634589
v -0.022107 0.765693 -0.634603
v 0.025116 0.770122 -0.634469
v 0.026982 0.768248 -0.634464
v 0.027663 0.765693 -0.634462
v 0.022562 0.770809 -0.634476
v -0.019549 0.770080 -0.652112
v -0.021400 0.768143 -0.651873
v -0.022059 0.765558 -0.651550
v -0.016956 0.770809 -0.652196
v 0.027055 0.768143 -0.651736
v 0.025204 0.770080 -0.651985
v 0.022612 0.770809 -0.652084
v 0.027711 0.765558 -0.651409
v -0.250147 -0.641555 -0.542879
v -0.197485 -0.641983 -0.564375
v -0.251182 -0.642786 -0.545388
v -0.198519 -0.643214 -0.566885
v -0.201811 -0.643188 -0.565541
v -0.200777 -0.641956 -0.563031
v -0.247890 -0.642813 -0.546732
v -0.246855 -0.641582 -0.544222
v -0.251705 -0.723529 -0.546898
v -0.249917 -0.725368 -0.547441
v -0.247553 -0.726047 -0.548340
v -0.252419 -0.721006 -0.546863
v -0.246127 -0.717250 -0.531523
v -0.245307 -0.719751 -0.531268
v -0.243441 -0.721595 -0.531598
v -0.241026 -0.722286 -0.532425
v -0.202009 -0.725757 -0.566997
v -0.200327 -0.723947 -0.567870
v -0.199757 -0.721434 -0.568359
v -0.204336 -0.726398 -0.565980
v -0.193465 -0.717678 -0.553019
v -0.193907 -0.720169 -0.552249
v -0.195496 -0.721985 -0.551168
v -0.197809 -0.722637 -0.550065
v -0.197480 -0.716433 -0.551667
v -0.199068 -0.718249 -0.550586
v -0.201382 -0.718901 -0.549483
v -0.197037 -0.713942 -0.552437
v -0.240430 -0.717913 -0.533703
v -0.242296 -0.716069 -0.533374
v -0.243116 -0.713568 -0.533628
v -0.238015 -0.718604 -0.534530
v -0.205529 -0.721951 -0.566441
v -0.203868 -0.720020 -0.567309
v -0.203329 -0.717431 -0.567782
v -0.207909 -0.722663 -0.565398
v -0.248728 -0.719656 -0.548997
v -0.246962 -0.721614 -0.549528
v -0.244542 -0.722365 -0.550445
v -0.249408 -0.717057 -0.548973
v -0.185254 -0.801737 -0.531229
v -0.237916 -0.801309 -0.509733
v -0.186381 -0.801751 -0.533989
v -0.239043 -0.801323 -0.512492
v -0.235751 -0.801350 -0.513836
v -0.234625 -0.801336 -0.511077
v -0.189673 -0.801724 -0.532645
v -0.188546 -0.801710 -0.529886
v -0.199830 -0.729061 -0.566548
v -0.201781 -0.727317 -0.566406
v -0.204206 -0.726672 -0.565652
v -0.198889 -0.731453 -0.566030
v -0.192578 -0.727946 -0.550639
v -0.193398 -0.725445 -0.550894
v -0.195264 -0.723601 -0.550565
v -0.197679 -0.722910 -0.549737
v -0.249690 -0.726928 -0.546849
v -0.251208 -0.728643 -0.545576
v -0.251551 -0.731025 -0.544534
v -0.247422 -0.726321 -0.548012
v -0.245240 -0.727518 -0.529143
v -0.244798 -0.725028 -0.529913
v -0.243209 -0.723211 -0.530994
v -0.240895 -0.722560 -0.532097
v -0.241225 -0.728763 -0.530495
v -0.239637 -0.726947 -0.531576
v -0.237323 -0.726295 -0.532679
v -0.241667 -0.731254 -0.529725
v -0.198275 -0.727283 -0.548460
v -0.196409 -0.729127 -0.548789
v -0.195589 -0.731628 -0.548534
v -0.200690 -0.726593 -0.547632
v -0.246162 -0.730729 -0.547385
v -0.247642 -0.732556 -0.546077
v -0.247940 -0.735006 -0.545016
v -0.243850 -0.730056 -0.548594
v -0.202782 -0.732920 -0.564388
v -0.204729 -0.731065 -0.564298
v -0.207217 -0.730354 -0.563547
v -0.201861 -0.735380 -0.563825
v -0.466968 0.898912 -0.428923
v -0.426746 0.898912 -0.469145
v -0.469029 0.898288 -0.430984
v -0.428807 0.898288 -0.471206
v -0.431322 0.898288 -0.468692
v -0.429260 0.898912 -0.466630
v -0.466515 0.898288 -0.433498
v -0.464454 0.898912 -0.431437
v -0.478714 0.819754 -0.441650
v -0.477547 0.817934 -0.443132
v -0.475811 0.817276 -0.444981
v -0.478989 0.822264 -0.440943
v -0.466968 0.822392 -0.428923
v -0.466486 0.819837 -0.429405
v -0.465166 0.817963 -0.430725
v -0.463361 0.817276 -0.432530
v -0.440955 0.817934 -0.479723
v -0.439473 0.819754 -0.480891
v -0.438767 0.822264 -0.481166
v -0.442804 0.817276 -0.477988
v -0.426746 0.822392 -0.469145
v -0.427228 0.819837 -0.468663
v -0.428548 0.817963 -0.467343
v -0.430353 0.817276 -0.465537
v -0.429742 0.823633 -0.466148
v -0.431062 0.821760 -0.464829
v -0.432867 0.821073 -0.463024
v -0.429260 0.826188 -0.466630
v -0.462652 0.821760 -0.433239
v -0.463972 0.823633 -0.431919
v -0.464454 0.826188 -0.431437
v -0.460847 0.821073 -0.435044
v -0.443420 0.821801 -0.477242
v -0.441939 0.823739 -0.478379
v -0.441244 0.826323 -0.478614
v -0.445318 0.821073 -0.475474
v -0.476202 0.823739 -0.444116
v -0.475065 0.821801 -0.445597
v -0.473297 0.821073 -0.447495
v -0.476437 0.826323 -0.443421
v -0.478153 0.816718 -0.441806
v -0.478153 0.816718 -0.439527
v -0.477014 0.816718 -0.437554
v -0.477014 0.816718 -0.443778
v -0.477014 0.775058 -0.437554
v -0.478153 0.775058 -0.439527
v -0.478153 0.775058 -0.441806
v -0.477014 0.775058 -0.443778
v -0.437350 0.816718 -0.480330
v -0.439629 0.816718 -0.480330
v -0.441602 0.816718 -0.479190
v -0.435377 0.816718 -0.479190
v -0.435377 0.775058 -0.479190
v -0.441602 0.775058 -0.479190
v -0.439629 0.775058 -0.480330
v -0.437350 0.775058 -0.480330
v -0.468815 0.816718 -0.430189
v -0.466536 0.816718 -0.430189
v -0.464563 0.816718 -0.431328
v -0.470787 0.816718 -0.431328
v -0.466536 0.775058 -0.430189
v -0.468815 0.775058 -0.430189
v -0.470787 0.775058 -0.431328
v -0.464563 0.775058 -0.431328
v -0.428012 0.816718 -0.468713
v -0.428012 0.816718 -0.470992
v -0.429151 0.816718 -0.472964
v -0.429151 0.816718 -0.466740
v -0.428012 0.775058 -0.470992
v -0.428012 0.775058 -0.468713
v -0.429151 0.775058 -0.466740
v -0.429151 0.775058 -0.472964
v -0.426746 0.692970 -0.469145
v -0.466968 0.692970 -0.428923
v -0.428807 0.693593 -0.471206
v -0.469029 0.693593 -0.430984
v -0.466515 0.693593 -0.433498
v -0.464454 0.692970 -0.431437
v -0.431322 0.693593 -0.468692
v -0.429260 0.692970 -0.466630
v -0.439474 0.772128 -0.480891
v -0.440955 0.773947 -0.479723
v -0.442804 0.774605 -0.477988
v -0.438767 0.769617 -0.481166
v -0.426746 0.769490 -0.469145
v -0.427228 0.772044 -0.468663
v -0.428548 0.773918 -0.467343
v -0.430353 0.774605 -0.465537
v -0.477547 0.773947 -0.443132
v -0.478714 0.772128 -0.441650
v -0.478989 0.769617 -0.440943
v -0.475811 0.774605 -0.444981
v -0.466968 0.769490 -0.428923
v -0.466486 0.772044 -0.429405
v -0.465166 0.773918 -0.430725
v -0.463361 0.774605 -0.432530
v -0.463972 0.768248 -0.431919
v -0.462652 0.770122 -0.433239
v -0.460847 0.770809 -0.435044
v -0.464454 0.765693 -0.431437
v -0.431062 0.770122 -0.464829
v -0.429742 0.768248 -0.466148
v -0.429260 0.765693 -0.466630
v -0.432867 0.770809 -0.463024
v -0.475065 0.770080 -0.445597
v -0.476202 0.768143 -0.444116
v -0.476437 0.765558 -0.443421
v -0.473297 0.770809 -0.447495
v -0.441939 0.768143 -0.478379
v -0.443420 0.770080 -0.477242
v -0.445318 0.770809 -0.475474
v -0.441244 0.765558 -0.478614
v -0.560201 -0.641555 -0.205057
v -0.538313 -0.641983 -0.257557
v -0.562710 -0.642786 -0.206093
v -0.540822 -0.643214 -0.258594
v -0.542190 -0.643188 -0.255312
v -0.539681 -0.641956 -0.254276
v -0.561342 -0.642813 -0.209375
v -0.558833 -0.641582 -0.208338
v -0.564150 -0.723529 -0.206787
v -0.563275 -0.725368 -0.208437
v -0.562245 -0.726047 -0.210747
v -0.564629 -0.721006 -0.206255
v -0.549314 -0.717250 -0.199901
v -0.548555 -0.719751 -0.200303
v -0.547473 -0.721595 -0.201858
v -0.546357 -0.722286 -0.204154
v -0.543363 -0.725757 -0.256198
v -0.542795 -0.723947 -0.258007
v -0.542740 -0.721434 -0.258756
v -0.544282 -0.726398 -0.253831
v -0.527426 -0.717678 -0.252401
v -0.527191 -0.720169 -0.251545
v -0.527545 -0.721985 -0.249656
v -0.528394 -0.722637 -0.247238
v -0.529297 -0.716433 -0.248601
v -0.529652 -0.718249 -0.246712
v -0.530500 -0.718901 -0.244294
v -0.529532 -0.713942 -0.249457
v -0.546843 -0.717913 -0.205478
v -0.547925 -0.716069 -0.203923
v -0.548684 -0.713568 -0.203520
v -0.545726 -0.718604 -0.207774
v -0.545449 -0.721951 -0.253310
v -0.544894 -0.720020 -0.255100
v -0.544849 -0.717431 -0.255815
v -0.546388 -0.722663 -0.250887
v -0.563539 -0.719656 -0.210378
v -0.562670 -0.721614 -0.212005
v -0.561614 -0.722365 -0.214367
v -0.564001 -0.717057 -0.209878
v -0.506185 -0.801737 -0.242859
v -0.528074 -0.801309 -0.190359
v -0.508936 -0.801751 -0.244006
v -0.530825 -0.801323 -0.191506
v -0.529457 -0.801350 -0.194788
v -0.526705 -0.801336 -0.193641
v -0.510305 -0.801724 -0.240725
v -0.507553 -0.801710 -0.239578
v -0.541507 -0.729060 -0.257426
v -0.542782 -0.727317 -0.255943
v -0.543958 -0.726672 -0.253692
v -0.540476 -0.731453 -0.257729
v -0.525113 -0.727946 -0.251352
v -0.525871 -0.725445 -0.250950
v -0.526954 -0.723601 -0.249395
v -0.528070 -0.722910 -0.247099
v -0.562695 -0.726928 -0.208181
v -0.562862 -0.728643 -0.206207
v -0.562365 -0.731025 -0.205228
v -0.561920 -0.726321 -0.210608
v -0.547001 -0.727518 -0.198852
v -0.547235 -0.725028 -0.199708
v -0.546882 -0.723211 -0.201597
v -0.546032 -0.722559 -0.204015
v -0.545129 -0.728763 -0.202652
v -0.544776 -0.726947 -0.204541
v -0.543926 -0.726295 -0.206959
v -0.544895 -0.731254 -0.201796
v -0.527584 -0.727283 -0.245775
v -0.526502 -0.729127 -0.247331
v -0.525743 -0.731628 -0.247733
v -0.528700 -0.726592 -0.243479
v -0.560588 -0.730729 -0.211060
v -0.560703 -0.732556 -0.209088
v -0.560160 -0.735006 -0.208129
v -0.559814 -0.730056 -0.213552
v -0.542057 -0.732920 -0.253810
v -0.543366 -0.731065 -0.252366
v -0.544588 -0.730354 -0.250072
v -0.541008 -0.735380 -0.254066
v 0.399797 -0.725553 0.430982
v 0.434543 -0.725451 0.399891
v 0.345479 -1.012073 0.379349
v 0.382249 -1.012076 0.342568
v 0.265456 -1.316515 0.293735
v 0.295944 -1.316504 0.263212
v -0.019379 -0.725958 0.588597
v 0.021343 -0.725958 0.588597
v -0.022844 -1.012060 0.512998
v 0.024807 -1.012060 0.512998
v -0.021137 -1.316334 0.394188
v 0.023100 -1.316332 0.394188
v -0.431112 -0.725537 0.398251
v -0.398471 -0.725513 0.432471
v -0.380425 -1.012068 0.343803
v -0.344029 -1.012079 0.378630
v -0.293986 -1.316498 0.263210
v -0.263498 -1.316510 0.293738
v -0.588811 -0.725948 -0.021567
v -0.588811 -0.725948 0.019175
v -0.518536 -1.003308 -0.034370
v -0.518536 -1.003308 0.031978
v -0.392032 -1.324961 -0.031264
v -0.392032 -1.324961 0.028872
v -0.398519 -0.725479 -0.435595
v -0.434232 -0.725397 -0.402329
v -0.341358 -1.012091 -0.381212
v -0.380668 -1.012077 -0.345876
v -0.263475 -1.316503 -0.296144
v -0.293958 -1.316522 -0.265631
v 0.021343 -0.725958 -0.590990
v -0.019380 -0.725958 -0.590990
v 0.024806 -1.012060 -0.515391
v -0.022844 -1.012060 -0.515391
v 0.023099 -1.316332 -0.396580
v -0.021137 -1.316332 -0.396580
v 0.434191 -0.725443 -0.402696
v 0.402438 -0.725473 -0.432827
v 0.380496 -1.012076 -0.346442
v 0.345439 -1.012059 -0.383928
v 0.295928 -1.316512 -0.265631
v 0.265402 -1.316512 -0.296148
v 0.590774 -0.725948 0.019174
v 0.590773 -0.725948 -0.021567
v 0.515176 -1.012060 0.022629
v 0.515176 -1.012060 -0.025021
v 0.396367 -1.316336 0.020915
v 0.396367 -1.316336 -0.023308
v 0.723613 -0.927457 0.748996
v 0.753469 -0.927457 0.722623
v 0.718230 -1.193617 0.744855
v 0.749616 -1.193616 0.717317
v 0.722491 -1.752830 0.745522
v 0.750387 -1.752863 0.721715
v -0.019085 -0.927456 0.747842
v 0.021040 -0.927456 0.747840
v -0.020332 -1.193607 0.744503
v 0.022238 -1.193603 0.742770
v -0.016710 -1.752145 0.743724
v 0.018671 -1.752146 0.743726
v -0.751982 -0.927456 0.724566
v -0.723489 -0.927457 0.748648
v -0.747652 -1.193618 0.720037
v -0.718517 -1.193632 0.744865
v -0.748400 -1.752863 0.723344
v -0.722677 -1.752832 0.745531
v -0.750870 -0.927457 -0.021257
v -0.750868 -0.927456 0.018857
v -0.753505 -1.185023 -0.031859
v -0.753506 -1.185023 0.029463
v -0.724239 -0.927456 -0.751641
v -0.751500 -0.927456 -0.721395
v -0.718431 -1.193628 -0.747344
v -0.747632 -1.193615 -0.716249
v -0.722730 -1.752855 -0.748072
v -0.748318 -1.752838 -0.720553
v 0.021044 -0.927456 -0.750466
v -0.019081 -0.927456 -0.750465
v 0.022237 -1.193603 -0.745327
v -0.020274 -1.193603 -0.745328
v 0.018671 -1.752147 -0.746271
v -0.016708 -1.752147 -0.746272
v 0.753913 -0.927456 -0.721940
v 0.723367 -0.927456 -0.751167
v 0.749597 -1.193606 -0.716285
v 0.718071 -1.193607 -0.747336
v 0.750329 -1.752846 -0.720554
v 0.722467 -1.752846 -0.748040
v 0.752853 -0.927457 0.018862
v 0.752852 -0.927456 -0.021263
v 0.747608 -1.193604 0.020059
v 0.747607 -1.193604 -0.022455
v 0.748558 -1.752149 0.016498
v 0.748558 -1.752149 -0.018882
v 0.714575 -0.927456 0.791752
v 0.714470 -1.751297 0.791273
v -0.790515 -0.927456 -0.715823
v -0.757664 -1.750141 0.026356
v -0.757663 -1.750141 -0.028739
v -0.789949 -1.751297 -0.715771
v -0.714620 -0.927457 -0.791741
v -0.714497 -1.751297 -0.791227
v 0.790454 -0.927457 -0.715933
v 0.789916 -1.751297 -0.715770
v 0.790515 -0.927457 0.715863
v 0.789917 -1.751297 0.715827
v -0.714496 -1.751297 0.791273
v -0.714525 -0.927456 0.791791
v -0.789949 -1.751297 0.715827
v -0.790465 -0.927457 0.715959
v 0.714470 -1.751297 -0.791227
v 0.714502 -0.927456 -0.791791
v 0.784754 -0.927456 0.744705
v 0.784266 -1.751172 0.744476
v 0.768075 -0.927456 0.769502
v 0.767785 -1.751172 0.769141
v 0.743218 -0.927456 0.785979
v 0.743121 -1.751172 0.785622
v -0.743337 -0.927456 0.786063
v -0.743147 -1.751172 0.785623
v -0.768146 -0.927456 0.769428
v -0.767813 -1.751172 0.769142
v -0.784650 -0.927456 0.744583
v -0.784295 -1.751172 0.744478
v -0.784756 -0.927456 -0.744653
v -0.784296 -1.751172 -0.744423
v -0.768092 -0.927456 -0.769446
v -0.767815 -1.751172 -0.769089
v -0.743244 -0.927456 -0.785933
v -0.743150 -1.751172 -0.785572
v 0.743326 -0.927456 -0.786050
v 0.743121 -1.751172 -0.785572
v 0.768135 -0.927456 -0.769395
v 0.767785 -1.751172 -0.769088
v 0.784628 -0.927456 -0.744540
v 0.784265 -1.751172 -0.744422
v 0.713267 -1.752149 -0.019133
v 0.713266 -1.752149 0.016749
v 0.724034 -1.751842 0.695760
v 0.696036 -1.751842 0.719833
v 0.018997 -1.751841 0.707219
v -0.017036 -1.751841 0.707217
v -0.699881 -1.751842 0.722177
v -0.725783 -1.751842 0.699676
v -0.703416 -1.751841 0.026553
v -0.703415 -1.751841 -0.028937
v -0.721174 -1.751842 -0.693809
v -0.695362 -1.751842 -0.721465
v -0.017035 -1.751841 -0.711864
v 0.018997 -1.751841 -0.711864
v 0.695025 -1.751842 -0.719644
v 0.723003 -1.751842 -0.692029
v 0.165780 1.578566 0.108919
v 0.111096 1.578566 0.163602
v 0.039649 1.578566 0.193197
v -0.037686 1.578566 0.193197
v -0.109133 1.578566 0.163602
v -0.163817 1.578566 0.108919
v -0.193412 1.578566 0.037471
v -0.193412 1.578566 -0.039863
v -0.163817 1.578566 -0.111311
v -0.109133 1.578566 -0.165995
v -0.037686 1.578566 -0.195590
v 0.039649 1.578566 -0.195590
v 0.111096 1.578566 -0.165995
v 0.165780 1.578566 -0.111311
v 0.195375 1.578566 -0.039863
v 0.195375 1.578566 0.037471
v 0.314447 1.487463 0.208254
v 0.210432 1.487463 0.312269
v 0.074531 1.487463 0.368561
v -0.072568 1.487463 0.368561
v -0.208469 1.487463 0.312269
v -0.312484 1.487463 0.208255
v -0.368776 1.487463 0.072353
v -0.368776 1.487463 -0.074746
v -0.312484 1.487463 -0.210648
v -0.208469 1.487463 -0.314662
v -0.072568 1.487463 -0.370954
v 0.074531 1.487463 -0.370955
v 0.210432 1.487463 -0.314662
v 0.314447 1.487463 -0.210648
v 0.370739 1.487463 -0.074746
v 0.370739 1.487463 0.072353
v 0.432429 1.345566 0.287088
v 0.289266 1.345566 0.430252
v 0.102214 1.345566 0.507731
v -0.100251 1.345566 0.507731
v -0.287303 1.345566 0.430252
v -0.430466 1.345566 0.287088
v -0.507946 1.345566 0.100036
v -0.507946 1.345566 -0.102428
v -0.430466 1.345566 -0.289481
v -0.287303 1.345566 -0.432645
v -0.100251 1.345566 -0.510125
v 0.102214 1.345566 -0.510125
v 0.289266 1.345566 -0.432645
v 0.432429 1.345566 -0.289481
v 0.509909 1.345566 -0.102428
v 0.509909 1.345566 0.100036
v 0.508179 1.166767 0.337702
v 0.339880 1.166767 0.506001
v 0.119987 1.166767 0.597084
v -0.118024 1.166767 0.597084
v -0.337917 1.166767 0.506001
v -0.506216 1.166767 0.337702
v -0.597299 1.166767 0.117809
v -0.597299 1.166767 -0.120202
v -0.506216 1.166767 -0.340095
v -0.337917 1.166767 -0.508394
v -0.118024 1.166767 -0.599477
v 0.119987 1.166767 -0.599477
v 0.339880 1.166767 -0.508394
v 0.508179 1.166767 -0.340095
v 0.599261 1.166767 -0.120202
v 0.599262 1.166767 0.117809
v 0.534281 0.968565 0.355142
v 0.357321 0.968565 0.532103
v 0.126111 0.968565 0.627873
v -0.124148 0.968565 0.627873
v -0.355357 0.968565 0.532103
v -0.532317 0.968565 0.355143
v -0.628088 0.968565 0.123934
v -0.628088 0.968565 -0.126326
v -0.532318 0.968565 -0.357536
v -0.355358 0.968565 -0.534495
v -0.124148 0.968565 -0.630266
v 0.126111 0.968565 -0.630266
v 0.357320 0.968565 -0.534496
v 0.534281 0.968565 -0.357536
v 0.630051 0.968565 -0.126326
v 0.630051 0.968565 0.123934
v 0.534281 -0.433362 0.355142
v 0.357321 -0.433362 0.532103
v 0.126111 -0.433362 0.627873
v -0.124148 -0.433362 0.627873
v -0.355357 -0.433362 0.532103
v -0.532317 -0.433362 0.355143
v -0.628088 -0.433362 0.123934
v -0.628088 -0.433362 -0.126326
v -0.532318 -0.433362 -0.357536
v -0.355358 -0.433362 -0.534495
v -0.124148 -0.433362 -0.630266
v 0.126111 -0.433362 -0.630266
v 0.357320 -0.433362 -0.534496
v 0.534281 -0.433362 -0.357536
v 0.630051 -0.433362 -0.126326
v 0.630051 -0.433362 0.123934
v 0.432429 -1.014195 0.287089
v 0.289266 -1.014195 0.430252
v 0.102214 -1.014195 0.507732
v -0.100251 -1.014195 0.507732
v -0.287303 -1.014195 0.430252
v -0.430466 -1.014195 0.287089
v -0.507946 -1.014195 0.100036
v -0.507946 -1.014195 -0.102428
v -0.430466 -1.014195 -0.289481
v -0.287303 -1.014195 -0.432645
v -0.100251 -1.014195 -0.510124
v 0.102214 -1.014195 -0.510124
v 0.289266 -1.014195 -0.432645
v 0.432429 -1.014195 -0.289481
v 0.509909 -1.014195 -0.102428
v 0.509909 -1.014195 0.100036
v 0.314447 -1.367013 0.208255
v 0.210432 -1.367013 0.312269
v 0.074531 -1.367013 0.368561
v -0.072568 -1.367013 0.368562
v -0.208469 -1.367013 0.312269
v -0.312484 -1.367013 0.208255
v -0.368776 -1.367013 0.072354
v -0.368776 -1.367013 -0.074746
v -0.312484 -1.367013 -0.210647
v -0.208469 -1.367013 -0.314662
v -0.072568 -1.367013 -0.370954
v 0.074531 -1.367013 -0.370954
v 0.210432 -1.367013 -0.314662
v 0.314447 -1.367013 -0.210647
v 0.370739 -1.367013 -0.074746
v 0.370739 -1.367013 0.072354
v 0.246110 -1.661044 0.170805
v 0.163734 -1.661044 0.247422
v 0.064365 -1.661044 0.298746
v -0.056461 -1.661044 0.294659
v -0.168585 -1.661044 0.244460
v -0.236963 -1.661044 0.160755
v -0.284232 -1.661044 0.064409
v -0.290749 -1.661044 -0.056985
v -0.237441 -1.661044 -0.166813
v -0.161392 -1.661044 -0.243121
v -0.062546 -1.661044 -0.286010
v 0.055700 -1.661044 -0.277061
v 0.163220 -1.661044 -0.231302
v 0.235769 -1.661044 -0.154309
v 0.288333 -1.661044 -0.062680
v 0.290940 -1.661044 0.058421
v 0.001509 -1.661034 0.005475
v 0.066806 1.605016 -0.014290
v 0.066806 1.605016 0.011897
v -0.064843 1.605016 0.011897
v -0.064843 1.605016 -0.014290
v -0.054822 1.605016 0.036090
v -0.036305 1.605016 0.054607
v -0.012112 1.605016 0.064629
v 0.014075 1.605016 0.064629
v 0.038268 1.605016 0.054607
v 0.056785 1.605016 0.036090
v 0.056785 1.605016 -0.038483
v 0.038268 1.605016 -0.057000
v 0.014075 1.605016 -0.067021
v -0.012112 1.605016 -0.067021
v -0.036305 1.605016 -0.057000
v -0.054822 1.605016 -0.038483
v 0.053383 1.613187 -0.011620
v 0.053383 1.613187 0.009227
v -0.051420 1.613187 0.009227
v -0.051420 1.613187 -0.011620
v -0.043442 1.613187 0.028487
v -0.028701 1.613187 0.043228
v -0.009442 1.613187 0.051206
v 0.011405 1.613187 0.051206
v 0.030665 1.613187 0.043228
v 0.045406 1.613187 0.028487
v 0.045406 1.613187 -0.030879
v 0.030665 1.613187 -0.045620
v 0.011405 1.613187 -0.053598
v -0.009442 1.613187 -0.053598
v -0.028702 1.613187 -0.045620
v -0.043442 1.613187 -0.030879
v 0.027704 1.613187 -0.006512
v 0.027704 1.613187 0.004119
v -0.025741 1.613187 0.004119
v -0.025741 1.613187 -0.006512
v -0.021673 1.613187 0.013941
v -0.014156 1.613187 0.021458
v -0.004334 1.613187 0.025527
v 0.006297 1.613187 0.025527
v 0.016119 1.613187 0.021458
v 0.023636 1.613187 0.013941
v 0.023636 1.613187 -0.016334
v 0.016119 1.613187 -0.023851
v 0.006297 1.613187 -0.027919
v -0.004334 1.613187 -0.027919
v -0.014156 1.613187 -0.023851
v -0.021673 1.613187 -0.016334
v 0.065464 1.630113 -0.014023
v 0.066806 1.628744 -0.014290
v 0.065464 1.630113 0.011630
v 0.066806 1.628744 0.011897
v -0.063501 1.630113 0.011630
v -0.064843 1.628744 0.011897
v -0.063501 1.630113 -0.014023
v -0.064843 1.628744 -0.014290
v -0.053684 1.630113 0.035330
v -0.054822 1.628744 0.036090
v -0.035545 1.630113 0.053470
v -0.036305 1.628744 0.054607
v -0.011845 1.630113 0.063286
v -0.012112 1.628744 0.064629
v 0.013808 1.630113 0.063286
v 0.014075 1.628744 0.064629
v 0.037508 1.630113 0.053470
v 0.038268 1.628744 0.054607
v 0.055647 1.630113 0.035330
v 0.056785 1.628744 0.036090
v 0.055647 1.630113 -0.037723
v 0.056785 1.628744 -0.038483
v 0.037508 1.630113 -0.055862
v 0.038268 1.628744 -0.057000
v 0.013808 1.630113 -0.065679
v 0.014075 1.628744 -0.067021
v -0.011845 1.630113 -0.065679
v -0.012112 1.628744 -0.067021
v -0.035545 1.630113 -0.055862
v -0.036305 1.628744 -0.057000
v -0.053684 1.630113 -0.037723
v -0.054822 1.628744 -0.038483
v 0.053383 1.628744 -0.011620
v 0.054726 1.630113 -0.011887
v 0.053383 1.628744 0.009227
v 0.054726 1.630113 0.009494
v -0.051420 1.628744 0.009227
v -0.052763 1.630113 0.009494
v -0.051420 1.628744 -0.011620
v -0.052763 1.630113 -0.011887
v -0.043442 1.628744 0.028487
v -0.044581 1.630113 0.029247
v -0.028701 1.628744 0.043228
v -0.029462 1.630113 0.044365
v -0.009442 1.628744 0.051206
v -0.009709 1.630113 0.052547
v 0.011405 1.628744 0.051206
v 0.011672 1.630113 0.052547
v 0.030665 1.628744 0.043228
v 0.031425 1.630113 0.044365
v 0.045406 1.628744 0.028487
v 0.046544 1.630113 0.029247
v 0.045406 1.628744 -0.030879
v 0.046544 1.630113 -0.031640
v 0.030665 1.628744 -0.045620
v 0.031425 1.630113 -0.046758
v 0.011405 1.628744 -0.053598
v 0.011672 1.630113 -0.054940
v -0.009442 1.628744 -0.053598
v -0.009709 1.630113 -0.054940
v -0.028702 1.628744 -0.045620
v -0.029462 1.630113 -0.046758
v -0.043442 1.628744 -0.030879
v -0.044581 1.630113 -0.031640
v 0.501310 -0.669409 0.336874
v 0.338532 -0.669409 0.499346
v 0.116241 -0.669409 0.591422
v -0.116184 -0.669409 0.590627
v -0.334638 -0.669409 0.500141
v -0.500495 -0.669409 0.334071
v -0.590681 -0.669409 0.116343
v -0.590398 -0.669409 -0.119410
v -0.500778 -0.669409 -0.335772
v -0.333207 -0.669410 -0.503118
v -0.117615 -0.669410 -0.592419
v 0.117990 -0.669410 -0.593082
v 0.336784 -0.669410 -0.502455
v 0.501875 -0.669409 -0.337895
v 0.593253 -0.669409 -0.117288
v 0.593818 -0.669409 0.113541
v -0.124148 0.791174 -0.630266
v -0.355358 0.791174 -0.534495
v -0.532318 0.791174 -0.357536
v -0.628088 0.791174 -0.126326
v -0.628088 0.791174 0.123934
v -0.532317 0.791174 0.355143
v -0.355357 0.791175 0.532103
v -0.124148 0.791175 0.627873
v 0.126111 0.791175 0.627873
v 0.357321 0.791175 0.532103
v 0.534281 0.791174 0.355142
v 0.630051 0.791174 0.123934
v 0.630051 0.791174 -0.126326
v 0.534281 0.791174 -0.357536
v 0.357320 0.791174 -0.534496
v 0.126111 0.791174 -0.630266
v -0.617798 1.067666 -0.124279
v -0.617798 1.067666 0.121887
v -0.523594 1.067666 0.349314
v -0.349529 1.067666 0.523380
v -0.122101 1.067666 0.617583
v 0.124065 1.067666 0.617584
v 0.351492 1.067666 0.523380
v 0.525557 1.067666 0.349314
v 0.619761 1.067666 0.121887
v 0.619761 1.067666 -0.124279
v 0.525557 1.067666 -0.351707
v 0.351492 1.067666 -0.525773
v 0.124064 1.067666 -0.619976
v -0.122101 1.067666 -0.619976
v -0.349529 1.067666 -0.525772
v -0.523595 1.067666 -0.351707
v -0.561491 1.256167 -0.113079
v -0.561491 1.256167 0.110686
v -0.475859 1.256167 0.317419
v -0.317633 1.256167 0.475645
v -0.110901 1.256167 0.561276
v 0.112864 1.256167 0.561276
v 0.319596 1.256167 0.475645
v 0.477822 1.256167 0.317419
v 0.563454 1.256167 0.110686
v 0.563454 1.256167 -0.113079
v 0.477822 1.256167 -0.319811
v 0.319596 1.256167 -0.478038
v 0.112864 1.256167 -0.563669
v -0.110901 1.256167 -0.563669
v -0.317633 1.256167 -0.478038
v -0.475859 1.256167 -0.319812
v -0.447041 1.416515 -0.090314
v -0.447041 1.416515 0.087921
v -0.378833 1.416515 0.252588
v -0.252803 1.416515 0.378619
v -0.088136 1.416515 0.446826
v 0.090099 1.416515 0.446826
v 0.254765 1.416515 0.378619
v 0.380796 1.416515 0.252588
v 0.449004 1.416515 0.087921
v 0.449004 1.416515 -0.090314
v 0.380796 1.416515 -0.254981
v 0.254765 1.416515 -0.381012
v 0.090099 1.416515 -0.449219
v -0.088136 1.416515 -0.449219
v -0.252803 1.416515 -0.381012
v -0.378833 1.416515 -0.254981
v -0.294531 1.533014 -0.059977
v -0.294531 1.533014 0.057585
v -0.249541 1.533014 0.166198
v -0.166413 1.533014 0.249327
v -0.057800 1.533014 0.294316
v 0.059762 1.533014 0.294316
v 0.168375 1.533014 0.249327
v 0.251505 1.533014 0.166198
v 0.296494 1.533014 0.057585
v 0.296494 1.533014 -0.059977
v 0.251505 1.533014 -0.168590
v 0.168375 1.533014 -0.251720
v 0.059763 1.533014 -0.296709
v -0.057800 1.533014 -0.296709
v -0.166413 1.533014 -0.251720
v -0.249542 1.533014 -0.168590
v 0.301108 -1.015355 0.426847
v 0.429112 -1.015389 0.298952
v 0.224297 -1.359205 0.312007
v 0.314184 -1.359203 0.222120
v 0.490347 -0.736278 0.339853
v 0.462151 -0.681242 0.388122
v 0.341923 -0.736223 0.488065
v 0.390237 -0.681214 0.459926
v 0.467942 -0.669329 0.377939
v 0.380117 -0.669329 0.465764
v 0.331804 -0.724345 0.493914
v 0.289266 -1.014115 0.430252
v 0.432429 -1.014115 0.287089
v 0.496092 -0.724345 0.329626
v 0.210432 -1.366933 0.312269
v 0.314447 -1.366933 0.208255
v 0.434543 -0.725451 0.399891
v 0.382249 -1.012076 0.342568
v 0.265456 -1.316515 0.293735
v 0.345479 -1.012073 0.379349
v 0.295944 -1.316504 0.263212
v 0.399797 -0.725553 0.430982
v -0.089560 -1.015413 0.513847
v 0.091523 -1.015413 0.513847
v -0.062607 -1.359246 0.378267
v 0.064570 -1.359246 0.378267
v 0.105899 -0.736276 0.586177
v 0.051829 -0.681260 0.600433
v -0.103936 -0.736276 0.586177
v -0.049866 -0.681260 0.600433
v 0.063083 -0.669329 0.597084
v -0.061120 -0.669329 0.597084
v -0.115188 -0.724345 0.582827
v -0.100251 -1.014115 0.507732
v 0.102214 -1.014115 0.507732
v 0.117151 -0.724345 0.582826
v -0.072568 -1.366933 0.368562
v 0.074531 -1.366933 0.368561
v 0.021343 -0.725958 0.588597
v 0.024807 -1.012060 0.512998
v -0.021137 -1.316334 0.394188
v -0.022844 -1.012060 0.512998
v 0.023100 -1.316332 0.394188
v -0.019379 -0.725958 0.588597
v 0.516024 -1.015413 0.089345
v 0.516024 -1.015413 -0.091737
v 0.380445 -1.359246 0.062393
v 0.380445 -1.359246 -0.064785
v 0.588355 -0.736276 -0.106114
v 0.602610 -0.681260 -0.052043
v 0.588355 -0.736276 0.103722
v 0.602610 -0.681260 0.049651
v 0.599261 -0.669329 -0.061528
v 0.599262 -0.669329 0.059136
v 0.585004 -0.724345 0.114974
v 0.509909 -1.014115 0.100036
v 0.509909 -1.014115 -0.102428
v 0.585004 -0.724345 -0.117366
v 0.370739 -1.366933 0.072354
v 0.370739 -1.366933 -0.074746
v 0.590773 -0.725948 -0.021567
v 0.515176 -1.012060 -0.025021
v 0.396367 -1.316336 0.020915
v 0.515176 -1.012060 0.022629
v 0.396367 -1.316336 -0.023308
v 0.590774 -0.725948 0.019174
v 0.429105 -1.015387 -0.301343
v 0.301145 -1.015405 -0.429389
v 0.314176 -1.359200 -0.224508
v 0.224338 -1.359246 -0.314481
v 0.342105 -0.736265 -0.490696
v 0.390412 -0.681250 -0.462538
v 0.490440 -0.736271 -0.342323
v 0.462296 -0.681254 -0.390641
v 0.380923 -0.669329 -0.467351
v 0.467136 -0.669329 -0.381138
v 0.496092 -0.724345 -0.332019
v 0.432429 -1.014115 -0.289481
v 0.289266 -1.014115 -0.432645
v 0.331804 -0.724345 -0.496307
v 0.314447 -1.366933 -0.210647
v 0.210432 -1.366933 -0.314662
v 0.402438 -0.725473 -0.432827
v 0.345439 -1.012059 -0.383928
v 0.295928 -1.316512 -0.265631
v 0.380496 -1.012076 -0.346442
v 0.265402 -1.316512 -0.296148
v 0.434191 -0.725443 -0.402696
v -0.299131 -1.015343 -0.429183
v -0.427254 -1.015424 -0.301369
v -0.222281 -1.359150 -0.314294
v -0.312272 -1.359230 -0.224538
v -0.488699 -0.736294 -0.342490
v -0.460520 -0.681271 -0.390779
v -0.340165 -0.736232 -0.490646
v -0.388540 -0.681241 -0.462574
v -0.465979 -0.669329 -0.380332
v -0.378154 -0.669329 -0.468157
v -0.329841 -0.724345 -0.496307
v -0.287303 -1.014115 -0.432645
v -0.430466 -1.014115 -0.289481
v -0.494129 -0.724345 -0.332019
v -0.208469 -1.366933 -0.314662
v -0.312484 -1.366933 -0.210647
v -0.434232 -0.725397 -0.402329
v -0.380668 -1.012077 -0.345876
v -0.263475 -1.316503 -0.296144
v -0.341358 -1.012091 -0.381212
v -0.293958 -1.316522 -0.265631
v -0.398519 -0.725479 -0.435595
v -0.514062 -1.015413 -0.091737
v -0.514062 -1.015413 0.089345
v -0.378482 -1.359246 -0.064785
v -0.378482 -1.359246 0.062393
v -0.586391 -0.736276 0.103722
v -0.600647 -0.681260 0.049651
v -0.586392 -0.736276 -0.106114
v -0.600647 -0.681260 -0.052043
v -0.597299 -0.669329 0.060906
v -0.597299 -0.669329 -0.063298
v -0.583041 -0.724345 -0.117366
v -0.507946 -1.014115 -0.102428
v -0.507946 -1.014115 0.100036
v -0.583041 -0.724345 0.114974
v -0.368776 -1.366933 -0.074746
v -0.368776 -1.366933 0.072354
v -0.588811 -0.725948 0.019175
v -0.518536 -1.003308 0.031978
v -0.392032 -1.324961 -0.031264
v -0.518536 -1.003308 -0.034370
v -0.392032 -1.324961 0.028872
v -0.588811 -0.725948 -0.021567
v 0.091523 -1.015413 -0.516239
v -0.089560 -1.015413 -0.516239
v 0.064570 -1.359246 -0.380659
v -0.062607 -1.359246 -0.380659
v -0.103936 -0.736276 -0.588569
v -0.049866 -0.681260 -0.602825
v 0.105899 -0.736276 -0.588570
v 0.051829 -0.681260 -0.602825
v -0.061120 -0.669329 -0.599477
v 0.063083 -0.669329 -0.599477
v 0.117151 -0.724345 -0.585219
v 0.102214 -1.014115 -0.510124
v -0.100251 -1.014115 -0.510124
v -0.115188 -0.724345 -0.585219
v 0.074531 -1.366933 -0.370954
v -0.072568 -1.366933 -0.370954
v -0.019380 -0.725958 -0.590990
v -0.022844 -1.012060 -0.515391
v 0.023099 -1.316332 -0.396580
v 0.024806 -1.012060 -0.515391
v -0.021137 -1.316332 -0.396580
v 0.021343 -0.725958 -0.590990
v -0.427138 -1.015380 0.298950
v -0.299156 -1.015372 0.426890
v -0.312273 -1.359232 0.222146
v -0.222331 -1.359202 0.312000
v -0.339983 -0.736255 0.488074
v -0.388267 -0.681227 0.459897
v -0.488301 -0.736244 0.339752
v -0.460123 -0.681220 0.388034
v -0.378154 -0.669329 0.465764
v -0.465979 -0.669329 0.377939
v -0.494129 -0.724345 0.329626
v -0.430466 -1.014115 0.287089
v -0.287303 -1.014115 0.430252
v -0.329841 -0.724345 0.493914
v -0.312484 -1.366933 0.208255
v -0.208469 -1.366933 0.312269
v -0.398471 -0.725513 0.432471
v -0.344029 -1.012079 0.378630
v -0.293986 -1.316498 0.263210
v -0.380425 -1.012068 0.343803
v -0.263498 -1.316510 0.293738
v -0.431112 -0.725537 0.398251
v 0.027704 1.697235 -0.006512
v 0.027704 1.697235 0.004120
v -0.025741 1.697235 0.004119
v -0.025741 1.697235 -0.006512
v -0.021673 1.697235 0.013940
v -0.014156 1.697235 0.021458
v -0.004334 1.697235 0.025527
v 0.006297 1.697235 0.025526
v 0.016119 1.697235 0.021458
v 0.023636 1.697235 0.013940
v 0.023636 1.697235 -0.016333
v 0.016119 1.697235 -0.023851
v 0.006297 1.697235 -0.027919
v -0.004334 1.697235 -0.027919
v -0.014156 1.697235 -0.023851
v -0.021673 1.697235 -0.016333
v 0.038209 1.697235 -0.008602
v 0.038209 1.697235 0.006210
v -0.036246 1.697235 0.006209
v -0.036246 1.697235 -0.008602
v -0.030579 1.697235 0.019891
v -0.020106 1.697235 0.030364
v -0.006423 1.697235 0.036032
v 0.008386 1.697235 0.036031
v 0.022069 1.697235 0.030364
v 0.032542 1.697235 0.019891
v 0.032542 1.697235 -0.022283
v 0.022070 1.697235 -0.032756
v 0.008386 1.697235 -0.038424
v -0.006423 1.697235 -0.038423
v -0.020106 1.697235 -0.032757
v -0.030578 1.697235 -0.022283
v 0.038209 1.712992 -0.008602
v 0.038209 1.712992 0.006209
v -0.036246 1.712992 0.006209
v -0.036246 1.712992 -0.008602
v -0.030579 1.712992 0.019891
v -0.020106 1.712992 0.030364
v -0.006423 1.712992 0.036032
v 0.008386 1.712992 0.036031
v 0.022069 1.712992 0.030364
v 0.032542 1.712992 0.019891
v 0.032542 1.712992 -0.022283
v 0.022070 1.712992 -0.032756
v 0.008386 1.712992 -0.038424
v -0.006423 1.712992 -0.038423
v -0.020106 1.712992 -0.032757
v -0.030578 1.712992 -0.022283
v 0.007861 1.749760 -0.002565
v 0.007861 1.749760 0.000172
v -0.005898 1.749760 0.000173
v -0.005898 1.749760 -0.002565
v -0.004851 1.749760 0.002701
v -0.002915 1.749760 0.004637
v -0.000388 1.749760 0.005684
v 0.002349 1.749760 0.005684
v 0.004878 1.749760 0.004636
v 0.006814 1.749760 0.002701
v 0.006814 1.749760 -0.005093
v 0.004878 1.749760 -0.007029
v 0.002350 1.749760 -0.008076
v -0.000387 1.749760 -0.008076
v -0.002915 1.749760 -0.007029
v -0.004851 1.749760 -0.005093
v 0.000982 1.752863 -0.001196
v 0.027704 1.613187 0.004119
v 0.027704 1.613187 -0.006512
v -0.025741 1.613187 -0.006512
v -0.025741 1.613187 0.004119
v -0.021673 1.613187 0.013941
v -0.014156 1.613187 0.021458
v -0.004334 1.613187 0.025527
v 0.006297 1.613187 0.025527
v 0.016119 1.613187 0.021458
v 0.023636 1.613187 0.013941
v 0.023636 1.613187 -0.016334
v 0.016119 1.613187 -0.023851
v 0.006297 1.613187 -0.027919
v -0.004334 1.613187 -0.027919
v -0.014156 1.613187 -0.023851
v -0.021673 1.613187 -0.016334
vn -0.0000 0.9782 0.2077
vn -0.0000 0.9782 0.2076
vn 0.0001 0.9618 -0.2736
vn 0.0003 -0.0000 -1.0000
vn 0.0001 -0.9618 -0.2737
vn -0.0001 -0.9782 0.2076
vn -0.0000 -0.9782 0.2076
vn 0.9956 -0.0000 0.0936
vn 1.0000 -0.0000 0.0003
vn -0.9957 -0.0000 0.0929
vn -1.0000 -0.0000 -0.0003
vn 0.0002 0.4031 -0.9152
vn 0.0002 0.3699 -0.9291
vn 0.0002 -0.3699 -0.9291
vn 0.0003 -0.4031 -0.9152
vn 0.0002 -0.4031 -0.9152
vn -0.0116 -0.0025 0.9999
vn 0.0111 -0.0025 0.9999
vn 0.0111 0.0025 0.9999
vn -0.0116 0.0025 0.9999
vn -0.7753 -0.0000 0.6316
vn -0.0002 0.4939 0.8695
vn 0.7748 -0.0000 0.6322
vn -0.0002 -0.4939 0.8695
vn -0.2076 0.9782 0.0003
vn 0.2736 0.9618 -0.0004
vn 0.2737 0.9618 -0.0004
vn 1.0000 -0.0000 -0.0016
vn 0.2737 -0.9618 -0.0004
vn 0.2736 -0.9618 -0.0004
vn -0.2076 -0.9782 0.0003
vn -0.0917 -0.0000 0.9958
vn 0.0016 -0.0000 1.0000
vn -0.0948 -0.0000 -0.9955
vn -0.0016 -0.0000 -1.0000
vn 0.9152 0.4031 -0.0014
vn 0.9291 0.3699 -0.0015
vn 0.9291 -0.3699 -0.0015
vn 0.9152 -0.4031 -0.0014
vn -0.9999 -0.0025 -0.0098
vn -0.9999 -0.0025 0.0129
vn -0.9999 0.0025 0.0129
vn -0.9999 0.0025 -0.0098
vn -0.6331 -0.0000 -0.7741
vn -0.8695 0.4939 0.0014
vn -0.6308 -0.0000 0.7760
vn -0.8695 -0.4939 0.0014
vn 0.0060 0.9782 -0.2076
vn 0.0060 0.9782 -0.2075
vn -0.0079 0.9618 0.2735
vn -0.0290 -0.0000 0.9996
vn -0.0079 -0.9618 0.2735
vn 0.0060 -0.9782 -0.2075
vn -0.9925 -0.0000 -0.1222
vn -0.9996 -0.0000 -0.0291
vn 0.9979 -0.0000 -0.0642
vn 0.9996 -0.0000 0.0291
vn -0.0267 0.4031 0.9148
vn -0.0266 0.4031 0.9148
vn -0.0270 0.3699 0.9287
vn -0.0270 -0.3699 0.9287
vn -0.0267 -0.4031 0.9148
vn -0.0266 -0.4031 0.9148
vn -0.9996 -0.0000 -0.0290
vn 0.9996 -0.0000 0.0290
vn 0.0404 -0.0025 -0.9992
vn 0.0177 -0.0025 -0.9998
vn 0.0177 0.0025 -0.9998
vn 0.0404 0.0025 -0.9992
vn 0.7932 -0.0000 -0.6090
vn 0.0252 0.4939 -0.8692
vn -0.7563 -0.0000 -0.6542
vn 0.0252 -0.4939 -0.8692
vn 0.2076 0.9782 -0.0000
vn -0.2737 0.9618 -0.0000
vn -1.0000 -0.0000 -0.0000
vn -0.2737 -0.9618 -0.0000
vn 0.2076 -0.9782 -0.0000
vn 0.0933 -0.0000 -0.9956
vn -0.0000 -0.0000 -1.0000
vn 0.0932 -0.0000 0.9956
vn -0.0000 -0.0000 1.0000
vn -0.9152 0.4031 -0.0000
vn -0.9291 0.3699 -0.0000
vn -0.9291 -0.3699 -0.0000
vn -0.9152 -0.4031 -0.0000
vn 0.9999 -0.0025 0.0113
vn 0.9999 -0.0025 -0.0114
vn 0.9999 0.0025 -0.0114
vn 0.9999 0.0025 0.0113
vn 0.6318 -0.0000 0.7751
vn 0.8695 0.4939 -0.0000
vn 0.6320 -0.0000 -0.7750
vn 0.8695 -0.4939 -0.0000
vn -0.7068 -0.7071 -0.0205
vn -0.0000 -1.0000 -0.0000
vn 0.7068 -0.7071 0.0205
vn 0.7068 0.7071 0.0205
vn -0.0000 1.0000 -0.0000
vn -0.7068 0.7071 -0.0205
vn 0.0291 -0.0000 -0.9996
vn 0.0290 -0.0000 -0.9996
vn -0.0289 -0.0000 0.9996
vn -0.0291 0.0001 0.9996
vn -0.0291 -0.0000 0.9996
vn -0.0292 -0.0001 0.9996
vn 0.0002 -1.0000 -0.0081
vn -0.7081 -0.7056 -0.0263
vn 0.7084 -0.7057 0.0148
vn 0.9996 0.0036 0.0296
vn 0.7045 0.7092 0.0280
vn -0.0003 0.9999 0.0105
vn -0.7049 0.7092 -0.0129
vn -0.9996 0.0036 -0.0285
vn -0.0003 -0.9999 0.0105
vn -0.7049 -0.7092 -0.0129
vn 0.7045 -0.7092 0.0280
vn 0.9996 -0.0036 0.0296
vn 0.7084 0.7057 0.0149
vn 0.0002 1.0000 -0.0081
vn -0.7081 0.7056 -0.0263
vn -0.9996 -0.0035 -0.0285
vn 0.0127 0.8998 -0.4360
vn 0.7664 0.5904 -0.2530
vn 0.9917 -0.0915 0.0905
vn 0.6376 -0.6880 0.3465
vn -0.0122 -0.9082 0.4183
vn -0.6567 -0.6880 0.3089
vn -0.9953 -0.0916 0.0328
vn -0.7505 0.5904 -0.2970
vn 0.7664 -0.5904 -0.2530
vn 0.0127 -0.8998 -0.4361
vn 0.9917 0.0916 0.0905
vn 0.6377 0.6880 0.3465
vn -0.0122 0.9082 0.4183
vn -0.6567 0.6880 0.3089
vn -0.9953 0.0915 0.0328
vn -0.7505 -0.5904 -0.2971
vn 0.7597 -0.3156 -0.5685
vn 0.0259 -0.4497 -0.8928
vn 0.9910 0.0582 0.1206
vn 0.6203 0.4240 0.6599
vn -0.0241 0.5604 0.8279
vn -0.6576 0.4240 0.6227
vn -0.9963 0.0582 0.0628
vn -0.7255 -0.3155 -0.6116
vn 0.7463 -0.0916 -0.6592
vn 0.0288 -0.1278 -0.9914
vn 0.9955 0.0121 0.0939
vn 0.6413 0.1222 0.7575
vn -0.0287 0.1657 0.9858
vn -0.6842 0.1222 0.7190
vn -0.9993 0.0121 0.0359
vn -0.7069 -0.0916 -0.7014
vn 0.7463 0.0916 -0.6592
vn 0.0288 0.1278 -0.9914
vn 0.9955 -0.0121 0.0939
vn 0.6413 -0.1222 0.7575
vn -0.0287 -0.1658 0.9858
vn -0.6842 -0.1222 0.7190
vn -0.9993 -0.0121 0.0359
vn -0.7069 0.0916 -0.7014
vn 0.7597 0.3156 -0.5685
vn 0.0260 0.4497 -0.8928
vn 0.9910 -0.0582 0.1205
vn 0.6203 -0.4240 0.6599
vn -0.0241 -0.5604 0.8279
vn -0.6576 -0.4240 0.6227
vn -0.9963 -0.0582 0.0628
vn -0.7255 0.3155 -0.6116
vn -0.0000 -0.7071 -0.7071
vn -0.0000 -0.7071 0.7071
vn -0.0000 0.7071 0.7071
vn -0.0000 0.7071 -0.7071
vn 1.0000 -0.0000 -0.0000
vn 0.0081 -1.0000 -0.0000
vn 0.0057 -0.7056 -0.7085
vn 0.0057 -0.7056 0.7085
vn -0.0006 0.0036 1.0000
vn -0.0075 0.7092 0.7050
vn -0.0105 0.9999 -0.0000
vn -0.0075 0.7092 -0.7050
vn -0.0006 0.0036 -1.0000
vn -0.0105 -0.9999 -0.0000
vn -0.0075 -0.7092 -0.7050
vn -0.0075 -0.7092 0.7050
vn -0.0006 -0.0035 1.0000
vn 0.0057 0.7056 0.7085
vn 0.0081 1.0000 -0.0000
vn 0.0058 0.7056 -0.7086
vn -0.0006 -0.0035 -1.0000
vn 0.4362 0.8998 -0.0000
vn 0.2752 0.5904 0.7588
vn -0.0617 -0.0915 0.9939
vn -0.3279 -0.6880 0.6474
vn -0.4185 -0.9082 -0.0000
vn -0.3279 -0.6880 -0.6474
vn -0.0617 -0.0915 -0.9939
vn 0.2751 0.5904 -0.7588
vn 0.2752 -0.5904 0.7588
vn 0.4363 -0.8998 -0.0000
vn -0.0617 0.0915 0.9939
vn -0.3279 0.6880 0.6474
vn -0.4185 0.9082 -0.0000
vn -0.3279 0.6880 -0.6474
vn -0.0617 0.0915 -0.9939
vn 0.2752 -0.5904 -0.7588
vn 0.5903 -0.3156 0.7429
vn 0.8931 -0.4498 -0.0000
vn -0.0917 0.0582 0.9941
vn -0.6416 0.4240 0.6392
vn -0.8282 0.5604 -0.0000
vn -0.6416 0.4240 -0.6392
vn -0.0917 0.0582 -0.9941
vn 0.5903 -0.3156 -0.7429
vn 0.6806 -0.0916 0.7269
vn 0.9918 -0.1278 -0.0000
vn -0.0649 0.0121 0.9978
vn -0.7385 0.1222 0.6630
vn -0.9862 0.1657 -0.0000
vn -0.7385 0.1222 -0.6630
vn -0.0649 0.0121 -0.9978
vn 0.6806 -0.0916 -0.7269
vn 0.6806 0.0916 0.7269
vn 0.9918 0.1278 -0.0000
vn -0.0649 -0.0121 0.9978
vn -0.7385 -0.1222 0.6630
vn -0.9862 -0.1658 -0.0000
vn -0.7385 -0.1222 -0.6630
vn -0.0649 -0.0121 -0.9978
vn 0.6806 0.0916 -0.7269
vn 0.5903 0.3156 0.7429
vn 0.8931 0.4498 -0.0000
vn -0.0917 -0.0582 0.9941
vn -0.6416 -0.4240 0.6392
vn -0.8282 -0.5604 -0.0000
vn -0.6416 -0.4240 -0.6392
vn -0.0917 -0.0582 -0.9941
vn 0.5903 0.3156 -0.7429
vn 0.0011 -0.7071 0.7071
vn -0.0011 -0.7071 -0.7071
vn -0.0011 0.7071 -0.7071
vn 0.0011 0.7071 0.7071
vn -1.0000 -0.0000 0.0016
vn -1.0000 -0.0000 0.0015
vn -1.0000 -0.0000 0.0017
vn 1.0000 0.0001 -0.0016
vn 1.0000 -0.0001 -0.0016
vn -0.0081 -1.0000 -0.0000
vn -0.0046 -0.7057 0.7085
vn -0.0068 -0.7057 -0.7085
vn -0.0010 0.0036 -1.0000
vn 0.0064 0.7092 -0.7050
vn 0.0105 0.9999 -0.0000
vn 0.0086 0.7092 0.7050
vn 0.0022 0.0036 1.0000
vn 0.0105 -0.9999 -0.0000
vn 0.0086 -0.7092 0.7050
vn 0.0064 -0.7092 -0.7050
vn -0.0010 -0.0035 -1.0000
vn -0.0069 0.7056 -0.7085
vn -0.0081 1.0000 -0.0000
vn -0.0046 0.7056 0.7085
vn 0.0021 -0.0035 1.0000
vn -0.4362 0.8998 0.0007
vn -0.2763 0.5904 -0.7583
vn 0.0602 -0.0915 -0.9940
vn 0.3268 -0.6880 -0.6479
vn 0.4185 -0.9082 -0.0007
vn 0.3289 -0.6880 0.6469
vn 0.0633 -0.0916 0.9938
vn -0.2740 0.5903 0.7592
vn -0.2764 -0.5904 -0.7583
vn -0.4363 -0.8998 0.0007
vn 0.0601 0.0915 -0.9940
vn 0.3268 0.6880 -0.6480
vn 0.4185 0.9082 -0.0007
vn 0.3289 0.6880 0.6469
vn 0.0632 0.0915 0.9938
vn -0.2740 -0.5903 0.7592
vn -0.5915 -0.3156 -0.7420
vn -0.8931 -0.4498 0.0015
vn 0.0901 0.0582 -0.9942
vn 0.6406 0.4240 -0.6402
vn 0.8282 0.5604 -0.0013
vn 0.6426 0.4240 0.6382
vn 0.0933 0.0582 0.9939
vn -0.5891 -0.3155 0.7439
vn -0.6818 -0.0916 -0.7258
vn -0.9918 -0.1278 0.0016
vn 0.0633 0.0121 -0.9979
vn 0.7375 0.1222 -0.6642
vn 0.9862 0.1657 -0.0016
vn 0.7396 0.1222 0.6619
vn 0.0664 0.0121 0.9977
vn -0.6794 -0.0916 0.7280
vn -0.6818 0.0916 -0.7258
vn -0.9918 0.1278 0.0016
vn 0.0633 -0.0121 -0.9979
vn 0.7375 -0.1222 -0.6642
vn 0.9862 -0.1658 -0.0016
vn 0.7396 -0.1222 0.6619
vn 0.0664 -0.0121 0.9977
vn -0.6795 0.0916 0.7280
vn -0.5915 0.3155 -0.7420
vn -0.8931 0.4498 0.0014
vn 0.0902 -0.0582 -0.9942
vn 0.6406 -0.4240 -0.6402
vn 0.8282 -0.5604 -0.0013
vn 0.6426 -0.4240 0.6382
vn 0.0933 -0.0582 0.9939
vn -0.5891 0.3155 0.7439
vn 0.7071 -0.7071 0.0002
vn -0.7071 -0.7071 -0.0002
vn -0.7071 0.7071 -0.0002
vn 0.7071 0.7071 0.0002
vn -0.0003 -0.0000 1.0000
vn -0.0002 -0.0000 1.0000
vn 0.0002 -0.0000 -1.0000
vn -0.0000 -1.0000 0.0081
vn 0.7085 -0.7057 0.0059
vn -0.7085 -0.7057 0.0055
vn -1.0000 0.0036 -0.0008
vn -0.7050 0.7092 -0.0077
vn -0.0000 0.9999 -0.0105
vn 0.7050 0.7092 -0.0073
vn 1.0000 0.0036 -0.0003
vn -0.0000 -0.9999 -0.0105
vn 0.7050 -0.7092 -0.0073
vn -0.7050 -0.7092 -0.0077
vn -1.0000 -0.0035 -0.0008
vn -0.7085 0.7056 0.0056
vn -0.0000 1.0000 0.0081
vn 0.7085 0.7056 0.0059
vn 1.0000 -0.0036 -0.0003
vn -0.0001 0.8998 0.4362
vn -0.7588 0.5904 0.2750
vn -0.9939 -0.0915 -0.0620
vn -0.6473 -0.6880 -0.3280
vn 0.0001 -0.9082 -0.4185
vn 0.6475 -0.6880 -0.3277
vn 0.9939 -0.0915 -0.0614
vn 0.7587 0.5904 0.2754
vn -0.7588 -0.5904 0.2750
vn -0.0001 -0.8998 0.4363
vn -0.9939 0.0915 -0.0620
vn -0.6474 0.6880 -0.3280
vn 0.0001 0.9082 -0.4185
vn 0.6475 0.6880 -0.3277
vn 0.9939 0.0915 -0.0614
vn 0.7587 -0.5904 0.2754
vn -0.7431 -0.3156 0.5901
vn -0.0002 -0.4498 0.8931
vn -0.9941 0.0582 -0.0920
vn -0.6391 0.4240 -0.6417
vn 0.0002 0.5604 -0.8282
vn 0.6394 0.4240 -0.6414
vn 0.9941 0.0582 -0.0915
vn 0.7428 -0.3156 0.5905
vn -0.7270 -0.0916 0.6805
vn -0.0003 -0.1278 0.9918
vn -0.9978 0.0121 -0.0651
vn -0.6628 0.1222 -0.7387
vn 0.0003 0.1657 -0.9862
vn 0.6633 0.1222 -0.7383
vn 0.9978 0.0121 -0.0646
vn 0.7267 -0.0916 0.6808
vn -0.7270 0.0916 0.6805
vn -0.0003 0.1278 0.9918
vn -0.9978 -0.0121 -0.0651
vn -0.6629 -0.1222 -0.7387
vn 0.0003 -0.1658 -0.9862
vn 0.6633 -0.1222 -0.7383
vn 0.9978 -0.0121 -0.0646
vn 0.7267 0.0916 0.6808
vn -0.7431 0.3156 0.5901
vn -0.0002 0.4498 0.8932
vn -0.9941 -0.0583 -0.0920
vn -0.6391 -0.4240 -0.6417
vn 0.0002 -0.5604 -0.8282
vn 0.6394 -0.4240 -0.6414
vn 0.9941 -0.0582 -0.0914
vn 0.7428 0.3156 0.5905
vn -0.2091 0.9779 -0.0019
vn -0.9785 0.1857 0.0900
vn -0.9788 0.1842 0.0900
vn -0.9804 0.1757 0.0896
vn 1.0000 -0.0000 0.0089
vn 0.0090 -0.0000 -1.0000
vn 0.0090 -0.0147 -0.9999
vn 0.0091 -0.0179 -0.9998
vn -0.0089 -0.0179 0.9998
vn -0.0083 -0.0146 0.9999
vn -0.0090 -0.0000 1.0000
vn -0.9767 0.1857 -0.1075
vn -0.9786 0.1757 -0.1075
vn -0.9770 0.1842 -0.1074
vn -0.0001 -0.9999 0.0137
vn 0.0002 -0.9999 0.0134
vn 0.0001 -0.9999 -0.0134
vn 0.0005 -0.9999 -0.0137
vn -1.0000 0.0041 -0.0048
vn -1.0000 0.0009 -0.0081
vn -1.0000 0.0009 -0.0099
vn -0.9999 0.0041 -0.0132
vn 1.0000 0.0001 0.0090
vn 1.0000 -0.0000 0.0090
vn -0.0089 0.0181 0.9998
vn -0.0089 0.0152 0.9998
vn 0.0003 0.9999 0.0168
vn -0.0001 0.9999 0.0165
vn 0.0002 0.9999 -0.0164
vn 0.0002 0.9999 -0.0168
vn 0.0096 0.0152 -0.9998
vn 0.0091 0.0181 -0.9998
vn -0.9981 0.0478 0.0397
vn -0.9985 0.0430 0.0348
vn -0.9951 0.0737 0.0657
vn -0.9940 0.0810 0.0731
vn -0.0061 -0.5218 0.8530
vn -0.0062 -0.5056 0.8628
vn -0.0032 -0.8741 0.4858
vn -0.0033 -0.8689 0.4949
vn -0.9938 0.0737 -0.0836
vn -0.9926 0.0810 -0.0910
vn -0.9972 0.0477 -0.0576
vn -0.9977 0.0429 -0.0527
vn 0.0055 -0.8741 -0.4857
vn 0.0056 -0.8689 -0.4949
vn 0.0092 -0.5218 -0.8530
vn 0.0093 -0.5055 -0.8628
vn -0.0033 0.8623 0.5065
vn -0.0032 0.8672 0.4980
vn -0.0064 0.4945 0.8691
vn -0.0063 0.5084 0.8611
vn 0.0093 0.4945 -0.8691
vn 0.0092 0.5084 -0.8611
vn 0.0059 0.8622 -0.5065
vn 0.0058 0.8672 -0.4979
vn -1.0000 -0.0000 0.0023
vn -0.9998 -0.0000 -0.0203
vn 0.9998 -0.0000 0.0203
vn 1.0000 -0.0000 -0.0023
vn 0.0625 -0.0000 -0.9980
vn -0.0445 -0.0000 -0.9990
vn 0.0446 -0.0000 0.9990
vn -0.0625 -0.0000 0.9980
vn -0.5078 -0.0000 0.8615
vn -0.8705 -0.0000 0.4922
vn -0.8615 -0.0000 -0.5077
vn -0.4922 -0.0000 -0.8705
vn 0.8615 -0.0000 0.5078
vn 0.4922 -0.0000 0.8705
vn 0.5077 -0.0000 -0.8615
vn 0.8705 -0.0000 -0.4922
vn -0.2091 -0.9779 -0.0019
vn -0.9767 -0.1857 -0.1075
vn -0.9770 -0.1842 -0.1075
vn -0.9786 -0.1757 -0.1072
vn -0.0089 0.0146 0.9999
vn -0.0089 0.0179 0.9998
vn 0.0091 0.0179 -0.9998
vn 0.0096 0.0146 -0.9998
vn -0.9785 -0.1857 0.0900
vn -0.9803 -0.1757 0.0899
vn -0.9788 -0.1842 0.0898
vn 0.0002 0.9999 -0.0136
vn 0.0005 0.9999 -0.0134
vn -0.0001 0.9999 0.0134
vn 0.0002 0.9999 0.0137
vn -0.9999 -0.0041 -0.0132
vn -1.0000 -0.0009 -0.0099
vn -1.0000 -0.0009 -0.0081
vn -1.0000 -0.0041 -0.0048
vn 1.0000 -0.0001 0.0090
vn 0.0091 -0.0181 -0.9998
vn 0.0091 -0.0152 -0.9998
vn 0.0006 -0.9999 -0.0168
vn 0.0002 -0.9999 -0.0165
vn -0.0001 -0.9999 0.0164
vn -0.0001 -0.9999 0.0168
vn -0.0084 -0.0152 0.9998
vn -0.0089 -0.0181 0.9998
vn -0.9972 -0.0477 -0.0575
vn -0.9977 -0.0429 -0.0527
vn -0.9938 -0.0737 -0.0836
vn -0.9926 -0.0810 -0.0909
vn 0.0092 0.5219 -0.8530
vn 0.0093 0.5056 -0.8627
vn 0.0055 0.8741 -0.4857
vn 0.0056 0.8689 -0.4949
vn -0.9951 -0.0737 0.0657
vn -0.9940 -0.0811 0.0732
vn -0.9981 -0.0478 0.0396
vn -0.9985 -0.0430 0.0348
vn -0.0032 0.8741 0.4857
vn -0.0032 0.8689 0.4949
vn -0.0061 0.5218 0.8530
vn -0.0062 0.5056 0.8628
vn 0.0059 -0.8622 -0.5065
vn 0.0058 -0.8672 -0.4979
vn 0.0093 -0.4945 -0.8691
vn 0.0092 -0.5085 -0.8610
vn -0.0064 -0.4945 0.8691
vn -0.0063 -0.5084 0.8611
vn -0.0033 -0.8622 0.5065
vn -0.0032 -0.8672 0.4979
vn -0.3861 0.9106 0.1474
vn -0.8716 0.0301 0.4893
vn -0.8719 0.0276 0.4889
vn -0.8735 0.0139 0.4865
vn 0.9046 0.1617 -0.3943
vn 0.9043 0.1563 -0.3973
vn 0.9042 0.1552 -0.3978
vn -0.3722 -0.0075 -0.9281
vn -0.3693 -0.0213 -0.9291
vn -0.3683 -0.0257 -0.9294
vn 0.3760 -0.0107 0.9266
vn 0.3751 -0.0063 0.9270
vn 0.3722 0.0075 0.9281
vn -0.9683 0.0281 0.2481
vn -0.9677 0.0120 0.2517
vn -0.9683 0.0256 0.2487
vn 0.9277 0.1557 -0.3394
vn 0.9273 0.1568 -0.3399
vn 0.9255 0.1621 -0.3423
vn -0.3860 0.9106 0.1475
vn 0.2061 -0.9767 -0.0600
vn 0.2063 -0.9766 -0.0603
vn 0.1960 -0.9769 -0.0851
vn 0.1962 -0.9768 -0.0855
vn -0.9054 -0.2095 0.3694
vn -0.9060 -0.2127 0.3660
vn -0.9066 -0.2127 0.3643
vn -0.9085 -0.2096 0.3615
vn 0.9061 0.2136 -0.3652
vn 0.9061 0.2136 -0.3651
vn 0.3684 0.0260 0.9293
vn 0.3693 0.0219 0.9291
vn -0.1944 0.9770 0.0881
vn -0.1948 0.9769 0.0880
vn -0.2071 0.9766 0.0574
vn -0.2072 0.9766 0.0571
vn -0.3746 0.0070 -0.9271
vn -0.3759 0.0110 -0.9266
vn -0.8955 -0.1660 0.4129
vn -0.8968 -0.1709 0.4082
vn -0.8882 -0.1400 0.4377
vn -0.8858 -0.1325 0.4447
vn 0.4238 -0.5030 0.7533
vn 0.4241 -0.4871 0.7635
vn 0.3576 -0.8500 0.3868
vn 0.3600 -0.8449 0.3958
vn -0.9437 -0.1410 0.2992
vn -0.9469 -0.1336 0.2924
vn -0.9318 -0.1667 0.3225
vn -0.9294 -0.1715 0.3269
vn -0.0040 -0.8573 -0.5147
vn -0.0084 -0.8524 -0.5229
vn -0.2112 -0.5159 -0.8302
vn -0.2181 -0.5001 -0.8381
vn 0.0164 0.8464 0.5323
vn 0.0122 0.8512 0.5247
vn 0.2254 0.4899 0.8421
vn 0.2196 0.5035 0.8356
vn -0.4216 0.4769 -0.7713
vn -0.4214 0.4905 -0.7628
vn -0.3607 0.8388 -0.4079
vn -0.3585 0.8437 -0.3995
vn 0.0071 -1.0000 0.0052
vn -0.8715 -0.4420 0.2124
vn -0.8724 -0.4397 0.2134
vn -0.8773 -0.4275 0.2184
vn 0.9043 0.2657 -0.3341
vn 0.9039 0.2710 -0.3308
vn 0.9039 0.2721 -0.3301
vn 0.3694 0.0214 0.9290
vn 0.3685 0.0258 0.9293
vn -0.3758 0.0107 -0.9266
vn -0.3750 0.0063 -0.9270
vn -0.7743 -0.4400 0.4547
vn -0.7827 -0.4255 0.4542
vn -0.7757 -0.4377 0.4547
vn 0.8800 0.2716 -0.3897
vn 0.8805 0.2705 -0.3893
vn 0.8831 0.2653 -0.3871
vn -0.2061 0.9767 0.0600
vn -0.2057 0.9768 0.0601
vn -0.1960 0.9769 0.0852
vn -0.1956 0.9770 0.0853
vn -0.9068 -0.2177 0.3609
vn -0.9063 -0.2145 0.3642
vn -0.9056 -0.2145 0.3659
vn -0.9037 -0.2176 0.3687
vn -0.3683 -0.0260 -0.9293
vn -0.3692 -0.0219 -0.9291
vn 0.1951 -0.9768 -0.0884
vn 0.1949 -0.9769 -0.0880
vn 0.2071 -0.9766 -0.0575
vn 0.2073 -0.9766 -0.0571
vn 0.3756 -0.0068 0.9267
vn 0.3760 -0.0109 0.9265
vn -0.9125 -0.2604 0.3155
vn -0.9121 -0.2557 0.3206
vn -0.9141 -0.2850 0.2884
vn -0.9143 -0.2919 0.2806
vn -0.4210 0.5036 -0.7544
vn -0.4214 0.4877 -0.7646
vn -0.3554 0.8505 -0.3876
vn -0.3578 0.8454 -0.3966
vn -0.8585 -0.2839 0.4271
vn -0.8532 -0.2907 0.4330
vn -0.8763 -0.2596 0.4060
vn -0.8795 -0.2549 0.4019
vn 0.0061 0.8578 0.5139
vn 0.0107 0.8528 0.5222
vn 0.2140 0.5164 0.8291
vn 0.2209 0.5006 0.8370
vn -0.0140 -0.8459 -0.5332
vn -0.0098 -0.8507 -0.5256
vn -0.2228 -0.4893 -0.8432
vn -0.2170 -0.5028 -0.8367
vn 0.4242 -0.4763 0.7702
vn 0.4240 -0.4899 0.7617
vn 0.3630 -0.8383 0.4068
vn 0.3608 -0.8432 0.3986
vn -0.1505 0.9779 0.1452
vn -0.6350 0.1857 0.7498
vn -0.6352 0.1842 0.7500
vn -0.6366 0.1757 0.7509
vn 0.7197 -0.0000 -0.6943
vn -0.6943 -0.0000 -0.7197
vn -0.6942 -0.0146 -0.7197
vn -0.6941 -0.0179 -0.7196
vn 0.6942 -0.0179 0.7195
vn 0.6947 -0.0146 0.7192
vn 0.6943 -0.0000 0.7197
vn -0.7721 0.1857 0.6077
vn -0.7734 0.1756 0.6090
vn -0.7723 0.1842 0.6080
vn 0.7196 -0.0000 -0.6944
vn 0.0095 -0.9999 0.0098
vn 0.0096 -0.9999 0.0094
vn -0.0093 -0.9999 -0.0097
vn -0.0092 -0.9999 -0.0100
vn -0.7168 0.0041 0.6973
vn -0.7191 0.0009 0.6949
vn -0.7203 0.0009 0.6936
vn -0.7226 0.0041 0.6912
vn 0.7197 0.0001 -0.6943
vn 0.6942 0.0181 0.7195
vn 0.6942 0.0152 0.7196
vn 0.0120 0.9999 0.0118
vn 0.0114 0.9999 0.0118
vn -0.0114 0.9999 -0.0119
vn -0.0116 0.9999 -0.0121
vn -0.6938 0.0152 -0.7200
vn -0.6941 0.0181 -0.7196
vn -0.6842 0.0478 0.7277
vn -0.6880 0.0430 0.7245
vn -0.6639 0.0737 0.7442
vn -0.6579 0.0810 0.7487
vn 0.5934 -0.5218 0.6129
vn 0.6001 -0.5056 0.6199
vn 0.3382 -0.8741 0.3488
vn 0.3445 -0.8689 0.3554
vn -0.7676 0.0737 0.6367
vn -0.7719 0.0810 0.6306
vn -0.7518 0.0478 0.6576
vn -0.7487 0.0429 0.6615
vn -0.3363 -0.8741 -0.3503
vn -0.3427 -0.8690 -0.3570
vn -0.5912 -0.5218 -0.6150
vn -0.5979 -0.5056 -0.6220
vn 0.3526 0.8622 0.3637
vn 0.3466 0.8672 0.3574
vn 0.6045 0.4945 0.6246
vn 0.5989 0.5084 0.6188
vn -0.6024 0.4945 -0.6265
vn -0.5968 0.5084 -0.6207
vn -0.3507 0.8623 -0.3654
vn -0.3448 0.8672 -0.3592
vn -0.7118 -0.0000 0.7024
vn -0.7275 -0.0000 0.6861
vn 0.7275 -0.0000 -0.6861
vn 0.7118 -0.0000 -0.7024
vn -0.6548 -0.0000 -0.7558
vn -0.7318 -0.0000 -0.6815
vn 0.7318 -0.0000 0.6815
vn 0.6548 -0.0000 0.7558
vn 0.2414 -0.0000 0.9704
vn -0.2762 -0.0000 0.9611
vn -0.9704 -0.0000 0.2414
vn -0.9611 -0.0000 -0.2761
vn 0.9704 -0.0000 -0.2413
vn 0.9611 -0.0000 0.2762
vn -0.2414 -0.0000 -0.9704
vn 0.2761 -0.0000 -0.9611
vn -0.0000 -1.0000 0.0001
vn -0.1505 -0.9779 0.1452
vn -0.7721 -0.1857 0.6077
vn -0.7724 -0.1842 0.6079
vn -0.7732 -0.1757 0.6093
vn 0.6942 0.0146 0.7196
vn 0.6942 0.0179 0.7195
vn -0.6941 0.0179 -0.7196
vn -0.6938 0.0146 -0.7201
vn -0.6350 -0.1857 0.7498
vn -0.6364 -0.1757 0.7511
vn -0.6353 -0.1842 0.7500
vn -0.0095 0.9999 -0.0099
vn -0.0091 0.9999 -0.0099
vn 0.0093 0.9999 0.0096
vn 0.0097 0.9999 0.0096
vn -0.7226 -0.0041 0.6912
vn -0.7203 -0.0009 0.6936
vn -0.7191 -0.0009 0.6949
vn -0.7167 -0.0041 0.6973
vn 0.7197 -0.0001 -0.6943
vn -0.6941 -0.0181 -0.7196
vn -0.6941 -0.0152 -0.7197
vn -0.0114 -0.9999 -0.0124
vn -0.0114 -0.9999 -0.0119
vn 0.0115 -0.9999 0.0118
vn 0.0117 -0.9999 0.0120
vn 0.6946 -0.0152 0.7192
vn 0.6942 -0.0181 0.7195
vn -0.7518 -0.0478 0.6577
vn -0.7487 -0.0429 0.6615
vn -0.7675 -0.0736 0.6368
vn -0.7719 -0.0810 0.6306
vn -0.5912 0.5218 -0.6150
vn -0.5979 0.5055 -0.6220
vn -0.3364 0.8741 -0.3504
vn -0.3428 0.8689 -0.3570
vn -0.6639 -0.0737 0.7442
vn -0.6579 -0.0811 0.7488
vn -0.6842 -0.0478 0.7277
vn -0.6880 -0.0429 0.7245
vn 0.3381 0.8741 0.3488
vn 0.3444 0.8690 0.3553
vn 0.5934 0.5218 0.6129
vn 0.6001 0.5055 0.6199
vn -0.3507 -0.8623 -0.3654
vn -0.3448 -0.8672 -0.3593
vn -0.6024 -0.4945 -0.6265
vn -0.5968 -0.5084 -0.6208
vn 0.6045 -0.4945 0.6246
vn 0.5989 -0.5084 0.6187
vn 0.3526 -0.8622 0.3637
vn 0.3466 -0.8672 0.3575
vn -0.1721 0.9106 0.3756
vn -0.2789 0.0301 0.9598
vn -0.2795 0.0275 0.9598
vn -0.2823 0.0139 0.9592
vn 0.3691 0.1617 -0.9152
vn 0.3668 0.1563 -0.9171
vn 0.3663 0.1552 -0.9174
vn -0.9159 -0.0075 -0.4013
vn -0.9145 -0.0214 -0.4041
vn -0.9140 -0.0257 -0.4049
vn 0.9175 -0.0107 0.3976
vn 0.9171 -0.0063 0.3985
vn 0.9159 0.0075 0.4013
vn -0.5170 0.0282 0.8555
vn -0.5141 0.0120 0.8577
vn -0.5165 0.0256 0.8559
vn 0.4240 0.1557 -0.8922
vn 0.4235 0.1568 -0.8923
vn 0.4205 0.1621 -0.8927
vn -0.1720 0.9106 0.3757
vn 0.1050 -0.9767 -0.1872
vn 0.1049 -0.9766 -0.1876
vn 0.0802 -0.9769 -0.1981
vn 0.0801 -0.9768 -0.1985
vn -0.3871 -0.2095 0.8979
vn -0.3899 -0.2128 0.8960
vn -0.3915 -0.2128 0.8952
vn -0.3949 -0.2096 0.8945
vn 0.3906 0.2136 -0.8954
vn 0.9140 0.0260 0.4048
vn 0.9145 0.0219 0.4041
vn -0.0769 0.9770 0.1991
vn -0.0774 0.9769 0.1993
vn -0.1075 0.9766 0.1860
vn -0.1078 0.9766 0.1859
vn -0.9170 0.0070 -0.3989
vn -0.9174 0.0109 -0.3977
vn -0.3496 -0.1661 0.9221
vn -0.3538 -0.1709 0.9196
vn -0.3269 -0.1400 0.9346
vn -0.3203 -0.1325 0.9380
vn 0.8301 -0.5031 0.2404
vn 0.8376 -0.4871 0.2475
vn 0.5262 -0.8500 0.0254
vn 0.5342 -0.8448 0.0301
vn -0.4636 -0.1410 0.8747
vn -0.4706 -0.1337 0.8721
vn -0.4387 -0.1667 0.8830
vn -0.4340 -0.1715 0.8845
vn -0.3636 -0.8573 -0.3644
vn -0.3725 -0.8523 -0.3672
vn -0.7324 -0.5159 -0.4443
vn -0.7429 -0.5000 -0.4451
vn 0.3847 0.8464 0.3683
vn 0.3764 0.8512 0.3658
vn 0.7509 0.4899 0.4428
vn 0.7422 0.5035 0.4423
vn -0.8412 0.4768 -0.2548
vn -0.8351 0.4905 -0.2489
vn -0.5432 0.8387 -0.0383
vn -0.5358 0.8437 -0.0339
vn 0.0088 -1.0000 -0.0012
vn -0.4729 -0.4420 0.7622
vn -0.4729 -0.4397 0.7635
vn -0.4729 -0.4275 0.7705
vn 0.4111 0.2657 -0.8720
vn 0.4131 0.2710 -0.8694
vn 0.4135 0.2721 -0.8689
vn 0.9145 0.0214 0.4040
vn 0.9141 0.0258 0.4048
vn -0.9174 0.0107 -0.3977
vn -0.9171 0.0063 -0.3986
vn -0.2337 -0.4400 0.8670
vn -0.2401 -0.4256 0.8725
vn -0.2347 -0.4377 0.8679
vn 0.3547 0.2716 -0.8947
vn 0.3554 0.2705 -0.8947
vn 0.3587 0.2653 -0.8950
vn -0.1050 0.9767 0.1872
vn -0.1046 0.9768 0.1870
vn -0.0802 0.9769 0.1981
vn -0.0798 0.9770 0.1979
vn -0.3941 -0.2177 0.8929
vn -0.3913 -0.2145 0.8949
vn -0.3897 -0.2145 0.8956
vn -0.3863 -0.2176 0.8963
vn 0.3907 0.2136 -0.8954
vn -0.9140 -0.0260 -0.4050
vn -0.9144 -0.0219 -0.4042
vn 0.0772 -0.9768 -0.1998
vn 0.0774 -0.9769 -0.1993
vn 0.1075 -0.9766 -0.1861
vn 0.1079 -0.9766 -0.1860
vn 0.9174 -0.0067 0.3980
vn 0.9175 -0.0109 0.3975
vn -0.4299 -0.2603 0.8645
vn -0.4259 -0.2556 0.8679
vn -0.4500 -0.2850 0.8463
vn -0.4557 -0.2920 0.8409
vn -0.8290 0.5036 -0.2432
vn -0.8364 0.4876 -0.2502
vn -0.5253 0.8505 -0.0275
vn -0.5332 0.8454 -0.0322
vn -0.3133 -0.2839 0.9062
vn -0.3053 -0.2908 0.9068
vn -0.3407 -0.2596 0.9036
vn -0.3458 -0.2549 0.9030
vn 0.3645 0.8578 0.3624
vn 0.3734 0.8528 0.3650
vn 0.7337 0.5164 0.4415
vn 0.7441 0.5006 0.4423
vn -0.3837 -0.8458 -0.3706
vn -0.3753 -0.8507 -0.3681
vn -0.7498 -0.4893 -0.4454
vn -0.7411 -0.5028 -0.4449
vn 0.8424 -0.4763 0.2522
vn 0.8363 -0.4899 0.2463
vn 0.5441 -0.8382 0.0359
vn 0.5367 -0.8432 0.0315
vn -0.0056 0.9779 0.2090
vn 0.0724 0.1857 0.9799
vn 0.0723 0.1842 0.9802
vn 0.0720 0.1757 0.9818
vn 0.0269 -0.0000 -0.9996
vn 0.0270 -0.0000 -0.9996
vn -0.9996 -0.0000 -0.0269
vn -0.9995 -0.0146 -0.0270
vn -0.9995 -0.0179 -0.0270
vn 0.9995 -0.0179 0.0269
vn 0.9995 -0.0146 0.0263
vn 0.9996 -0.0000 0.0270
vn -0.1250 0.1857 0.9746
vn -0.1250 0.1757 0.9765
vn -0.1249 0.1842 0.9749
vn 0.0137 -0.9999 0.0003
vn 0.0134 -0.9999 -0.0000
vn -0.0134 -0.9999 -0.0004
vn -0.0136 -0.9999 -0.0007
vn -0.0227 0.0041 0.9997
vn -0.0261 0.0008 0.9997
vn -0.0279 0.0009 0.9996
vn -0.0312 0.0041 0.9995
vn 0.0269 0.0001 -0.9996
vn 0.9996 -0.0000 0.0269
vn 0.9995 0.0181 0.0269
vn 0.9995 0.0152 0.0269
vn 0.0168 0.9999 -0.0000
vn 0.0164 0.9999 0.0004
vn -0.0164 0.9999 -0.0005
vn -0.0168 0.9999 -0.0005
vn -0.9995 0.0152 -0.0275
vn -0.9995 0.0181 -0.0270
vn -0.9996 -0.0000 -0.0270
vn 0.0218 0.0478 0.9986
vn 0.0168 0.0429 0.9989
vn 0.0479 0.0736 0.9961
vn 0.0553 0.0811 0.9952
vn 0.8528 -0.5218 0.0215
vn 0.8625 -0.5056 0.0217
vn 0.4856 -0.8741 0.0119
vn 0.4948 -0.8689 0.0122
vn -0.1014 0.0736 0.9921
vn -0.1088 0.0810 0.9908
vn -0.0755 0.0478 0.9960
vn -0.0706 0.0429 0.9966
vn -0.4856 -0.8741 -0.0143
vn -0.4947 -0.8689 -0.0145
vn -0.8527 -0.5218 -0.0245
vn -0.8624 -0.5056 -0.0248
vn 0.5064 0.8622 0.0124
vn 0.4978 0.8672 0.0121
vn 0.8689 0.4945 0.0220
vn 0.8608 0.5084 0.0218
vn -0.8688 0.4945 -0.0249
vn -0.8607 0.5085 -0.0247
vn -0.5063 0.8622 -0.0150
vn -0.4977 0.8672 -0.0147
vn -0.0157 -0.0000 0.9999
vn -0.0382 -0.0000 0.9993
vn 0.0382 -0.0000 -0.9993
vn 0.0156 -0.0000 -0.9999
vn -0.9968 -0.0000 -0.0804
vn -0.9996 -0.0000 0.0266
vn 0.9996 -0.0000 -0.0266
vn 0.9968 -0.0000 0.0804
vn 0.8522 -0.0000 0.5232
vn 0.4764 -0.0000 0.8792
vn -0.5231 -0.0000 0.8522
vn -0.8792 -0.0000 0.4765
vn 0.5232 -0.0000 -0.8522
vn 0.8792 -0.0000 -0.4764
vn -0.8523 -0.0000 -0.5231
vn -0.4765 -0.0000 -0.8792
vn -0.0056 -0.9779 0.2090
vn -0.1250 -0.1857 0.9746
vn -0.1250 -0.1842 0.9749
vn -0.1247 -0.1757 0.9765
vn 0.9995 0.0146 0.0269
vn 0.9995 0.0179 0.0269
vn -0.9995 0.0179 -0.0270
vn -0.9995 0.0146 -0.0276
vn 0.0724 -0.1857 0.9799
vn 0.0723 -0.1756 0.9818
vn 0.0722 -0.1842 0.9802
vn -0.0137 0.9999 -0.0004
vn -0.0134 0.9999 -0.0007
vn 0.0134 0.9999 0.0003
vn 0.0136 0.9999 -0.0000
vn -0.0312 -0.0041 0.9995
vn -0.0279 -0.0009 0.9996
vn -0.0261 -0.0008 0.9997
vn -0.0227 -0.0041 0.9997
vn 0.0269 -0.0001 -0.9996
vn -0.9995 -0.0181 -0.0270
vn -0.9995 -0.0152 -0.0270
vn -0.0168 -0.9999 -0.0009
vn -0.0164 -0.9999 -0.0005
vn 0.0164 -0.9999 0.0004
vn 0.0168 -0.9999 0.0004
vn 0.9995 -0.0152 0.0264
vn 0.9995 -0.0181 0.0269
vn -0.0755 -0.0477 0.9960
vn -0.0706 -0.0429 0.9966
vn -0.1014 -0.0737 0.9921
vn -0.1088 -0.0810 0.9908
vn -0.8527 0.5218 -0.0245
vn -0.8624 0.5056 -0.0248
vn -0.4855 0.8741 -0.0143
vn -0.4947 0.8689 -0.0145
vn 0.0479 -0.0737 0.9961
vn 0.0553 -0.0811 0.9952
vn 0.0218 -0.0478 0.9986
vn 0.0168 -0.0429 0.9989
vn 0.4856 0.8741 0.0119
vn 0.4947 0.8690 0.0121
vn 0.8528 0.5219 0.0215
vn 0.8625 0.5056 0.0217
vn -0.5063 -0.8622 -0.0150
vn -0.4977 -0.8672 -0.0147
vn -0.8688 -0.4945 -0.0249
vn -0.8607 -0.5084 -0.0247
vn 0.8689 -0.4945 0.0220
vn 0.8608 -0.5084 0.0218
vn 0.5064 -0.8622 0.0124
vn 0.4978 -0.8672 0.0121
vn 0.1404 0.9106 0.3887
vn 0.4736 0.0301 0.8802
vn 0.4732 0.0276 0.8805
vn 0.4708 0.0139 0.8821
vn -0.3780 0.1617 -0.9116
vn -0.3810 0.1563 -0.9113
vn -0.3815 0.1552 -0.9112
vn -0.9347 -0.0075 0.3554
vn -0.9356 -0.0214 0.3525
vn -0.9358 -0.0257 0.3515
vn 0.9332 -0.0107 -0.3593
vn 0.9336 -0.0063 -0.3584
vn 0.9347 0.0075 -0.3555
vn 0.2306 0.0282 0.9726
vn 0.2342 0.0120 0.9721
vn 0.2312 0.0256 0.9726
vn -0.3226 0.1557 -0.9336
vn -0.3231 0.1568 -0.9333
vn -0.3256 0.1621 -0.9315
vn 0.1406 0.9106 0.3886
vn -0.0563 -0.9767 -0.2072
vn -0.0566 -0.9766 -0.2073
vn -0.0816 -0.9769 -0.1975
vn -0.0820 -0.9768 -0.1977
vn 0.3530 -0.2095 0.9118
vn 0.3497 -0.2128 0.9124
vn 0.3480 -0.2128 0.9130
vn 0.3451 -0.2096 0.9149
vn -0.3488 0.2136 -0.9125
vn 0.9358 0.0260 -0.3517
vn 0.9355 0.0219 -0.3525
vn 0.0846 0.9770 0.1959
vn 0.0844 0.9769 0.1964
vn 0.0537 0.9766 0.2081
vn 0.0534 0.9766 0.2082
vn -0.9337 0.0070 0.3579
vn -0.9332 0.0109 0.3592
vn -0.9347 -0.0075 0.3555
vn 0.3968 -0.1660 0.9028
vn 0.3920 -0.1709 0.9040
vn 0.4217 -0.1400 0.8959
vn 0.4287 -0.1325 0.8937
vn 0.7607 -0.5030 -0.4102
vn 0.7710 -0.4870 -0.4104
vn 0.3933 -0.8500 -0.3506
vn 0.4021 -0.8449 -0.3528
vn -0.3488 0.2137 -0.9125
vn 0.2822 -0.1411 0.9489
vn 0.2753 -0.1337 0.9520
vn 0.3058 -0.1667 0.9374
vn 0.3102 -0.1716 0.9350
vn -0.5148 -0.8573 -0.0052
vn -0.5230 -0.8524 -0.0010
vn -0.8339 -0.5158 0.1963
vn -0.8418 -0.5001 0.2030
vn 0.5326 0.8464 -0.0068
vn 0.5248 0.8512 -0.0027
vn 0.8460 0.4900 -0.2103
vn 0.8395 0.5034 -0.2046
vn -0.7787 0.4769 0.4077
vn -0.7702 0.4906 0.4076
vn -0.4142 0.8388 0.3533
vn -0.4059 0.8437 0.3513
vn 0.0054 -1.0000 -0.0070
vn 0.1967 -0.4420 0.8752
vn 0.1976 -0.4397 0.8761
vn 0.2025 -0.4275 0.8811
vn -0.3178 0.2657 -0.9102
vn -0.3145 0.2710 -0.9097
vn -0.3138 0.2721 -0.9097
vn 0.9355 0.0214 -0.3526
vn 0.9357 0.0258 -0.3517
vn -0.9332 0.0107 0.3591
vn -0.9336 0.0063 0.3583
vn 0.4408 -0.4400 0.7824
vn 0.4401 -0.4256 0.7907
vn 0.4407 -0.4377 0.7837
vn -0.3739 0.2716 -0.8868
vn -0.3734 0.2706 -0.8873
vn -0.3712 0.2653 -0.8899
vn 0.0563 0.9767 0.2071
vn 0.0564 0.9768 0.2068
vn 0.0816 0.9769 0.1975
vn 0.0817 0.9770 0.1971
vn 0.3445 -0.2177 0.9132
vn 0.3479 -0.2145 0.9127
vn 0.3496 -0.2145 0.9120
vn 0.3524 -0.2176 0.9102
vn -0.3487 0.2136 -0.9126
vn -0.9358 -0.0259 0.3515
vn -0.9356 -0.0219 0.3524
vn -0.0849 -0.9768 -0.1967
vn -0.0844 -0.9769 -0.1964
vn -0.0537 -0.9766 -0.2081
vn -0.0534 -0.9766 -0.2083
vn 0.9333 -0.0067 -0.3589
vn 0.9331 -0.0109 -0.3593
vn 0.9346 0.0075 -0.3555
vn 0.2991 -0.2603 0.9180
vn 0.3042 -0.2556 0.9177
vn 0.2720 -0.2850 0.9191
vn 0.2642 -0.2919 0.9192
vn -0.7618 0.5037 0.4074
vn -0.7720 0.4877 0.4076
vn -0.3939 0.8505 0.3484
vn -0.4030 0.8454 0.3506
vn 0.4115 -0.2839 0.8660
vn 0.4176 -0.2908 0.8608
vn 0.3902 -0.2596 0.8834
vn 0.3861 -0.2549 0.8866
vn 0.5139 0.8578 0.0031
vn 0.5221 0.8529 -0.0012
vn 0.8328 0.5165 -0.1991
vn 0.8408 0.5007 -0.2058
vn -0.5334 -0.8458 0.0044
vn -0.5258 -0.8506 0.0004
vn -0.8471 -0.4892 0.2076
vn -0.8405 -0.5028 0.2019
vn 0.7777 -0.4763 -0.4103
vn 0.7692 -0.4899 -0.4103
vn 0.4134 -0.8382 -0.3556
vn 0.4049 -0.8432 -0.3536
vn 0.1478 0.9779 0.1479
vn 0.7610 0.1857 0.6216
vn 0.7612 0.1842 0.6218
vn 0.7621 0.1757 0.6232
vn -0.7070 -0.0000 -0.7072
vn -0.7070 -0.0000 -0.7073
vn -0.7072 -0.0000 0.7070
vn -0.7072 -0.0146 0.7069
vn -0.7072 -0.0179 0.7068
vn 0.7071 -0.0179 -0.7069
vn 0.7067 -0.0146 -0.7073
vn 0.7073 -0.0000 -0.7069
vn 0.6213 0.1857 0.7612
vn 0.6227 0.1756 0.7625
vn 0.6216 0.1842 0.7613
vn 0.1478 0.9779 0.1478
vn 0.0096 -0.9999 -0.0097
vn 0.0093 -0.9999 -0.0097
vn -0.0095 -0.9999 0.0095
vn -0.0099 -0.9999 0.0094
vn 0.7099 0.0041 0.7043
vn 0.7076 0.0009 0.7066
vn 0.7063 0.0009 0.7079
vn 0.7040 0.0041 0.7102
vn -0.7070 0.0001 -0.7072
vn -0.7070 0.0001 -0.7073
vn 0.7073 -0.0000 -0.7070
vn 0.7071 0.0181 -0.7069
vn 0.7071 0.0152 -0.7069
vn 0.0116 0.9999 -0.0122
vn 0.0116 0.9999 -0.0117
vn -0.0117 0.9999 0.0116
vn -0.0119 0.9999 0.0118
vn -0.7076 0.0152 0.7065
vn -0.7072 0.0181 0.7068
vn -0.7073 -0.0000 0.7069
vn 0.7397 0.0478 0.6712
vn 0.7366 0.0430 0.6750
vn 0.7559 0.0737 0.6505
vn 0.7603 0.0810 0.6445
vn 0.6022 -0.5218 -0.6041
vn 0.6091 -0.5056 -0.6110
vn 0.3428 -0.8741 -0.3443
vn 0.3492 -0.8689 -0.3507
vn 0.6503 0.0736 0.7561
vn 0.6442 0.0810 0.7605
vn 0.6709 0.0478 0.7400
vn 0.6747 0.0429 0.7369
vn -0.3443 -0.8741 0.3425
vn -0.3508 -0.8690 0.3490
vn -0.6044 -0.5218 0.6020
vn -0.6113 -0.5056 0.6089
vn -0.7070 -0.0001 -0.7072
vn 0.3573 0.8622 -0.3590
vn 0.3513 0.8672 -0.3529
vn 0.6137 0.4945 -0.6155
vn 0.6080 0.5084 -0.6098
vn -0.6157 0.4945 0.6134
vn -0.6101 0.5084 0.6077
vn -0.3592 0.8622 0.3572
vn -0.3531 0.8672 0.3511
vn 0.7149 -0.0000 0.6992
vn 0.6989 -0.0000 0.7152
vn -0.6989 -0.0000 -0.7152
vn -0.7149 -0.0000 -0.6992
vn -0.7441 -0.0000 0.6681
vn -0.6684 -0.0000 0.7438
vn 0.6684 -0.0000 -0.7438
vn 0.7441 -0.0000 -0.6681
vn 0.9660 -0.0000 -0.2586
vn 0.9659 -0.0000 0.2591
vn 0.2587 -0.0000 0.9660
vn -0.2590 -0.0000 0.9659
vn -0.2585 -0.0000 -0.9660
vn 0.2590 -0.0000 -0.9659
vn -0.9660 -0.0000 0.2586
vn -0.9659 -0.0000 -0.2590
vn 0.1478 -0.9779 0.1479
vn 0.6213 -0.1857 0.7612
vn 0.6215 -0.1842 0.7614
vn 0.6230 -0.1757 0.7623
vn 0.7071 0.0146 -0.7069
vn 0.7071 0.0179 -0.7069
vn -0.7072 0.0179 0.7068
vn -0.7076 0.0146 0.7064
vn 0.7610 -0.1857 0.6216
vn 0.7623 -0.1757 0.6230
vn 0.7611 -0.1842 0.6219
vn -0.0097 0.9999 0.0096
vn -0.0097 0.9999 0.0092
vn 0.0095 0.9999 -0.0095
vn 0.0094 0.9999 -0.0099
vn 0.7040 -0.0041 0.7102
vn 0.7063 -0.0009 0.7079
vn 0.7076 -0.0009 0.7066
vn 0.7099 -0.0041 0.7042
vn -0.7072 -0.0181 0.7068
vn -0.7072 -0.0152 0.7068
vn -0.0122 -0.9999 0.0116
vn -0.0117 -0.9999 0.0116
vn 0.0116 -0.9999 -0.0117
vn 0.0118 -0.9999 -0.0119
vn 0.7068 -0.0152 -0.7073
vn 0.7071 -0.0181 -0.7069
vn 0.6709 -0.0478 0.7400
vn 0.6747 -0.0429 0.7368
vn 0.6503 -0.0736 0.7561
vn 0.6442 -0.0810 0.7605
vn -0.6044 0.5218 0.6020
vn -0.6113 0.5056 0.6089
vn -0.3443 0.8741 0.3425
vn -0.3509 0.8689 0.3490
vn 0.7559 -0.0737 0.6506
vn 0.7603 -0.0810 0.6445
vn 0.7397 -0.0478 0.6713
vn 0.7366 -0.0430 0.6750
vn 0.3427 0.8741 -0.3443
vn 0.3492 0.8689 -0.3508
vn 0.6022 0.5218 -0.6042
vn 0.6091 0.5055 -0.6110
vn -0.3592 -0.8622 0.3572
vn -0.3531 -0.8672 0.3511
vn -0.6157 -0.4945 0.6135
vn -0.6100 -0.5085 0.6077
vn 0.6137 -0.4945 -0.6155
vn 0.6080 -0.5085 -0.6098
vn 0.3573 -0.8622 -0.3590
vn 0.3513 -0.8672 -0.3529
vn 0.3787 0.9106 0.1655
vn 0.9646 0.0301 0.2619
vn 0.9646 0.0276 0.2624
vn 0.9641 0.0139 0.2652
vn -0.9216 0.1617 -0.3527
vn -0.9235 0.1563 -0.3504
vn -0.9238 0.1552 -0.3499
vn -0.3850 -0.0075 0.9229
vn -0.3878 -0.0214 0.9215
vn -0.3887 -0.0257 0.9210
vn 0.3812 -0.0107 -0.9244
vn 0.3822 -0.0063 -0.9241
vn 0.3850 0.0075 -0.9229
vn 0.8646 0.0282 0.5017
vn 0.8667 0.0120 0.4988
vn 0.8649 0.0256 0.5013
vn -0.8995 0.1557 -0.4081
vn -0.8996 0.1568 -0.4075
vn -0.9000 0.1621 -0.4045
vn 0.3787 0.9106 0.1653
vn -0.1891 -0.9767 -0.1017
vn -0.1894 -0.9766 -0.1015
vn -0.1995 -0.9769 -0.0767
vn -0.1999 -0.9768 -0.0765
vn 0.9047 -0.2095 0.3711
vn 0.9028 -0.2127 0.3739
vn 0.9021 -0.2127 0.3756
vn 0.9014 -0.2096 0.3789
vn -0.9022 0.2136 -0.3746
vn 0.3885 0.0260 -0.9211
vn 0.3878 0.0219 -0.9215
vn 0.2004 0.9770 0.0734
vn 0.2006 0.9769 0.0738
vn 0.1879 0.9766 0.1042
vn 0.1878 0.9766 0.1045
vn -0.3826 0.0070 0.9239
vn -0.3813 0.0110 0.9244
vn 0.9281 -0.1661 0.3331
vn 0.9257 -0.1709 0.3374
vn 0.9403 -0.1399 0.3102
vn 0.9435 -0.1325 0.3037
vn 0.2256 -0.5030 -0.8343
vn 0.2326 -0.4871 -0.8418
vn 0.0161 -0.8500 -0.5265
vn 0.0207 -0.8448 -0.5347
vn 0.8828 -0.1410 0.4480
vn 0.8804 -0.1337 0.4551
vn 0.8907 -0.1667 0.4229
vn 0.8920 -0.1715 0.4181
vn -0.3579 -0.8574 0.3699
vn -0.3605 -0.8523 0.3789
vn -0.4312 -0.5159 0.7402
vn -0.4318 -0.5000 0.7507
vn 0.3614 0.8464 -0.3912
vn 0.3591 0.8512 -0.3828
vn 0.4294 0.4900 -0.7586
vn 0.4290 0.5035 -0.7500
vn -0.2398 0.4769 0.8456
vn -0.2340 0.4906 0.8394
vn -0.0286 0.8388 0.5437
vn -0.0243 0.8437 0.5363
vn -0.0014 -1.0000 -0.0087
vn 0.7705 -0.4420 0.4593
vn 0.7718 -0.4397 0.4593
vn 0.7788 -0.4275 0.4591
vn -0.8792 0.2657 -0.3955
vn -0.8766 0.2710 -0.3976
vn -0.8761 0.2721 -0.3980
vn 0.3876 0.0214 -0.9216
vn 0.3884 0.0258 -0.9211
vn -0.3814 0.0107 0.9244
vn -0.3823 0.0063 0.9240
vn 0.8710 -0.4400 0.2183
vn 0.8766 -0.4256 0.2246
vn 0.8719 -0.4377 0.2193
vn -0.9008 0.2716 -0.3388
vn -0.9009 0.2706 -0.3394
vn -0.9012 0.2653 -0.3428
vn -0.0014 -1.0000 -0.0088
vn 0.1890 0.9767 0.1016
vn 0.1889 0.9768 0.1013
vn 0.1995 0.9769 0.0766
vn 0.1993 0.9770 0.0763
vn 0.8998 -0.2177 0.3782
vn 0.9017 -0.2145 0.3754
vn 0.9024 -0.2145 0.3737
vn 0.9030 -0.2176 0.3704
vn -0.9022 0.2136 -0.3747
vn -0.3887 -0.0260 0.9210
vn -0.3879 -0.0219 0.9215
vn -0.2011 -0.9768 -0.0737
vn -0.2007 -0.9769 -0.0739
vn -0.1880 -0.9766 -0.1042
vn -0.1879 -0.9766 -0.1045
vn 0.3816 -0.0067 -0.9243
vn 0.3812 -0.0109 -0.9244
vn 0.8721 -0.2603 0.4144
vn 0.8753 -0.2556 0.4105
vn 0.8542 -0.2849 0.4349
vn 0.8489 -0.2920 0.4407
vn -0.2284 0.5037 0.8332
vn -0.2353 0.4876 0.8407
vn -0.0182 0.8505 0.5256
vn -0.0228 0.8454 0.5337
vn 0.9117 -0.2839 0.2971
vn 0.9121 -0.2908 0.2891
vn 0.9096 -0.2595 0.3246
vn 0.9090 -0.2549 0.3297
vn 0.3558 0.8578 -0.3709
vn 0.3583 0.8528 -0.3798
vn 0.4284 0.5164 -0.7414
vn 0.4290 0.5006 -0.7519
vn -0.3637 -0.8458 0.3902
vn -0.3614 -0.8507 0.3818
vn -0.4320 -0.4893 0.7576
vn -0.4317 -0.5028 0.7489
vn 0.2372 -0.4763 -0.8467
vn 0.2314 -0.4899 -0.8405
vn 0.0263 -0.8382 -0.5447
vn 0.0220 -0.8432 -0.5372
vn 0.2091 0.9779 0.0024
vn 0.9787 0.1857 -0.0874
vn 0.9790 0.1842 -0.0874
vn 0.9806 0.1757 -0.0870
vn -0.9999 -0.0000 -0.0116
vn -0.0115 -0.0000 0.9999
vn -0.0116 -0.0146 0.9998
vn -0.0116 -0.0179 0.9998
vn 0.0115 -0.0179 -0.9998
vn 0.0109 -0.0146 -0.9998
vn 0.0116 -0.0000 -0.9999
vn 0.9764 0.1857 0.1100
vn 0.9783 0.1756 0.1100
vn 0.9767 0.1842 0.1099
vn -0.9999 -0.0000 -0.0115
vn 0.0001 -0.9999 -0.0137
vn -0.0002 -0.9999 -0.0134
vn -0.0002 -0.9999 0.0134
vn -0.0005 -0.9999 0.0137
vn 1.0000 0.0041 0.0073
vn 0.9999 0.0009 0.0107
vn 0.9999 0.0009 0.0125
vn 0.9999 0.0041 0.0158
vn -0.9999 0.0001 -0.0115
vn -0.9999 0.0001 -0.0116
vn 0.0115 -0.0000 -0.9999
vn 0.0115 0.0181 -0.9998
vn 0.0115 0.0152 -0.9998
vn -0.0002 0.9999 -0.0168
vn 0.0001 0.9999 -0.0164
vn -0.0002 0.9999 0.0165
vn -0.0002 0.9999 0.0168
vn -0.0121 0.0152 0.9998
vn -0.0117 0.0181 0.9998
vn -0.0116 -0.0000 0.9999
vn 0.9982 0.0478 -0.0372
vn 0.9986 0.0430 -0.0322
vn 0.9953 0.0737 -0.0632
vn 0.9942 0.0810 -0.0706
vn 0.0083 -0.5218 -0.8530
vn 0.0084 -0.5055 -0.8628
vn 0.0044 -0.8741 -0.4857
vn 0.0045 -0.8689 -0.4949
vn 0.9936 0.0737 0.0861
vn 0.9923 0.0810 0.0935
vn 0.9970 0.0478 0.0601
vn 0.9975 0.0429 0.0553
vn -0.0068 -0.8741 0.4857
vn -0.0069 -0.8689 0.4949
vn -0.0114 -0.5219 0.8530
vn -0.0115 -0.5056 0.8627
vn -0.9999 -0.0001 -0.0116
vn 0.0046 0.8622 -0.5066
vn 0.0045 0.8672 -0.4979
vn 0.0086 0.4945 -0.8691
vn 0.0085 0.5084 -0.8611
vn -0.0115 0.4945 0.8691
vn -0.0114 0.5084 0.8610
vn -0.0072 0.8622 0.5065
vn -0.0070 0.8672 0.4979
vn 1.0000 -0.0000 0.0002
vn 0.9997 -0.0000 0.0229
vn -0.9997 -0.0000 -0.0229
vn -0.0651 -0.0000 0.9979
vn 0.0420 -0.0000 0.9991
vn -0.0420 -0.0000 -0.9991
vn 0.0650 -0.0000 -0.9979
vn 0.5100 -0.0000 -0.8602
vn 0.8718 -0.0000 -0.4899
vn 0.8602 -0.0000 0.5099
vn 0.4900 -0.0000 0.8717
vn -0.8601 -0.0000 -0.5100
vn -0.4899 -0.0000 -0.8718
vn -0.5100 -0.0000 0.8602
vn -0.8717 -0.0000 0.4900
vn 0.2091 -0.9779 0.0024
vn 0.9764 -0.1857 0.1100
vn 0.9767 -0.1842 0.1100
vn 0.9783 -0.1757 0.1096
vn 0.0115 0.0146 -0.9998
vn 0.0115 0.0179 -0.9998
vn -0.0116 0.0179 0.9998
vn -0.0122 0.0146 0.9998
vn 0.9787 -0.1857 -0.0874
vn 0.9806 -0.1757 -0.0873
vn 0.9790 -0.1842 -0.0873
vn -0.0002 0.9999 0.0137
vn -0.0005 0.9999 0.0134
vn 0.0001 0.9999 -0.0134
vn -0.0002 0.9999 -0.0137
vn 0.9999 -0.0041 0.0158
vn 0.9999 -0.0009 0.0124
vn 0.9999 -0.0009 0.0107
vn 1.0000 -0.0041 0.0073
vn -0.9999 -0.0001 -0.0115
vn -0.0117 -0.0181 0.9998
vn -0.0116 -0.0153 0.9998
vn -0.0006 -0.9999 0.0168
vn -0.0002 -0.9999 0.0164
vn 0.0001 -0.9999 -0.0164
vn 0.0001 -0.9999 -0.0168
vn 0.0110 -0.0153 -0.9998
vn 0.0115 -0.0181 -0.9998
vn 0.9970 -0.0478 0.0601
vn 0.9975 -0.0429 0.0552
vn 0.9936 -0.0736 0.0860
vn 0.9923 -0.0810 0.0935
vn -0.0114 0.5218 0.8530
vn -0.0115 0.5056 0.8627
vn -0.0068 0.8741 0.4857
vn -0.0069 0.8690 0.4948
vn 0.9953 -0.0737 -0.0632
vn 0.9942 -0.0811 -0.0706
vn 0.9982 -0.0478 -0.0371
vn 0.9986 -0.0430 -0.0322
vn 0.0044 0.8741 -0.4857
vn 0.0045 0.8690 -0.4949
vn 0.0083 0.5219 -0.8530
vn 0.0084 0.5056 -0.8627
vn -0.0072 -0.8622 0.5064
vn -0.0070 -0.8672 0.4978
vn -0.0115 -0.4945 0.8691
vn -0.0114 -0.5084 0.8610
vn 0.0086 -0.4945 -0.8691
vn 0.0085 -0.5085 -0.8610
vn 0.0046 -0.8622 -0.5066
vn 0.0045 -0.8672 -0.4980
vn 0.3864 0.9106 -0.1464
vn 0.8729 0.0301 -0.4870
vn 0.8732 0.0276 -0.4866
vn 0.8748 0.0139 -0.4843
vn -0.9056 0.1617 0.3920
vn -0.9053 0.1563 0.3950
vn -0.9052 0.1552 0.3956
vn 0.3698 -0.0075 0.9291
vn 0.3669 -0.0214 0.9300
vn 0.3659 -0.0257 0.9303
vn -0.3736 -0.0107 -0.9275
vn -0.3727 -0.0063 -0.9279
vn -0.3698 0.0075 -0.9291
vn 0.9690 0.0282 -0.2456
vn 0.9684 0.0120 -0.2491
vn 0.9689 0.0256 -0.2461
vn -0.9286 0.1557 0.3369
vn -0.9282 0.1568 0.3374
vn -0.9264 0.1621 0.3399
vn 0.3864 0.9106 -0.1465
vn -0.2063 -0.9767 0.0595
vn -0.2064 -0.9766 0.0599
vn -0.1962 -0.9769 0.0846
vn -0.1964 -0.9768 0.0850
vn 0.9063 -0.2096 -0.3670
vn 0.9069 -0.2128 -0.3637
vn 0.9076 -0.2128 -0.3620
vn 0.9094 -0.2096 -0.3591
vn -0.9071 0.2136 0.3628
vn -0.3660 0.0260 -0.9302
vn -0.3669 0.0219 -0.9300
vn 0.1946 0.9770 -0.0876
vn 0.1951 0.9769 -0.0874
vn 0.2072 0.9766 -0.0569
vn 0.2073 0.9766 -0.0566
vn 0.3723 0.0070 0.9281
vn 0.3735 0.0109 0.9276
vn 0.8966 -0.1661 -0.4106
vn 0.8978 -0.1710 -0.4058
vn 0.8893 -0.1400 -0.4354
vn 0.8869 -0.1324 -0.4425
vn -0.4219 -0.5030 -0.7543
vn -0.4222 -0.4870 -0.7646
vn -0.3566 -0.8499 -0.3879
vn -0.3590 -0.8448 -0.3967
vn -0.9070 0.2136 0.3628
vn -0.9070 0.2136 0.3629
vn -0.9071 0.2137 0.3628
vn 0.9445 -0.1410 -0.2968
vn 0.9477 -0.1337 -0.2900
vn 0.9326 -0.1667 -0.3202
vn 0.9302 -0.1716 -0.3245
vn 0.0027 -0.8573 0.5148
vn 0.0071 -0.8524 0.5229
vn 0.2091 -0.5159 0.8307
vn 0.2160 -0.5001 0.8386
vn -0.0150 0.8464 -0.5323
vn -0.0108 0.8512 -0.5247
vn -0.2233 0.4899 -0.8427
vn -0.2175 0.5035 -0.8362
vn 0.4196 0.4769 0.7723
vn 0.4194 0.4906 0.7638
vn 0.3596 0.8388 0.4088
vn 0.3575 0.8437 0.4004
vn -0.0071 -1.0000 -0.0053
vn 0.8721 -0.4420 -0.2102
vn 0.8730 -0.4397 -0.2111
vn 0.8778 -0.4275 -0.2161
vn -0.9052 0.2657 0.3318
vn -0.9048 0.2710 0.3285
vn -0.9047 0.2721 0.3278
vn -0.3670 0.0214 -0.9300
vn -0.3661 0.0258 -0.9302
vn 0.3734 0.0107 0.9276
vn 0.3726 0.0063 0.9280
vn 0.7755 -0.4400 -0.4528
vn 0.7838 -0.4256 -0.4522
vn 0.7768 -0.4378 -0.4527
vn -0.8810 0.2716 0.3874
vn -0.8815 0.2705 0.3870
vn -0.8841 0.2653 0.3848
vn 0.2062 0.9767 -0.0595
vn 0.2059 0.9768 -0.0596
vn 0.1962 0.9769 -0.0846
vn 0.1958 0.9770 -0.0848
vn 0.9078 -0.2177 -0.3585
vn 0.9072 -0.2145 -0.3619
vn 0.9065 -0.2145 -0.3636
vn 0.9047 -0.2176 -0.3664
vn -0.9071 0.2136 0.3627
vn -0.9070 0.2137 0.3628
vn 0.3659 -0.0259 0.9303
vn 0.3668 -0.0219 0.9301
vn -0.1953 -0.9768 0.0879
vn -0.1951 -0.9769 0.0875
vn -0.2073 -0.9766 0.0569
vn -0.2074 -0.9766 0.0566
vn -0.3732 -0.0068 -0.9277
vn -0.3736 -0.0109 -0.9275
vn 0.9133 -0.2603 -0.3132
vn 0.9129 -0.2556 -0.3183
vn 0.9149 -0.2850 -0.2861
vn 0.9151 -0.2920 -0.2782
vn 0.4191 0.5036 0.7555
vn 0.4194 0.4877 0.7657
vn 0.3545 0.8505 0.3886
vn 0.3568 0.8454 0.3975
vn 0.8596 -0.2839 -0.4249
vn 0.8543 -0.2908 -0.4308
vn 0.8773 -0.2595 -0.4037
vn 0.8805 -0.2549 -0.3996
vn -0.0048 0.8578 -0.5139
vn -0.0092 0.8529 -0.5220
vn -0.2119 0.5165 -0.8297
vn -0.2188 0.5006 -0.8376
vn 0.0127 -0.8458 0.5334
vn 0.0085 -0.8506 0.5257
vn 0.2207 -0.4892 0.8438
vn 0.2149 -0.5027 0.8373
vn -0.4222 -0.4763 -0.7713
vn -0.4221 -0.4899 -0.7628
vn -0.3620 -0.8382 -0.4079
vn -0.3598 -0.8431 -0.3996
vn 0.1512 0.9779 -0.1444
vn 0.6387 0.1857 -0.7467
vn 0.6390 0.1842 -0.7469
vn 0.6404 0.1757 -0.7477
vn -0.7231 -0.0000 0.6908
vn 0.6908 -0.0000 0.7231
vn 0.6906 -0.0146 0.7231
vn 0.6906 -0.0179 0.7230
vn -0.6907 -0.0179 -0.7229
vn -0.6911 -0.0146 -0.7226
vn -0.6907 -0.0000 -0.7231
vn 0.7752 0.1857 -0.6038
vn 0.7765 0.1757 -0.6052
vn 0.7753 0.1842 -0.6042
vn -0.7230 -0.0000 0.6908
vn -0.7231 -0.0001 0.6908
vn -0.0095 -0.9999 -0.0099
vn -0.0095 -0.9999 -0.0095
vn 0.0092 -0.9999 0.0097
vn 0.0092 -0.9999 0.0101
vn 0.7202 0.0041 -0.6938
vn 0.7225 0.0009 -0.6914
vn 0.7237 0.0009 -0.6901
vn 0.7260 0.0041 -0.6876
vn -0.7231 0.0001 0.6907
vn -0.7231 -0.0000 0.6907
vn -0.6907 0.0181 -0.7229
vn -0.6907 0.0152 -0.7230
vn -0.0119 0.9999 -0.0119
vn -0.0114 0.9999 -0.0118
vn 0.0113 0.9999 0.0119
vn 0.0116 0.9999 0.0122
vn 0.6902 0.0152 0.7234
vn 0.6905 0.0181 0.7231
vn 0.6907 -0.0000 0.7231
vn 0.6878 0.0478 -0.7243
vn 0.6916 0.0429 -0.7210
vn 0.6676 0.0737 -0.7409
vn 0.6616 0.0810 -0.7454
vn -0.5903 -0.5218 -0.6158
vn -0.5970 -0.5056 -0.6228
vn -0.3363 -0.8741 -0.3504
vn 0.7707 0.0736 -0.6330
vn 0.7749 0.0809 -0.6269
vn 0.7550 0.0478 -0.6539
vn 0.7520 0.0429 -0.6578
vn 0.3347 -0.8741 0.3521
vn 0.3410 -0.8689 0.3587
vn 0.5881 -0.5218 0.6179
vn 0.5949 -0.5056 0.6249
vn -0.3508 0.8622 -0.3654
vn -0.3448 0.8673 -0.3591
vn -0.6014 0.4945 -0.6275
vn -0.5958 0.5084 -0.6217
vn 0.5993 0.4946 0.6295
vn 0.5937 0.5084 0.6237
vn 0.3489 0.8623 0.3671
vn 0.3430 0.8672 0.3609
vn 0.7153 -0.0000 -0.6989
vn 0.7309 -0.0000 -0.6825
vn -0.7309 -0.0000 0.6825
vn -0.7153 -0.0000 0.6989
vn 0.6510 -0.0000 0.7591
vn 0.7284 -0.0000 0.6851
vn -0.7285 -0.0000 -0.6851
vn -0.6511 -0.0000 -0.7590
vn -0.2366 -0.0000 -0.9716
vn 0.2809 -0.0000 -0.9597
vn 0.9716 -0.0000 -0.2366
vn 0.9597 -0.0000 0.2809
vn -0.9716 -0.0000 0.2365
vn -0.9597 -0.0000 -0.2810
vn 0.2367 -0.0000 0.9716
vn -0.2809 -0.0000 0.9597
vn -0.0000 1.0000 0.0001
vn 0.1512 -0.9779 -0.1444
vn 0.7752 -0.1857 -0.6038
vn 0.7754 -0.1842 -0.6040
vn 0.7762 -0.1757 -0.6055
vn -0.7231 0.0001 0.6908
vn -0.6907 0.0147 -0.7230
vn -0.6907 0.0179 -0.7229
vn 0.6906 0.0179 0.7230
vn 0.6902 0.0146 0.7235
vn 0.6387 -0.1857 -0.7467
vn 0.6401 -0.1757 -0.7479
vn 0.6391 -0.1842 -0.7468
vn 0.0094 0.9999 0.0099
vn 0.0090 0.9999 0.0099
vn -0.0093 0.9999 -0.0097
vn -0.0097 0.9999 -0.0096
vn 0.7260 -0.0041 -0.6876
vn 0.7237 -0.0009 -0.6901
vn 0.7225 -0.0009 -0.6914
vn 0.7202 -0.0041 -0.6938
vn -0.7231 -0.0001 0.6907
vn 0.6905 -0.0181 0.7231
vn 0.6906 -0.0152 0.7231
vn 0.0113 -0.9999 0.0124
vn 0.0113 -0.9999 0.0119
vn -0.0114 -0.9999 -0.0118
vn -0.0116 -0.9999 -0.0121
vn -0.6910 -0.0153 -0.7227
vn -0.6907 -0.0181 -0.7229
vn 0.7550 -0.0478 -0.6540
vn 0.7520 -0.0429 -0.6578
vn 0.7707 -0.0736 -0.6330
vn 0.7750 -0.0810 -0.6268
vn 0.5881 0.5218 0.6179
vn 0.5949 0.5055 0.6250
vn 0.3347 0.8741 0.3521
vn 0.3409 0.8690 0.3587
vn 0.6676 -0.0737 -0.7409
vn 0.6616 -0.0810 -0.7454
vn 0.6879 -0.0478 -0.7243
vn 0.6916 -0.0430 -0.7210
vn -0.3363 0.8741 -0.3504
vn -0.3427 0.8689 -0.3570
vn -0.5903 0.5219 -0.6158
vn -0.5971 0.5056 -0.6228
vn 0.3490 -0.8622 0.3672
vn 0.3430 -0.8672 0.3610
vn 0.5993 -0.4946 0.6295
vn 0.5937 -0.5085 0.6237
vn -0.6014 -0.4945 -0.6275
vn -0.5958 -0.5085 -0.6217
vn -0.3508 -0.8622 -0.3654
vn -0.3449 -0.8672 -0.3592
vn 0.1740 0.9106 -0.3748
vn 0.2837 0.0301 -0.9584
vn 0.2843 0.0276 -0.9584
vn 0.2871 0.0139 -0.9578
vn -0.3736 0.1617 0.9134
vn -0.3713 0.1563 0.9153
vn -0.3709 0.1552 0.9156
vn 0.9139 -0.0075 0.4059
vn 0.9125 -0.0214 0.4086
vn 0.9120 -0.0257 0.4095
vn -0.9155 -0.0107 -0.4021
vn -0.9152 -0.0063 -0.4030
vn -0.9139 0.0075 -0.4058
vn 0.5213 0.0282 -0.8529
vn 0.5183 0.0120 -0.8551
vn 0.5208 0.0256 -0.8533
vn -0.4285 0.1557 0.8900
vn -0.4279 0.1568 0.8901
vn -0.4249 0.1621 0.8906
vn 0.1739 0.9106 -0.3749
vn -0.1059 -0.9767 0.1867
vn -0.1058 -0.9766 0.1871
vn -0.0812 -0.9769 0.1977
vn -0.0811 -0.9768 0.1981
vn 0.3915 -0.2095 -0.8960
vn 0.3943 -0.2127 -0.8940
vn 0.3959 -0.2127 -0.8933
vn 0.3993 -0.2096 -0.8926
vn -0.3950 0.2136 0.8935
vn -0.9139 0.0075 -0.4059
vn -0.9120 0.0260 -0.4093
vn -0.9125 0.0219 -0.4086
vn 0.0779 0.9770 -0.1987
vn 0.0784 0.9769 -0.1989
vn 0.1084 0.9766 -0.1855
vn 0.1087 0.9766 -0.1854
vn 0.9150 0.0070 0.4034
vn 0.9155 0.0109 0.4022
vn 0.3541 -0.1661 -0.9203
vn 0.3583 -0.1710 -0.9178
vn 0.3315 -0.1400 -0.9330
vn 0.3249 -0.1324 -0.9364
vn -0.8289 -0.5031 -0.2445
vn -0.8363 -0.4871 -0.2516
vn -0.5261 -0.8500 -0.0280
vn -0.5341 -0.8448 -0.0328
vn -0.3950 0.2137 0.8935
vn 0.4679 -0.1411 -0.8724
vn 0.4749 -0.1337 -0.8698
vn 0.4431 -0.1667 -0.8809
vn 0.4383 -0.1716 -0.8823
vn 0.3617 -0.8573 0.3662
vn 0.3706 -0.8524 0.3690
vn 0.7302 -0.5159 0.4479
vn 0.7407 -0.5000 0.4487
vn -0.3829 0.8463 -0.3702
vn -0.3746 0.8512 -0.3677
vn -0.7487 0.4900 -0.4465
vn -0.7400 0.5035 -0.4459
vn 0.8400 0.4768 0.2590
vn 0.8339 0.4905 0.2530
vn 0.5429 0.8388 0.0410
vn 0.5355 0.8437 0.0365
vn -0.0088 -1.0000 0.0012
vn 0.4767 -0.4420 -0.7599
vn 0.4767 -0.4397 -0.7612
vn 0.4767 -0.4275 -0.7681
vn -0.4154 0.2657 0.8700
vn -0.4174 0.2710 0.8674
vn -0.4178 0.2721 0.8668
vn -0.9125 0.0214 -0.4085
vn -0.9121 0.0257 -0.4093
vn 0.9155 0.0107 0.4023
vn 0.9151 0.0063 0.4031
vn 0.9139 -0.0075 0.4058
vn 0.2380 -0.4400 -0.8659
vn 0.2444 -0.4256 -0.8713
vn 0.2390 -0.4377 -0.8667
vn -0.3591 0.2716 0.8929
vn -0.3598 0.2705 0.8929
vn -0.3632 0.2653 0.8932
vn 0.1059 0.9767 -0.1867
vn 0.1055 0.9768 -0.1865
vn 0.0811 0.9769 -0.1977
vn 0.0808 0.9770 -0.1975
vn 0.3985 -0.2177 -0.8910
vn 0.3958 -0.2144 -0.8930
vn 0.3941 -0.2144 -0.8937
vn 0.3908 -0.2176 -0.8944
vn -0.3951 0.2136 0.8935
vn 0.9120 -0.0260 0.4095
vn 0.9124 -0.0219 0.4087
vn -0.0782 -0.9768 0.1994
vn -0.0784 -0.9769 0.1989
vn -0.1084 -0.9766 0.1856
vn -0.1088 -0.9766 0.1855
vn -0.9154 -0.0067 -0.4025
vn -0.9156 -0.0109 -0.4020
vn 0.4341 -0.2602 -0.8624
vn 0.4303 -0.2555 -0.8658
vn 0.4542 -0.2850 -0.8441
vn 0.4599 -0.2920 -0.8386
vn 0.8278 0.5036 0.2473
vn 0.8352 0.4876 0.2544
vn 0.5251 0.8505 0.0301
vn 0.5329 0.8454 0.0348
vn -0.3951 0.2137 0.8935
vn 0.3177 -0.2839 -0.9047
vn 0.3098 -0.2908 -0.9052
vn 0.3452 -0.2595 -0.9019
vn 0.3503 -0.2549 -0.9013
vn -0.3627 0.8578 -0.3642
vn -0.3716 0.8528 -0.3669
vn -0.7315 0.5165 -0.4452
vn -0.7419 0.5007 -0.4460
vn 0.3817 -0.8459 0.3725
vn 0.3735 -0.8507 0.3700
vn 0.7476 -0.4893 0.4491
vn 0.7389 -0.5028 0.4485
vn -0.8411 -0.4763 -0.2564
vn -0.8350 -0.4899 -0.2504
vn -0.5439 -0.8383 -0.0386
vn -0.5366 -0.8432 -0.0342
vn 0.0006 0.9779 -0.2091
vn -0.0960 0.1857 -0.9779
vn -0.0960 0.1842 -0.9782
vn -0.0956 0.1757 -0.9798
vn -0.0028 -0.0000 1.0000
vn 1.0000 -0.0000 0.0028
vn 0.9999 -0.0146 0.0029
vn 0.9998 -0.0179 0.0029
vn -0.9998 -0.0179 -0.0028
vn -0.9999 -0.0147 -0.0022
vn -1.0000 -0.0000 -0.0029
vn 0.1015 0.1857 -0.9773
vn 0.1014 0.1756 -0.9792
vn 0.1013 0.1842 -0.9777
vn 0.0006 0.9779 -0.2090
vn -0.0137 -0.9999 -0.0000
vn -0.0134 -0.9999 0.0003
vn 0.0134 -0.9999 0.0001
vn 0.0137 -0.9999 0.0004
vn -0.0014 0.0041 -1.0000
vn 0.0019 0.0009 -1.0000
vn 0.0038 0.0009 -1.0000
vn 0.0071 0.0041 -1.0000
vn -0.0028 0.0001 1.0000
vn -0.0029 0.0001 1.0000
vn -1.0000 -0.0000 -0.0028
vn -0.9998 0.0181 -0.0028
vn -0.9999 0.0152 -0.0028
vn -0.0168 0.9999 0.0004
vn -0.0164 0.9999 -0.0000
vn 0.0164 0.9999 0.0001
vn 0.0168 0.9999 0.0001
vn 0.9999 0.0152 0.0034
vn 0.9998 0.0181 0.0029
vn 1.0000 -0.0000 0.0029
vn -0.0458 0.0478 -0.9978
vn -0.0409 0.0430 -0.9982
vn -0.0719 0.0737 -0.9947
vn -0.0793 0.0811 -0.9935
vn -0.8531 -0.5218 -0.0009
vn -0.8628 -0.5056 -0.0009
vn -0.4858 -0.8741 -0.0002
vn -0.4949 -0.8690 -0.0002
vn -0.0029 -0.0000 1.0000
vn 0.0775 0.0737 -0.9943
vn 0.0848 0.0810 -0.9931
vn 0.0515 0.0479 -0.9975
vn 0.0466 0.0430 -0.9980
vn 0.4857 -0.8741 0.0026
vn 0.4948 -0.8690 0.0026
vn 0.8531 -0.5217 0.0039
vn 0.8628 -0.5055 0.0040
vn -0.5065 0.8622 -0.0001
vn -0.4979 0.8673 -0.0001
vn -0.8692 0.4945 -0.0010
vn -0.8611 0.5084 -0.0010
vn 0.8692 0.4945 0.0039
vn 0.8611 0.5084 0.0039
vn 0.5065 0.8622 0.0027
vn 0.4979 0.8672 0.0027
vn -0.0085 -0.0000 -1.0000
vn 0.0141 -0.0000 -0.9999
vn -0.0142 -0.0000 0.9999
vn 0.0085 -0.0000 1.0000
vn 0.9984 -0.0000 0.0564
vn 0.9987 -0.0000 -0.0507
vn -0.9987 -0.0000 0.0507
vn -0.9984 -0.0000 -0.0564
vn -0.8646 -0.0000 -0.5025
vn -0.4976 -0.0000 -0.8674
vn 0.5025 -0.0000 -0.8646
vn 0.8674 -0.0000 -0.4976
vn -0.5025 -0.0000 0.8646
vn -0.8674 -0.0000 0.4976
vn 0.8646 -0.0000 0.5024
vn 0.4976 -0.0000 0.8674
vn -0.0000 -1.0000 -0.0001
vn -0.0000 1.0000 -0.0001
vn 0.0006 -0.9779 -0.2091
vn 0.1015 -0.1857 -0.9773
vn 0.1015 -0.1842 -0.9776
vn 0.1011 -0.1757 -0.9792
vn -0.9999 0.0146 -0.0028
vn -0.9998 0.0179 -0.0028
vn 0.9998 0.0179 0.0029
vn 0.9999 0.0146 0.0035
vn -0.0960 -0.1857 -0.9779
vn -0.0959 -0.1757 -0.9798
vn -0.0959 -0.1842 -0.9782
vn 0.0136 0.9999 0.0001
vn 0.0134 0.9999 0.0004
vn -0.0134 0.9999 -0.0000
vn -0.0137 0.9999 0.0003
vn 0.0071 -0.0041 -1.0000
vn 0.0038 -0.0009 -1.0000
vn 0.0019 -0.0009 -1.0000
vn -0.0014 -0.0041 -1.0000
vn -0.0029 -0.0001 1.0000
vn -0.0028 -0.0001 1.0000
vn 0.9998 -0.0181 0.0029
vn 0.9999 -0.0152 0.0029
vn 0.0168 -0.9999 0.0005
vn 0.0164 -0.9999 0.0001
vn -0.0164 -0.9999 -0.0000
vn -0.0168 -0.9999 -0.0000
vn -0.9999 -0.0152 -0.0023
vn -0.9998 -0.0181 -0.0028
vn 0.0514 -0.0478 -0.9975
vn 0.0465 -0.0430 -0.9980
vn 0.0774 -0.0736 -0.9943
vn 0.0848 -0.0810 -0.9931
vn 0.8530 0.5218 0.0039
vn 0.8628 0.5056 0.0040
vn 0.4857 0.8741 0.0026
vn 0.4949 0.8689 0.0026
vn -0.0718 -0.0736 -0.9947
vn -0.0793 -0.0810 -0.9936
vn -0.0459 -0.0479 -0.9978
vn -0.0409 -0.0430 -0.9982
vn -0.4858 0.8741 -0.0002
vn -0.4949 0.8689 -0.0002
vn -0.8531 0.5218 -0.0009
vn -0.8628 0.5055 -0.0009
vn 0.5065 -0.8622 0.0027
vn 0.4979 -0.8672 0.0027
vn 0.8692 -0.4945 0.0039
vn 0.8611 -0.5085 0.0039
vn -0.8692 -0.4944 -0.0010
vn -0.8612 -0.5083 -0.0010
vn -0.5065 -0.8622 -0.0001
vn -0.4979 -0.8672 -0.0001
vn -0.1498 0.9106 -0.3852
vn -0.4947 0.0301 -0.8686
vn -0.4942 0.0276 -0.8689
vn -0.4919 0.0139 -0.8705
vn 0.3999 0.1617 0.9022
vn 0.4028 0.1563 0.9018
vn 0.4034 0.1552 0.9018
vn 0.9258 -0.0075 -0.3779
vn 0.9268 -0.0214 -0.3750
vn 0.9271 -0.0257 -0.3740
vn -0.9242 -0.0107 0.3817
vn -0.9246 -0.0063 0.3808
vn -0.9258 0.0075 0.3779
vn -0.2540 0.0282 -0.9668
vn -0.2575 0.0120 -0.9662
vn -0.2545 0.0256 -0.9667
vn 0.3451 0.1557 0.9256
vn 0.3456 0.1568 0.9252
vn 0.3480 0.1621 0.9234
vn -0.1499 0.9106 -0.3851
vn 0.0613 -0.9767 0.2057
vn 0.0616 -0.9766 0.2059
vn 0.0864 -0.9769 0.1955
vn 0.0867 -0.9768 0.1957
vn -0.3749 -0.2096 -0.9031
vn -0.3716 -0.2127 -0.9037
vn -0.3699 -0.2127 -0.9044
vn -0.3671 -0.2096 -0.9063
vn 0.3707 0.2137 0.9038
vn 0.3707 0.2136 0.9038
vn 0.3707 0.2136 0.9039
vn -0.9270 0.0260 0.3741
vn -0.9268 0.0219 0.3750
vn -0.0893 0.9770 -0.1938
vn -0.0891 0.9769 -0.1943
vn -0.0587 0.9766 -0.2067
vn -0.0584 0.9766 -0.2068
vn 0.9248 0.0070 -0.3803
vn 0.9243 0.0109 -0.3816
vn -0.4184 -0.1660 -0.8929
vn -0.4137 -0.1709 -0.8942
vn -0.4432 -0.1399 -0.8854
vn -0.4501 -0.1325 -0.8831
vn -0.7506 -0.5030 0.4284
vn -0.7608 -0.4871 0.4288
vn -0.3846 -0.8500 0.3599
vn -0.3936 -0.8448 0.3624
vn -0.3050 -0.1410 -0.9419
vn -0.2982 -0.1336 -0.9451
vn -0.3283 -0.1667 -0.9297
vn -0.3326 -0.1716 -0.9273
vn 0.5148 -0.8573 -0.0072
vn 0.5229 -0.8523 -0.0117
vn 0.8289 -0.5158 -0.2163
vn 0.8367 -0.5001 -0.2233
vn -0.5322 0.8464 0.0197
vn -0.5246 0.8512 0.0154
vn -0.8407 0.4899 0.2306
vn -0.8343 0.5035 0.2248
vn 0.7687 0.4769 -0.4264
vn 0.7601 0.4906 -0.4261
vn 0.4056 0.8388 -0.3632
vn 0.3973 0.8437 -0.3609
vn -0.0052 -1.0000 0.0071
vn -0.2177 -0.4420 -0.8702
vn -0.2187 -0.4397 -0.8711
vn -0.2237 -0.4275 -0.8759
vn 0.3396 0.2657 0.9023
vn 0.3363 0.2710 0.9019
vn 0.3357 0.2721 0.9018
vn -0.9267 0.0214 0.3751
vn -0.9270 0.0258 0.3742
vn 0.9243 0.0107 -0.3815
vn 0.9247 0.0064 -0.3807
vn -0.4595 -0.4400 -0.7715
vn -0.4591 -0.4256 -0.7798
vn -0.4595 -0.4378 -0.7728
vn 0.3952 0.2716 0.8775
vn 0.3947 0.2705 0.8781
vn 0.3925 0.2653 0.8807
vn -0.0052 -1.0000 0.0072
vn -0.0613 0.9767 -0.2057
vn -0.0614 0.9768 -0.2053
vn -0.0863 0.9769 -0.1955
vn -0.0865 0.9770 -0.1951
vn -0.3665 -0.2177 -0.9046
vn -0.3698 -0.2145 -0.9040
vn -0.3715 -0.2145 -0.9033
vn -0.3743 -0.2176 -0.9014
vn 0.9271 -0.0260 -0.3740
vn 0.9268 -0.0219 -0.3749
vn 0.0896 -0.9768 0.1946
vn 0.0892 -0.9769 0.1944
vn 0.0587 -0.9766 0.2068
vn 0.0584 -0.9766 0.2069
vn -0.9244 -0.0068 0.3813
vn -0.9242 -0.0109 0.3817
vn -0.3212 -0.2603 -0.9105
vn -0.3263 -0.2556 -0.9101
vn -0.2941 -0.2849 -0.9123
vn -0.2862 -0.2919 -0.9126
vn 0.7518 0.5037 -0.4257
vn 0.7620 0.4876 -0.4261
vn 0.3855 0.8505 -0.3578
vn 0.3943 0.8454 -0.3602
vn 0.3706 0.2136 0.9039
vn -0.4323 -0.2839 -0.8559
vn -0.4382 -0.2908 -0.8505
vn -0.4114 -0.2595 -0.8737
vn -0.4073 -0.2549 -0.8770
vn -0.5139 0.8578 0.0093
vn -0.5220 0.8529 0.0138
vn -0.8278 0.5165 0.2191
vn -0.8356 0.5006 0.2261
vn 0.5332 -0.8458 -0.0173
vn 0.5256 -0.8507 -0.0131
vn 0.8418 -0.4893 -0.2280
vn 0.8354 -0.5028 -0.2221
vn -0.7676 -0.4763 0.4290
vn -0.7591 -0.4899 0.4287
vn -0.4047 -0.8382 0.3655
vn -0.3964 -0.8432 0.3633
vn -0.1478 0.9779 -0.1478
vn -0.7611 0.1857 -0.6214
vn -0.7613 0.1842 -0.6217
vn -0.7622 0.1757 -0.6231
vn 0.7071 -0.0000 0.7071
vn 0.7071 -0.0000 -0.7071
vn 0.7071 -0.0146 -0.7070
vn 0.7070 -0.0179 -0.7070
vn -0.7069 -0.0179 0.7071
vn -0.7066 -0.0146 0.7075
vn -0.7071 -0.0000 0.7071
vn -0.6215 0.1857 -0.7611
vn -0.6228 0.1756 -0.7624
vn -0.6218 0.1842 -0.7612
vn 0.7072 -0.0000 0.7070
vn 0.7072 -0.0000 0.7071
vn -0.0096 -0.9999 0.0097
vn -0.0093 -0.9999 0.0097
vn 0.0095 -0.9999 -0.0095
vn 0.0099 -0.9999 -0.0094
vn -0.7101 0.0041 -0.7041
vn -0.7077 0.0009 -0.7065
vn -0.7065 0.0009 -0.7077
vn -0.7041 0.0041 -0.7101
vn 0.7071 0.0001 0.7071
vn -0.7069 0.0181 0.7070
vn -0.7070 0.0152 0.7071
vn -0.0116 0.9999 0.0122
vn -0.0116 0.9999 0.0117
vn 0.0117 0.9999 -0.0116
vn 0.0119 0.9999 -0.0118
vn 0.7074 0.0152 -0.7066
vn -0.7399 0.0479 -0.6710
vn -0.7367 0.0430 -0.6749
vn -0.7560 0.0737 -0.6504
vn -0.7604 0.0810 -0.6443
vn -0.6021 -0.5218 0.6043
vn -0.6090 -0.5056 0.6112
vn -0.3427 -0.8741 0.3443
vn -0.3491 -0.8690 0.3508
vn -0.6504 0.0736 -0.7560
vn -0.6443 0.0810 -0.7604
vn -0.6710 0.0478 -0.7399
vn -0.6748 0.0429 -0.7367
vn 0.3443 -0.8741 -0.3427
vn 0.3508 -0.8689 -0.3491
vn 0.6043 -0.5218 -0.6021
vn 0.6112 -0.5056 -0.6090
vn -0.3572 0.8622 0.3591
vn -0.3512 0.8672 0.3530
vn -0.6136 0.4945 0.6156
vn -0.6079 0.5085 0.6099
vn 0.6156 0.4945 -0.6136
vn 0.6099 0.5084 -0.6079
vn 0.3591 0.8622 -0.3573
vn 0.3530 0.8672 -0.3512
vn -0.7151 -0.0000 -0.6991
vn -0.6991 -0.0000 -0.7151
vn 0.6991 -0.0000 0.7151
vn 0.7151 0.0001 0.6991
vn 0.7151 -0.0000 0.6991
vn 0.7440 -0.0000 -0.6682
vn 0.6683 -0.0000 -0.7439
vn -0.6682 -0.0000 0.7440
vn -0.7439 -0.0000 0.6683
vn -0.9659 -0.0000 0.2588
vn -0.9659 -0.0000 -0.2588
vn -0.2588 -0.0000 -0.9659
vn 0.2588 -0.0000 -0.9659
vn -0.2589 -0.0000 0.9659
vn 0.9659 -0.0000 -0.2588
vn 0.9659 -0.0000 0.2588
vn -0.1478 -0.9779 -0.1478
vn -0.6215 -0.1857 -0.7611
vn -0.6217 -0.1842 -0.7613
vn -0.6231 -0.1757 -0.7621
vn -0.7070 0.0146 0.7071
vn -0.7069 0.0179 0.7070
vn 0.7070 0.0179 -0.7069
vn 0.7075 0.0146 -0.7066
vn -0.7611 -0.1857 -0.6214
vn -0.7624 -0.1757 -0.6228
vn -0.7613 -0.1842 -0.6217
vn -0.1478 -0.9779 -0.1479
vn 0.0097 0.9999 -0.0097
vn 0.0097 0.9999 -0.0092
vn -0.0094 0.9999 0.0095
vn -0.0094 0.9999 0.0099
vn -0.7041 -0.0041 -0.7101
vn -0.7065 -0.0009 -0.7078
vn -0.7077 -0.0009 -0.7065
vn -0.7101 -0.0041 -0.7041
vn 0.7071 -0.0001 0.7071
vn 0.7071 -0.0152 -0.7070
vn 0.0122 -0.9999 -0.0116
vn 0.0117 -0.9999 -0.0116
vn -0.0116 -0.9999 0.0117
vn -0.0118 -0.9999 0.0119
vn -0.7066 -0.0152 0.7074
vn -0.7069 -0.0181 0.7070
vn -0.6711 -0.0478 -0.7399
vn -0.6749 -0.0429 -0.7367
vn -0.6505 -0.0736 -0.7560
vn -0.6444 -0.0810 -0.7604
vn 0.6043 0.5218 -0.6021
vn 0.6111 0.5056 -0.6090
vn 0.3443 0.8741 -0.3427
vn 0.3508 0.8689 -0.3491
vn -0.7560 -0.0737 -0.6504
vn -0.7604 -0.0810 -0.6443
vn -0.7399 -0.0478 -0.6711
vn -0.7367 -0.0429 -0.6749
vn -0.3426 0.8741 0.3443
vn -0.3491 0.8690 0.3508
vn -0.6021 0.5219 0.6043
vn -0.6090 0.5056 0.6112
vn 0.3591 -0.8622 -0.3572
vn 0.3530 -0.8672 -0.3512
vn 0.6156 -0.4945 -0.6136
vn 0.6099 -0.5085 -0.6078
vn -0.6136 -0.4945 0.6156
vn -0.6079 -0.5085 0.6099
vn -0.3572 -0.8622 0.3591
vn -0.3512 -0.8672 0.3530
vn -0.3787 0.9106 -0.1654
vn -0.9647 0.0301 -0.2617
vn -0.9646 0.0276 -0.2622
vn -0.9641 0.0139 -0.2650
vn 0.9217 0.1617 0.3526
vn 0.9235 0.1563 0.3502
vn 0.9239 0.1552 0.3498
vn 0.3848 -0.0075 -0.9230
vn 0.3876 -0.0214 -0.9216
vn 0.3885 -0.0257 -0.9211
vn -0.3810 -0.0107 0.9245
vn -0.3820 -0.0063 0.9242
vn -0.3848 0.0075 0.9230
vn -0.8647 0.0282 -0.5015
vn -0.8668 0.0120 -0.4986
vn -0.8650 0.0256 -0.5011
vn 0.8996 0.1557 0.4080
vn 0.8997 0.1568 0.4073
vn 0.9001 0.1621 0.4044
vn -0.3788 0.9106 -0.1652
vn 0.1891 -0.9767 0.1016
vn 0.1895 -0.9766 0.1015
vn 0.1995 -0.9769 0.0766
vn 0.1999 -0.9768 0.0765
vn -0.9047 -0.2095 -0.3709
vn -0.9028 -0.2127 -0.3737
vn -0.9021 -0.2127 -0.3754
vn -0.9015 -0.2096 -0.3787
vn 0.9023 0.2136 0.3744
vn 0.9023 0.2136 0.3745
vn -0.3883 0.0260 0.9211
vn -0.3876 0.0219 0.9216
vn -0.2004 0.9770 -0.0733
vn -0.2006 0.9769 -0.0738
vn -0.1880 0.9766 -0.1041
vn -0.1878 0.9766 -0.1044
vn 0.3824 0.0070 -0.9240
vn 0.3811 0.0110 -0.9245
vn -0.9282 -0.1660 -0.3329
vn -0.9258 -0.1709 -0.3372
vn -0.9403 -0.1400 -0.3101
vn -0.9436 -0.1325 -0.3035
vn -0.2255 -0.5030 0.8344
vn -0.2324 -0.4870 0.8419
vn -0.0160 -0.8500 0.5266
vn -0.0205 -0.8448 0.5346
vn -0.8829 -0.1410 -0.4478
vn -0.8804 -0.1336 -0.4549
vn -0.8908 -0.1667 -0.4227
vn -0.8921 -0.1716 -0.4179
vn 0.3579 -0.8573 -0.3701
vn 0.3604 -0.8524 -0.3790
vn 0.4311 -0.5159 -0.7403
vn 0.4316 -0.5001 -0.7507
vn -0.3613 0.8464 0.3913
vn -0.3590 0.8512 0.3828
vn -0.4293 0.4899 0.7587
vn -0.4289 0.5035 0.7501
vn 0.2397 0.4768 -0.8457
vn 0.2339 0.4905 -0.8395
vn 0.0285 0.8388 -0.5437
vn 0.0242 0.8437 -0.5362
vn 0.0014 -1.0000 0.0087
vn -0.7706 -0.4420 -0.4592
vn -0.7719 -0.4397 -0.4591
vn -0.7789 -0.4275 -0.4590
vn 0.8793 0.2657 0.3954
vn 0.8767 0.2710 0.3974
vn 0.8762 0.2721 0.3978
vn -0.3874 0.0214 0.9216
vn -0.3883 0.0258 0.9212
vn 0.3812 0.0107 -0.9244
vn 0.3821 0.0063 -0.9241
vn -0.8711 -0.4400 -0.2181
vn -0.8767 -0.4256 -0.2244
vn -0.8720 -0.4378 -0.2191
vn 0.9009 0.2716 0.3386
vn 0.9010 0.2705 0.3392
vn 0.9013 0.2652 0.3426
vn -0.1891 0.9767 -0.1016
vn -0.1889 0.9768 -0.1012
vn -0.1995 0.9769 -0.0766
vn -0.1993 0.9770 -0.0762
vn -0.8998 -0.2177 -0.3780
vn -0.9018 -0.2145 -0.3752
vn -0.9025 -0.2145 -0.3735
vn -0.9031 -0.2176 -0.3702
vn 0.3885 -0.0260 -0.9211
vn 0.3877 -0.0219 -0.9215
vn 0.2011 -0.9768 0.0736
vn 0.2007 -0.9769 0.0738
vn 0.1880 -0.9766 0.1042
vn 0.1879 -0.9766 0.1045
vn -0.3814 -0.0067 0.9244
vn -0.3810 -0.0109 0.9245
vn -0.8721 -0.2603 -0.4143
vn -0.8754 -0.2555 -0.4103
vn -0.8543 -0.2850 -0.4348
vn -0.8489 -0.2920 -0.4405
vn 0.2282 0.5036 -0.8332
vn 0.2351 0.4877 -0.8408
vn 0.0181 0.8505 -0.5257
vn 0.0226 0.8454 -0.5337
vn -0.9117 -0.2839 -0.2969
vn -0.9121 -0.2908 -0.2890
vn -0.9096 -0.2595 -0.3244
vn -0.9091 -0.2549 -0.3295
vn -0.3558 0.8578 0.3710
vn -0.3583 0.8528 0.3799
vn -0.4283 0.5165 0.7415
vn -0.4289 0.5007 0.7519
vn 0.3637 -0.8458 -0.3903
vn 0.3613 -0.8506 -0.3819
vn 0.4319 -0.4893 -0.7577
vn 0.4315 -0.5028 -0.7490
vn -0.2370 -0.4763 0.8467
vn -0.2312 -0.4899 0.8406
vn -0.0261 -0.8382 0.5447
vn -0.0219 -0.8432 0.5372
vn 0.2699 0.9133 0.3050
vn 0.1699 0.9666 0.1921
vn 0.1716 0.9659 0.1939
vn -0.6994 0.0034 0.7147
vn -0.7029 -0.0036 0.7113
vn -0.7033 -0.0045 0.7109
vn 0.7103 -0.0051 -0.7039
vn 0.7108 -0.0037 -0.7034
vn 0.7146 0.0067 -0.6995
vn -0.7048 -0.0075 0.7094
vn -0.7043 -0.0073 0.7099
vn -0.3977 -0.8125 -0.4262
vn -0.3827 -0.8278 -0.4102
vn -0.3852 -0.8253 -0.4129
vn 0.7087 -0.0094 -0.7055
vn 0.7083 -0.0091 -0.7059
vn -0.0000 0.6200 0.7846
vn -0.0000 0.9932 0.1162
vn 0.0003 0.9933 0.1153
vn -0.9999 0.0066 0.0136
vn -1.0000 -0.0013 0.0083
vn -1.0000 -0.0046 0.0060
vn 1.0000 -0.0046 0.0062
vn 1.0000 -0.0013 0.0084
vn 0.9999 0.0064 0.0137
vn -1.0000 -0.0066 0.0046
vn -1.0000 -0.0066 0.0052
vn -0.0000 -0.5836 -0.8120
vn -0.0000 -0.6209 -0.7839
vn -0.0035 -0.6209 -0.7839
vn 1.0000 -0.0066 0.0048
vn 1.0000 -0.0066 0.0054
vn -0.2800 0.9141 0.2932
vn -0.1775 0.9664 0.1859
vn -0.1742 0.9677 0.1824
vn -0.7153 0.0034 -0.6988
vn -0.7122 -0.0032 -0.7020
vn -0.7118 -0.0041 -0.7024
vn 0.7017 -0.0056 0.7125
vn 0.7013 -0.0050 0.7129
vn 0.6982 0.0004 0.7159
vn -0.7105 -0.0068 -0.7037
vn -0.7111 -0.0067 -0.7031
vn 0.3968 -0.8151 -0.4222
vn 0.3860 -0.8260 -0.4107
vn 0.3845 -0.8276 -0.4090
vn 0.7030 -0.0079 0.7112
vn 0.7036 -0.0077 0.7106
vn -0.7793 0.6267 -0.0000
vn -0.1258 0.9921 -0.0000
vn -0.1268 0.9919 0.0002
vn -0.0439 0.0381 -0.9983
vn -0.0439 0.0381 0.9983
vn -0.2892 0.9129 -0.2880
vn -0.1860 0.9649 -0.1852
vn -0.1860 0.9650 -0.1851
vn 0.6957 0.0030 -0.7184
vn 0.7003 -0.0049 -0.7138
vn 0.7009 -0.0059 -0.7132
vn -0.7072 -0.0048 0.7070
vn -0.7077 -0.0037 0.7065
vn -0.7110 0.0045 0.7032
vn 0.7029 -0.0092 -0.7112
vn 0.7026 -0.0090 -0.7116
vn 0.4196 -0.8119 0.4058
vn 0.4050 -0.8262 0.3916
vn 0.4027 -0.8271 0.3922
vn -0.7058 -0.0083 0.7083
vn -0.7056 -0.0080 0.7086
vn -0.0000 0.6206 -0.7841
vn 0.9999 0.0064 -0.0137
vn 1.0000 -0.0013 -0.0084
vn 1.0000 -0.0045 -0.0062
vn -1.0000 -0.0045 -0.0062
vn -1.0000 -0.0013 -0.0084
vn -0.9999 0.0064 -0.0137
vn 1.0000 -0.0066 -0.0048
vn 1.0000 -0.0066 -0.0054
vn -0.0000 -0.5864 0.8100
vn -0.0000 -0.6214 0.7835
vn 0.0035 -0.6214 0.7835
vn -1.0000 -0.0066 -0.0048
vn -1.0000 -0.0066 -0.0054
vn 0.2813 0.9129 -0.2958
vn 0.1817 0.9646 -0.1910
vn 0.1776 0.9662 -0.1867
vn 0.7085 0.0047 0.7057
vn 0.7065 -0.0013 0.7077
vn 0.7063 -0.0020 0.7079
vn -0.7028 -0.0051 -0.7114
vn -0.7022 -0.0033 -0.7120
vn -0.6980 0.0104 -0.7160
vn 0.7054 -0.0046 0.7088
vn 0.7064 -0.0045 0.7078
vn -0.4124 -0.8110 0.4151
vn -0.3966 -0.8267 0.3991
vn -0.3973 -0.8266 0.3986
vn -0.7044 -0.0108 -0.7097
vn -0.7053 -0.0105 -0.7088
vn 0.7792 0.6267 -0.0000
vn 0.0136 0.0064 0.9999
vn 0.0083 -0.0014 1.0000
vn 0.0062 -0.0046 1.0000
vn 0.0062 -0.0046 -1.0000
vn 0.0083 -0.0014 -1.0000
vn 0.0135 0.0064 -0.9999
vn 0.0048 -0.0067 1.0000
vn 0.0051 -0.0066 1.0000
vn -0.8088 -0.5881 -0.0000
vn -0.7814 -0.6240 -0.0000
vn -0.7814 -0.6240 0.0036
vn 0.0048 -0.0067 -1.0000
vn 0.0051 -0.0066 -1.0000
vn -0.0332 -0.9994 0.0025
vn 0.0310 -0.9995 -0.0000
vn 0.0318 -0.9995 -0.0000
vn 0.0358 -0.9994 -0.0000
vn -1.0000 0.0044 0.0025
vn -0.9999 0.0171 0.0019
vn -1.0000 0.0045 0.0025
vn 1.0000 -0.0007 -0.0040
vn 1.0000 -0.0006 -0.0040
vn 1.0000 -0.0007 0.0039
vn -1.0000 -0.0015 0.0027
vn 0.0026 0.0046 -1.0000
vn 0.0028 -0.0015 -1.0000
vn -0.0010 -0.9996 0.0283
vn -0.0007 -0.9995 0.0321
vn -0.0000 -0.9998 0.0175
vn 0.0023 0.0173 -0.9998
vn -0.0013 0.0044 -1.0000
vn -0.0015 0.0001 -1.0000
vn 0.0011 -0.9994 0.0334
vn 0.0005 -0.9994 0.0332
vn 0.0008 -0.9996 0.0296
vn -0.0039 -0.0006 1.0000
vn 0.0039 -0.0006 1.0000
vn -0.0008 0.0134 -0.9999
vn 1.0000 -0.0020 -0.0085
vn 0.9999 -0.0044 -0.0109
vn 1.0000 -0.0019 -0.0084
vn -1.0000 -0.0007 -0.0039
vn -1.0000 -0.0007 0.0039
vn -1.0000 -0.0006 0.0040
vn 1.0000 0.0032 -0.0034
vn 1.0000 -0.0021 0.0087
vn 0.9999 -0.0043 0.0111
vn 1.0000 -0.0022 0.0088
vn -0.0316 -0.9995 0.0027
vn 1.0000 0.0023 0.0038
vn 0.0025 0.0045 1.0000
vn 0.0027 -0.0015 1.0000
vn -0.0011 -0.9994 -0.0357
vn -0.0005 -0.9994 -0.0354
vn -0.0005 -0.9995 -0.0308
vn 0.0039 -0.0006 -1.0000
vn 0.0039 -0.0007 -1.0000
vn -0.0040 -0.0007 -1.0000
vn -0.0040 -0.0006 -1.0000
vn 0.0019 0.0168 0.9999
vn -0.0026 0.0048 1.0000
vn -0.0027 -0.0015 1.0000
vn -0.0026 0.0047 1.0000
vn 0.0010 -0.9995 -0.0305
vn 0.0006 -0.9994 -0.0347
vn -0.0000 -0.9998 -0.0185
vn -0.0023 0.0177 0.9998
vn -1.0000 0.0048 -0.0025
vn -1.0000 -0.0015 -0.0027
vn 0.0325 -0.9995 0.0011
vn 0.0377 -0.9993 0.0006
vn 0.0203 -0.9998 -0.0000
vn -0.9998 0.0179 -0.0022
vn 0.0394 -0.9992 -0.0011
vn 0.0390 -0.9992 -0.0005
vn 0.0348 -0.9994 -0.0002
vn 0.9231 -0.0006 0.3847
vn 0.9232 -0.0006 0.3844
vn 0.7059 -0.0006 0.7083
vn 0.3837 -0.0005 0.9234
vn 0.3834 -0.0005 0.9236
vn -0.3841 -0.0006 0.9233
vn -0.3838 -0.0006 0.9234
vn -0.7079 -0.0005 0.7064
vn -0.9232 -0.0005 0.3843
vn -0.9233 -0.0005 0.3840
vn -0.9231 -0.0006 -0.3846
vn -0.9232 -0.0006 -0.3843
vn -0.7060 -0.0005 -0.7082
vn -0.7061 -0.0005 -0.7082
vn -0.3841 -0.0005 -0.9233
vn -0.3839 -0.0005 -0.9234
vn 0.3844 -0.0006 -0.9232
vn 0.3841 -0.0006 -0.9233
vn 0.7081 -0.0006 -0.7061
vn 0.9232 -0.0005 -0.3843
vn 0.9233 -0.0005 -0.3840
vn 0.0270 -0.9996 0.0126
vn 0.0248 -0.9994 0.0226
vn 0.0162 -0.9993 0.0330
vn -0.0322 -0.9995 -0.0028
vn -0.0126 -0.9995 0.0282
vn -0.0239 -0.9994 0.0268
vn -0.0365 -0.9992 0.0179
vn -0.0371 -0.9993 -0.0030
vn -0.0281 -0.9995 -0.0125
vn -0.0262 -0.9994 -0.0238
vn -0.0173 -0.9992 -0.0354
vn 0.0121 -0.9996 -0.0271
vn 0.0232 -0.9994 -0.0261
vn 0.0362 -0.9992 -0.0186
vn 0.8079 -0.5893 -0.0000
vn 0.7606 -0.6493 -0.0000
vn 0.7606 -0.6493 -0.0020
vn -0.0011 -0.0070 1.0000
vn -0.0012 -0.0069 1.0000
vn -0.0015 -0.0067 1.0000
vn -0.0011 -0.0070 -1.0000
vn -0.0016 -0.0067 -1.0000
vn -0.0012 -0.0069 -1.0000
vn -0.0000 -0.9998 -0.0189
vn -0.0000 -0.9998 -0.0184
vn 0.0206 -0.9998 -0.0000
vn 0.0202 -0.9998 -0.0000
vn -0.0000 -0.9998 0.0178
vn -0.0000 -0.9999 0.0173
vn -0.0371 -0.9993 -0.0034
vn 0.0071 -0.0064 1.0000
vn 0.0071 -0.0064 -1.0000
vn -0.6967 -0.0045 0.7173
vn 0.7016 -0.0046 -0.7125
vn -0.9999 -0.0065 0.0089
vn 0.9999 -0.0064 0.0089
vn -0.7229 -0.0031 -0.6909
vn 0.7157 -0.0045 0.6984
vn -0.0038 -0.0055 -1.0000
vn -0.0038 -0.0055 1.0000
vn 0.6972 -0.0044 -0.7169
vn -0.7017 -0.0046 0.7124
vn 0.9999 -0.0064 -0.0094
vn -0.9999 -0.0064 -0.0094
vn 0.7220 -0.0043 0.6918
vn -0.7192 -0.0048 -0.6948
vn 0.2806 0.9413 0.1875
vn 0.1875 0.9414 0.2806
vn 0.2604 0.8834 0.3897
vn 0.3897 0.8834 0.2604
vn 0.0658 0.9413 0.3310
vn 0.0914 0.8834 0.4597
vn -0.0658 0.9413 0.3310
vn -0.0914 0.8834 0.4597
vn -0.1875 0.9414 0.2806
vn -0.2604 0.8834 0.3897
vn -0.2806 0.9413 0.1875
vn -0.3897 0.8834 0.2604
vn -0.3309 0.9414 0.0658
vn -0.4597 0.8834 0.0914
vn -0.3310 0.9413 -0.0658
vn -0.4597 0.8834 -0.0914
vn -0.2806 0.9414 -0.1875
vn -0.3897 0.8834 -0.2604
vn -0.1875 0.9414 -0.2806
vn -0.2604 0.8834 -0.3897
vn -0.0658 0.9414 -0.3309
vn -0.0914 0.8834 -0.4596
vn 0.0658 0.9414 -0.3309
vn 0.0914 0.8834 -0.4596
vn 0.1875 0.9414 -0.2806
vn 0.2604 0.8834 -0.3897
vn 0.2806 0.9414 -0.1875
vn 0.3897 0.8834 -0.2604
vn 0.3309 0.9414 -0.0658
vn 0.4597 0.8834 -0.0914
vn 0.3309 0.9414 0.0658
vn 0.4597 0.8834 0.0914
vn 0.5106 0.7893 0.3411
vn 0.3411 0.7893 0.5106
vn 0.3969 0.6997 0.5940
vn 0.5940 0.6997 0.3969
vn 0.1198 0.7893 0.6022
vn 0.1394 0.6997 0.7007
vn -0.1198 0.7893 0.6022
vn -0.1394 0.6997 0.7007
vn -0.3411 0.7893 0.5106
vn -0.3969 0.6997 0.5940
vn -0.5105 0.7893 0.3411
vn -0.5940 0.6997 0.3969
vn -0.6022 0.7893 0.1198
vn -0.7006 0.6998 0.1394
vn -0.6022 0.7893 -0.1198
vn -0.7006 0.6998 -0.1394
vn -0.5105 0.7893 -0.3411
vn -0.3411 0.7893 -0.5106
vn -0.3969 0.6997 -0.5940
vn -0.5940 0.6997 -0.3969
vn -0.1198 0.7893 -0.6022
vn -0.1394 0.6998 -0.7007
vn 0.1198 0.7893 -0.6022
vn 0.1394 0.6998 -0.7007
vn 0.3411 0.7893 -0.5106
vn 0.3969 0.6997 -0.5940
vn 0.5106 0.7893 -0.3411
vn 0.5940 0.6997 -0.3969
vn 0.6022 0.7893 -0.1198
vn 0.7007 0.6997 -0.1394
vn 0.6022 0.7893 0.1198
vn 0.7007 0.6997 0.1394
vn 0.6776 0.5795 0.4528
vn 0.4528 0.5795 0.6776
vn 0.4969 0.4471 0.7437
vn 0.7437 0.4471 0.4969
vn 0.1590 0.5795 0.7993
vn 0.1745 0.4471 0.8773
vn -0.1590 0.5795 0.7993
vn -0.1745 0.4471 0.8773
vn -0.4528 0.5795 0.6776
vn -0.4969 0.4471 0.7437
vn -0.6776 0.5795 0.4528
vn -0.7437 0.4471 0.4969
vn -0.7993 0.5795 0.1590
vn -0.8773 0.4471 0.1745
vn -0.7993 0.5795 -0.1590
vn -0.8773 0.4471 -0.1745
vn -0.6776 0.5795 -0.4528
vn -0.7437 0.4471 -0.4969
vn -0.4528 0.5795 -0.6776
vn -0.4969 0.4471 -0.7437
vn -0.1590 0.5795 -0.7993
vn -0.1745 0.4471 -0.8773
vn 0.1590 0.5795 -0.7993
vn 0.1745 0.4471 -0.8773
vn 0.4528 0.5795 -0.6776
vn 0.4969 0.4471 -0.7437
vn 0.6776 0.5795 -0.4528
vn 0.7437 0.4471 -0.4969
vn 0.7993 0.5795 -0.1590
vn 0.8773 0.4471 -0.1745
vn 0.7993 0.5795 0.1590
vn 0.8773 0.4471 0.1745
vn 0.7967 0.2862 0.5323
vn 0.5323 0.2862 0.7967
vn 0.5489 0.1547 0.8215
vn 0.8214 0.1551 0.5489
vn 0.1869 0.2861 0.9398
vn 0.1927 0.1551 0.9689
vn -0.1869 0.2862 0.9398
vn -0.1927 0.1551 0.9689
vn -0.5323 0.2862 0.7967
vn -0.5489 0.1551 0.8214
vn -0.7967 0.2861 0.5323
vn -0.8215 0.1547 0.5489
vn -0.9398 0.2862 0.1869
vn -0.9689 0.1551 0.1927
vn -0.9398 0.2862 -0.1869
vn -0.9689 0.1551 -0.1927
vn -0.7967 0.2861 -0.5323
vn -0.8214 0.1551 -0.5489
vn -0.5323 0.2862 -0.7967
vn -0.5489 0.1551 -0.8214
vn -0.1869 0.2862 -0.9398
vn -0.1927 0.1551 -0.9689
vn 0.1869 0.2862 -0.9398
vn 0.1927 0.1551 -0.9689
vn 0.5323 0.2861 -0.7967
vn 0.5489 0.1551 -0.8214
vn 0.7967 0.2862 -0.5323
vn 0.8214 0.1551 -0.5489
vn 0.9398 0.2862 -0.1869
vn 0.9689 0.1551 -0.1927
vn 0.9398 0.2862 0.1869
vn 0.9689 0.1551 0.1927
vn 0.8309 0.0374 0.5552
vn 0.5552 0.0374 0.8309
vn 0.5556 -0.0000 0.8315
vn 0.8315 -0.0000 0.5556
vn 0.1950 0.0374 0.9801
vn 0.1951 -0.0000 0.9808
vn -0.1950 0.0374 0.9801
vn -0.1951 -0.0000 0.9808
vn -0.5552 0.0374 0.8309
vn -0.5556 -0.0000 0.8315
vn -0.8309 0.0374 0.5552
vn -0.8315 -0.0000 0.5556
vn -0.9801 0.0374 0.1950
vn -0.9808 -0.0000 0.1951
vn -0.9801 0.0374 -0.1950
vn -0.9808 -0.0000 -0.1951
vn -0.8309 0.0374 -0.5552
vn -0.8315 -0.0000 -0.5556
vn -0.5552 0.0374 -0.8309
vn -0.5556 -0.0000 -0.8315
vn -0.1950 0.0374 -0.9801
vn -0.1951 -0.0000 -0.9808
vn 0.1950 0.0374 -0.9801
vn 0.1951 -0.0000 -0.9808
vn 0.5552 0.0374 -0.8309
vn 0.5556 -0.0000 -0.8315
vn 0.8309 0.0374 -0.5552
vn 0.8315 -0.0000 -0.5556
vn 0.9801 0.0374 -0.1950
vn 0.9808 -0.0000 -0.1951
vn 0.9801 0.0374 0.1950
vn 0.9808 -0.0000 0.1951
vn 0.5428 -0.2033 0.8149
vn 0.8146 -0.2033 0.5432
vn 0.8315 -0.0247 0.5549
vn 0.5549 -0.0247 0.8315
vn 0.1954 -0.0249 0.9804
vn 0.1908 -0.2034 0.9603
vn -0.1925 -0.2033 0.9600
vn -0.1953 -0.0248 0.9804
vn -0.5553 -0.0251 0.8313
vn -0.5440 -0.2035 0.8141
vn -0.8143 -0.2034 0.5437
vn -0.8312 -0.0250 0.5553
vn -0.9805 -0.0251 0.1950
vn -0.9603 -0.2035 0.1906
vn -0.9602 -0.2035 -0.1912
vn -0.9805 -0.0251 -0.1950
vn -0.8311 -0.0252 -0.5555
vn -0.8138 -0.2035 -0.5443
vn -0.5441 -0.2035 -0.8140
vn -0.5555 -0.0252 -0.8311
vn -0.1950 -0.0251 -0.9805
vn -0.1916 -0.2034 -0.9602
vn 0.1903 -0.2035 -0.9604
vn 0.1950 -0.0252 -0.9805
vn 0.5552 -0.0249 -0.8313
vn 0.5432 -0.2034 -0.8146
vn 0.8314 -0.0249 -0.5552
vn 0.8142 -0.2034 -0.5439
vn 0.9804 -0.0247 -0.1955
vn 0.9600 -0.2033 -0.1926
vn 0.9602 -0.2033 0.1914
vn 0.9804 -0.0248 0.1955
vn 0.5286 -0.2990 0.7945
vn 0.1872 -0.2986 0.9358
vn 0.1859 -0.3281 0.9262
vn 0.5277 -0.3302 0.7826
vn -0.1872 -0.2987 0.9358
vn -0.5301 -0.2983 0.7937
vn -0.5291 -0.3347 0.7798
vn -0.1896 -0.3286 0.9252
vn -0.7937 -0.2983 0.5301
vn -0.9362 -0.2982 0.1861
vn -0.9217 -0.3387 0.1891
vn -0.7839 -0.3389 0.5203
vn -0.9362 -0.2982 -0.1861
vn -0.7934 -0.2980 -0.5308
vn -0.7811 -0.3389 -0.5244
vn -0.9230 -0.3377 -0.1845
vn -0.5308 -0.2980 -0.7934
vn -0.1862 -0.2982 -0.9362
vn -0.1762 -0.3433 -0.9226
vn -0.5235 -0.3402 -0.7812
vn 0.1861 -0.2981 -0.9362
vn 0.5295 -0.2986 -0.7940
vn 0.5205 -0.3511 -0.7784
vn 0.1892 -0.3481 -0.9182
vn 0.7940 -0.2985 -0.5296
vn 0.9356 -0.2989 -0.1878
vn 0.9205 -0.3409 -0.1910
vn 0.7757 -0.3471 -0.5271
vn 0.9357 -0.2988 0.1877
vn 0.7945 -0.2990 0.5286
vn 0.7842 -0.3332 0.5234
vn 0.9247 -0.3350 0.1808
vn 0.5463 -0.2503 0.7993
vn 0.8003 -0.2601 0.5402
vn 0.1977 -0.2450 0.9492
vn -0.2033 -0.2486 0.9470
vn -0.5561 -0.2643 0.7879
vn -0.8034 -0.2748 0.5282
vn -0.9376 -0.2759 0.2114
vn -0.9431 -0.2742 -0.1882
vn -0.7932 -0.2765 -0.5426
vn -0.5371 -0.2782 -0.7963
vn -0.1717 -0.2881 -0.9421
vn 0.2045 -0.3032 -0.9307
vn 0.5340 -0.3106 -0.7863
vn 0.7822 -0.2982 -0.5471
vn 0.9352 -0.2815 -0.2147
vn 0.9468 -0.2664 0.1807
vn 0.1940 0.9802 -0.0386
vn 0.1940 0.9802 0.0386
vn -0.1940 0.9802 0.0386
vn -0.1940 0.9802 -0.0386
vn -0.1645 0.9802 0.1099
vn -0.1099 0.9802 0.1645
vn -0.0386 0.9802 0.1940
vn 0.0386 0.9802 0.1940
vn 0.1099 0.9802 0.1645
vn 0.1645 0.9802 0.1099
vn 0.1645 0.9802 -0.1099
vn 0.1099 0.9802 -0.1645
vn 0.0386 0.9802 -0.1940
vn -0.0386 0.9802 -0.1940
vn -0.1099 0.9802 -0.1645
vn -0.1645 0.9802 -0.1099
vn 0.6935 0.7071 0.1380
vn 0.6935 0.7071 -0.1379
vn 0.6935 0.7071 0.1379
vn 0.5879 0.7071 -0.3928
vn 0.5879 0.7071 -0.3929
vn 0.5879 0.7071 0.3928
vn 0.5879 0.7071 0.3929
vn -0.6935 0.7072 -0.1380
vn -0.6935 0.7071 0.1380
vn -0.6935 0.7071 0.1379
vn -0.6935 0.7072 -0.1379
vn -0.5879 0.7071 0.3928
vn -0.5879 0.7071 0.3929
vn -0.5879 0.7072 -0.3928
vn -0.3929 0.7071 0.5880
vn -0.3928 0.7071 0.5880
vn -0.1379 0.7071 0.6935
vn -0.1380 0.7071 0.6935
vn 0.1379 0.7071 0.6935
vn 0.1380 0.7071 0.6935
vn 0.3929 0.7071 0.5879
vn 0.3929 0.7071 0.5880
vn 0.3929 0.7071 -0.5879
vn 0.3929 0.7071 -0.5880
vn 0.1379 0.7071 -0.6935
vn 0.1380 0.7071 -0.6935
vn -0.1380 0.7071 -0.6936
vn -0.3929 0.7071 -0.5880
vn -0.3928 0.7071 -0.5880
vn -0.6935 0.7071 -0.1380
vn -0.5879 0.7071 -0.3929
vn 0.6935 0.7072 0.1379
vn 0.6935 0.7072 -0.1379
vn 0.5879 0.7072 -0.3928
vn 0.5879 0.7072 -0.3929
vn 0.5879 0.7072 0.3928
vn 0.3928 0.7071 -0.5880
vn 0.1380 0.7071 -0.6936
vn -0.1380 0.7070 -0.6936
vn -0.3929 0.7070 0.5880
vn -0.1380 0.7070 0.6936
vn 0.1380 0.7070 0.6936
vn 0.3928 0.7071 0.5880
vn 0.6540 -0.3048 0.6923
vn 0.6699 -0.2551 0.6972
vn 0.6702 -0.2577 0.6960
vn 0.6542 -0.3044 0.6924
vn 0.6978 -0.3025 0.6493
vn 0.6791 -0.3603 0.6396
vn 0.6792 -0.3603 0.6394
vn 0.6979 -0.3021 0.6493
vn 0.6388 -0.3603 0.6798
vn 0.6386 -0.3603 0.6799
vn 0.6845 0.2496 0.6849
vn 0.2502 -0.2424 0.9374
vn 0.9399 -0.2417 0.2411
vn 0.2189 -0.3529 0.9097
vn 0.4429 -0.7795 0.4429
vn 0.9107 -0.3526 0.2152
vn 0.6766 -0.2605 0.6887
vn 0.6821 -0.2740 0.6780
vn 0.7013 -0.2560 0.6654
vn 0.7084 -0.2518 0.6594
vn 0.8671 0.0068 0.4981
vn 0.5017 0.0019 0.8650
vn -0.0189 -0.3045 0.9523
vn -0.0125 -0.2530 0.9674
vn -0.0100 -0.2535 0.9673
vn -0.0188 -0.3035 0.9526
vn 0.0189 -0.3045 0.9523
vn 0.0216 -0.3614 0.9321
vn 0.0218 -0.3616 0.9321
vn 0.0188 -0.3035 0.9526
vn -0.0216 -0.3614 0.9321
vn -0.0218 -0.3616 0.9321
vn -0.0000 0.2702 0.9628
vn -0.5032 -0.2410 0.8299
vn 0.5033 -0.2410 0.8299
vn -0.4983 -0.3516 0.7925
vn -0.0000 -0.7839 0.6209
vn 0.4983 -0.3516 0.7925
vn -0.0015 -0.2550 0.9669
vn 0.0019 -0.2548 0.9670
vn 0.0100 -0.2535 0.9673
vn 0.0124 -0.2530 0.9674
vn 0.2699 0.0157 0.9628
vn -0.2699 0.0157 0.9628
vn 0.9523 -0.3045 0.0189
vn 0.9674 -0.2530 0.0125
vn 0.9673 -0.2535 0.0101
vn 0.9526 -0.3035 0.0188
vn 0.9523 -0.3046 -0.0189
vn 0.9322 -0.3614 -0.0215
vn 0.9321 -0.3616 -0.0218
vn 0.9526 -0.3035 -0.0188
vn 0.9322 -0.3614 0.0215
vn 0.9321 -0.3616 0.0218
vn 0.9628 0.2702 -0.0000
vn 0.8298 -0.2410 0.5033
vn 0.8298 -0.2410 -0.5033
vn 0.7925 -0.3516 0.4983
vn 0.6209 -0.7839 -0.0000
vn 0.7925 -0.3516 -0.4983
vn 0.9669 -0.2551 0.0015
vn 0.9669 -0.2551 -0.0015
vn 0.9673 -0.2535 -0.0101
vn 0.9674 -0.2530 -0.0125
vn 0.9603 0.0284 -0.2776
vn 0.9603 0.0284 0.2775
vn 0.6884 -0.3039 -0.6586
vn 0.6969 -0.2519 -0.6715
vn 0.6933 -0.2538 -0.6744
vn 0.6886 -0.3027 -0.6589
vn 0.6533 -0.3049 -0.6930
vn 0.6385 -0.3600 -0.6802
vn 0.6383 -0.3600 -0.6804
vn 0.6534 -0.3046 -0.6930
vn 0.6733 -0.3621 -0.6447
vn 0.6734 -0.3621 -0.6445
vn 0.6815 0.2669 -0.6814
vn 0.9409 -0.2416 -0.2372
vn 0.2330 -0.2411 -0.9421
vn 0.9105 -0.3527 -0.2159
vn 0.4414 -0.7815 -0.4409
vn 0.2088 -0.3517 -0.9125
vn 0.6840 -0.2619 -0.6808
vn 0.6811 -0.2557 -0.6861
vn 0.6708 -0.2564 -0.6959
vn 0.6688 -0.2557 -0.6981
vn 0.4868 0.0223 -0.8732
vn 0.8728 0.0211 -0.4877
vn -0.6597 -0.3065 -0.6862
vn -0.6773 -0.2559 -0.6898
vn -0.6778 -0.2535 -0.6901
vn -0.6600 -0.3059 -0.6862
vn -0.7025 -0.3044 -0.6434
vn -0.6875 -0.3578 -0.6319
vn -0.6877 -0.3579 -0.6317
vn -0.7024 -0.3046 -0.6433
vn -0.6419 -0.3617 -0.6761
vn -0.6418 -0.3617 -0.6762
vn -0.6787 0.2787 -0.6795
vn -0.2433 -0.2423 -0.9392
vn -0.9448 -0.2405 -0.2226
vn -0.2260 -0.3539 -0.9076
vn -0.4438 -0.7780 -0.4447
vn -0.9126 -0.3518 -0.2085
vn -0.6851 -0.2426 -0.6869
vn -0.6814 -0.2513 -0.6874
vn -0.7019 -0.2556 -0.6649
vn -0.7079 -0.2576 -0.6577
vn -0.8753 0.0240 -0.4830
vn -0.4901 0.0147 -0.8716
vn -0.9514 -0.3079 0.0027
vn -0.9686 -0.2485 0.0074
vn -0.9682 -0.2501 0.0056
vn -0.9560 -0.2932 0.0040
vn -0.9514 -0.3079 -0.0027
vn -0.9304 -0.3665 0.0021
vn -0.9304 -0.3665 0.0020
vn -0.9560 -0.2933 -0.0039
vn -0.9304 -0.3666 -0.0020
vn -0.9628 0.2702 -0.0000
vn -0.8298 -0.2410 -0.5033
vn -0.8299 -0.2410 0.5032
vn -0.7925 -0.3516 -0.4983
vn -0.6209 -0.7839 -0.0000
vn -0.7925 -0.3516 0.4983
vn -0.9669 -0.2550 -0.0016
vn -0.9669 -0.2550 0.0016
vn -0.9682 -0.2501 -0.0056
vn -0.9686 -0.2485 -0.0073
vn -0.9628 0.0157 0.2699
vn -0.9628 0.0158 -0.2699
vn 0.0189 -0.3045 -0.9523
vn 0.0124 -0.2530 -0.9674
vn 0.0100 -0.2535 -0.9673
vn 0.0188 -0.3035 -0.9526
vn -0.0189 -0.3045 -0.9523
vn -0.0216 -0.3614 -0.9322
vn -0.0218 -0.3616 -0.9321
vn -0.0188 -0.3035 -0.9526
vn 0.0216 -0.3614 -0.9322
vn 0.0218 -0.3616 -0.9321
vn -0.0000 0.2702 -0.9628
vn 0.5033 -0.2410 -0.8299
vn -0.5032 -0.2410 -0.8299
vn 0.4983 -0.3516 -0.7925
vn -0.0000 -0.7839 -0.6209
vn -0.4983 -0.3516 -0.7925
vn 0.0015 -0.2550 -0.9669
vn -0.0015 -0.2550 -0.9669
vn -0.0100 -0.2535 -0.9673
vn -0.0124 -0.2530 -0.9674
vn -0.2699 0.0157 -0.9628
vn 0.2699 0.0157 -0.9628
vn -0.6948 -0.3040 0.6518
vn -0.7021 -0.2538 0.6653
vn -0.6987 -0.2580 0.6673
vn -0.6949 -0.3037 0.6518
vn -0.6545 -0.3029 0.6927
vn -0.6430 -0.3615 0.6752
vn -0.6428 -0.3615 0.6754
vn -0.6547 -0.3021 0.6929
vn -0.6798 -0.3601 0.6390
vn -0.6799 -0.3601 0.6388
vn -0.6856 0.2445 0.6856
vn -0.9386 -0.2420 0.2460
vn -0.2475 -0.2422 0.9381
vn -0.9113 -0.3522 0.2133
vn -0.4417 -0.7808 0.4420
vn -0.2174 -0.3528 0.9101
vn -0.6869 -0.2693 0.6750
vn -0.6752 -0.2749 0.6845
vn -0.6690 -0.2561 0.6977
vn -0.6656 -0.2509 0.7029
vn -0.5021 0.0019 0.8648
vn -0.8648 0.0020 0.5021
vn 0.7504 0.6439 0.1493
vn 0.7504 0.6439 -0.1493
vn 0.7448 0.6507 -0.1481
vn 0.7448 0.6507 0.1481
vn -0.7504 0.6439 -0.1493
vn -0.7504 0.6439 0.1493
vn -0.7448 0.6506 0.1481
vn -0.7448 0.6506 -0.1482
vn -0.6362 0.6439 0.4251
vn -0.6314 0.6507 0.4219
vn -0.4251 0.6439 0.6362
vn -0.4219 0.6507 0.6314
vn -0.1493 0.6439 0.7504
vn -0.1481 0.6506 0.7448
vn 0.1493 0.6439 0.7504
vn 0.1482 0.6506 0.7448
vn 0.4251 0.6439 0.6362
vn 0.4219 0.6506 0.6314
vn 0.6362 0.6439 0.4251
vn 0.6314 0.6506 0.4219
vn 0.6362 0.6439 -0.4251
vn 0.6314 0.6506 -0.4219
vn 0.4251 0.6439 -0.6362
vn 0.4219 0.6506 -0.6314
vn 0.1492 0.6439 -0.7504
vn 0.1481 0.6506 -0.7448
vn -0.1493 0.6439 -0.7504
vn -0.1481 0.6506 -0.7448
vn -0.4251 0.6439 -0.6362
vn -0.4219 0.6506 -0.6314
vn -0.6362 0.6439 -0.4251
vn -0.6314 0.6506 -0.4219
vt 0.108322 0.352534
vt 0.092797 0.352403
vt 0.092726 0.351259
vt 0.108453 0.351367
vt 0.105932 0.341001
vt 0.095301 0.340955
vt 0.095500 0.316857
vt 0.105843 0.316858
vt 0.109029 0.306846
vt 0.092347 0.306914
vt 0.092496 0.305756
vt 0.108840 0.305670
vt 0.090788 0.350796
vt 0.091320 0.306900
vt 0.091822 0.350802
vt 0.110071 0.306790
vt 0.110455 0.350973
vt 0.109403 0.350941
vt 0.108742 0.350473
vt 0.092483 0.350344
vt 0.092824 0.307510
vt 0.108552 0.307422
vt 0.110898 0.307698
vt 0.122650 0.307533
vt 0.122860 0.350116
vt 0.111270 0.350040
vt 0.110882 0.350632
vt 0.110503 0.307118
vt 0.108086 0.353176
vt 0.093014 0.353034
vt 0.107607 0.353984
vt 0.093462 0.353841
vt 0.090379 0.350452
vt 0.090914 0.307225
vt 0.089986 0.349857
vt 0.090506 0.307800
vt 0.107952 0.304199
vt 0.108516 0.305025
vt 0.092810 0.305102
vt 0.093374 0.304275
vt 0.421757 0.586311
vt 0.422732 0.586311
vt 0.422732 0.620895
vt 0.421757 0.620895
vt 0.423707 0.586311
vt 0.423707 0.620895
vt 0.415905 0.586311
vt 0.416880 0.586311
vt 0.416880 0.620894
vt 0.415905 0.620894
vt 0.417856 0.586311
vt 0.417856 0.620894
vt 0.418830 0.586311
vt 0.418831 0.620895
vt 0.419806 0.586311
vt 0.419806 0.620895
vt 0.420781 0.586311
vt 0.420781 0.620895
vt 0.436127 0.584902
vt 0.435226 0.584529
vt 0.436127 0.583628
vt 0.437028 0.584529
vt 0.437401 0.583628
vt 0.437028 0.582726
vt 0.436127 0.582353
vt 0.435226 0.582726
vt 0.434853 0.583628
vt 0.437028 0.590651
vt 0.436126 0.591024
vt 0.436126 0.589750
vt 0.435225 0.590651
vt 0.434853 0.589750
vt 0.435225 0.588850
vt 0.436126 0.588476
vt 0.437028 0.588850
vt 0.437401 0.589750
vt 0.421016 0.548279
vt 0.421991 0.548279
vt 0.421991 0.582860
vt 0.421016 0.582860
vt 0.422967 0.548279
vt 0.422967 0.582860
vt 0.415165 0.548279
vt 0.416140 0.548279
vt 0.416140 0.582860
vt 0.415164 0.582860
vt 0.417116 0.548279
vt 0.417115 0.582860
vt 0.418091 0.548279
vt 0.418091 0.582860
vt 0.419066 0.548279
vt 0.419066 0.582860
vt 0.420041 0.548279
vt 0.420041 0.582860
vt 0.436127 0.598858
vt 0.435226 0.598485
vt 0.436127 0.597584
vt 0.437028 0.598485
vt 0.437401 0.597584
vt 0.437028 0.596683
vt 0.436127 0.596310
vt 0.435226 0.596683
vt 0.434853 0.597584
vt 0.437028 0.605178
vt 0.436126 0.605551
vt 0.436126 0.604277
vt 0.435225 0.605178
vt 0.434853 0.604277
vt 0.435225 0.603376
vt 0.436126 0.603003
vt 0.437028 0.603376
vt 0.437401 0.604277
vt 0.407231 0.620683
vt 0.406226 0.620716
vt 0.405375 0.592134
vt 0.406377 0.592113
vt 0.405400 0.620730
vt 0.404372 0.592176
vt 0.404575 0.620766
vt 0.403383 0.592230
vt 0.403572 0.620815
vt 0.402404 0.592279
vt 0.411255 0.620542
vt 0.410249 0.620576
vt 0.409318 0.592070
vt 0.410293 0.592028
vt 0.409244 0.620608
vt 0.408346 0.592095
vt 0.408239 0.620642
vt 0.407368 0.592105
vt 0.436127 0.576534
vt 0.435225 0.576161
vt 0.436127 0.575260
vt 0.437027 0.576161
vt 0.437401 0.575260
vt 0.437027 0.574359
vt 0.436127 0.573986
vt 0.435225 0.574359
vt 0.434853 0.575260
vt 0.407735 0.546062
vt 0.408731 0.546048
vt 0.409242 0.575641
vt 0.408233 0.575663
vt 0.409729 0.546032
vt 0.410257 0.575636
vt 0.401736 0.546140
vt 0.402738 0.546129
vt 0.403085 0.575773
vt 0.402069 0.575773
vt 0.403737 0.546117
vt 0.404113 0.575777
vt 0.404738 0.546099
vt 0.405152 0.575770
vt 0.405736 0.546084
vt 0.406191 0.575742
vt 0.406735 0.546072
vt 0.407218 0.575701
vt 0.437401 0.564513
vt 0.437027 0.565414
vt 0.436127 0.564513
vt 0.437028 0.563611
vt 0.436127 0.563238
vt 0.435225 0.563612
vt 0.434853 0.564512
vt 0.435226 0.565414
vt 0.436127 0.565787
vt 0.405178 0.578112
vt 0.403969 0.578013
vt 0.403000 0.577830
vt 0.402203 0.577708
vt 0.409901 0.577839
vt 0.409089 0.577689
vt 0.408269 0.577695
vt 0.407411 0.577830
vt 0.406403 0.578018
vt 0.404127 0.589997
vt 0.405307 0.589850
vt 0.403183 0.590224
vt 0.402404 0.590390
vt 0.409091 0.590132
vt 0.409860 0.589966
vt 0.408308 0.590152
vt 0.407480 0.590048
vt 0.406500 0.589900
vt 0.404115 0.588091
vt 0.405234 0.587995
vt 0.403183 0.588231
vt 0.402396 0.588335
vt 0.408807 0.587980
vt 0.409529 0.587879
vt 0.408072 0.588032
vt 0.407285 0.588028
vt 0.406353 0.587988
vt 0.404120 0.585507
vt 0.405144 0.585473
vt 0.403182 0.585552
vt 0.402326 0.585585
vt 0.408625 0.585414
vt 0.409371 0.585386
vt 0.407867 0.585438
vt 0.407062 0.585453
vt 0.406156 0.585457
vt 0.404097 0.582529
vt 0.405125 0.582547
vt 0.403157 0.582502
vt 0.402303 0.582484
vt 0.408638 0.582586
vt 0.409393 0.582620
vt 0.407870 0.582559
vt 0.407055 0.582547
vt 0.406142 0.582549
vt 0.404031 0.579937
vt 0.405162 0.580002
vt 0.403094 0.579827
vt 0.402308 0.579751
vt 0.408829 0.579954
vt 0.409579 0.580054
vt 0.408068 0.579909
vt 0.407257 0.579923
vt 0.406302 0.579982
vt 0.079081 0.318624
vt 0.077855 0.318578
vt 0.077974 0.317553
vt 0.079084 0.317603
vt 0.078997 0.295440
vt 0.080156 0.294228
vt 0.079874 0.286157
vt 0.078506 0.284739
vt 0.077892 0.256980
vt 0.079224 0.256954
vt 0.061351 0.317936
vt 0.056044 0.295455
vt 0.061063 0.294239
vt 0.062189 0.317548
vt 0.085191 0.295434
vt 0.079925 0.317991
vt 0.063299 0.317492
vt 0.062222 0.295444
vt 0.063321 0.256961
vt 0.062721 0.284736
vt 0.061337 0.286161
vt 0.061988 0.256932
vt 0.063434 0.318512
vt 0.062210 0.318571
vt 0.077950 0.287490
vt 0.078066 0.293150
vt 0.063152 0.293155
vt 0.063277 0.287493
vt 0.076994 0.294444
vt 0.064226 0.294447
vt 0.064395 0.286275
vt 0.076828 0.286270
vt 0.064402 0.257220
vt 0.069199 0.284835
vt 0.064175 0.300297
vt 0.077040 0.300304
vt 0.072010 0.284846
vt 0.076813 0.257240
vt 0.078928 0.293140
vt 0.077933 0.294542
vt 0.079811 0.293269
vt 0.078802 0.294717
vt 0.080719 0.293126
vt 0.079655 0.287119
vt 0.080587 0.287107
vt 0.078805 0.287388
vt 0.078471 0.285638
vt 0.077726 0.286046
vt 0.061408 0.293277
vt 0.062418 0.294721
vt 0.062292 0.293147
vt 0.063286 0.294546
vt 0.062417 0.287390
vt 0.061573 0.287122
vt 0.060500 0.293135
vt 0.060639 0.287110
vt 0.063498 0.286048
vt 0.062750 0.285639
vt 0.063277 0.300331
vt 0.062377 0.300337
vt 0.069299 0.285780
vt 0.071908 0.285793
vt 0.078838 0.300350
vt 0.077937 0.300341
vt 0.101694 0.280289
vt 0.090152 0.280289
vt 0.090146 0.266405
vt 0.101699 0.266405
vt 0.090157 0.286512
vt 0.101689 0.286512
vt 0.101686 0.300370
vt 0.090159 0.300370
vt 0.090145 0.262067
vt 0.101700 0.262066
vt 0.101700 0.264509
vt 0.090145 0.264509
vt 0.101690 0.284620
vt 0.090155 0.284619
vt 0.090153 0.282182
vt 0.101692 0.282182
vt 0.090153 0.281550
vt 0.101692 0.281551
vt 0.090152 0.280919
vt 0.101693 0.280920
vt 0.090146 0.265773
vt 0.101700 0.265773
vt 0.090146 0.265141
vt 0.101700 0.265141
vt 0.090156 0.285881
vt 0.101689 0.285881
vt 0.090156 0.285250
vt 0.101690 0.285251
vt 0.090145 0.261435
vt 0.101700 0.261435
vt 0.090145 0.260803
vt 0.101700 0.260802
vt 0.090145 0.260171
vt 0.101700 0.260170
vt 0.102921 0.265185
vt 0.102913 0.281510
vt 0.102303 0.281346
vt 0.102310 0.265348
vt 0.088932 0.281509
vt 0.088925 0.265185
vt 0.089535 0.265348
vt 0.089542 0.281346
vt 0.105972 0.265350
vt 0.105964 0.281348
vt 0.105354 0.281511
vt 0.105362 0.265187
vt 0.101863 0.265795
vt 0.101857 0.280899
vt 0.086483 0.265187
vt 0.086491 0.281511
vt 0.089982 0.265795
vt 0.089988 0.280899
vt 0.085873 0.265350
vt 0.085881 0.281348
vt 0.085435 0.280902
vt 0.085427 0.265797
vt 0.085270 0.280291
vt 0.085263 0.266407
vt 0.106582 0.266407
vt 0.106575 0.280292
vt 0.106411 0.280902
vt 0.106419 0.265797
vt 0.016622 0.303923
vt 0.017847 0.303969
vt 0.017729 0.304994
vt 0.016618 0.304943
vt 0.016705 0.327109
vt 0.015546 0.328321
vt 0.015829 0.336392
vt 0.017197 0.337812
vt 0.017810 0.365572
vt 0.016478 0.365598
vt 0.034351 0.304611
vt 0.039658 0.327094
vt 0.034640 0.328310
vt 0.033513 0.305001
vt 0.010512 0.327114
vt 0.015777 0.304556
vt 0.032404 0.305055
vt 0.033480 0.327105
vt 0.032381 0.365591
vt 0.032981 0.337815
vt 0.034365 0.336389
vt 0.033714 0.365620
vt 0.032268 0.304035
vt 0.033492 0.303976
vt 0.017752 0.335060
vt 0.017636 0.329398
vt 0.032550 0.329394
vt 0.032426 0.335057
vt 0.018708 0.328104
vt 0.031476 0.328101
vt 0.031307 0.336274
vt 0.018874 0.336279
vt 0.031301 0.365333
vt 0.026504 0.337714
vt 0.031528 0.322250
vt 0.018663 0.322244
vt 0.023692 0.337704
vt 0.018890 0.365312
vt 0.016775 0.329408
vt 0.017770 0.328007
vt 0.015892 0.329280
vt 0.016900 0.327832
vt 0.014983 0.329422
vt 0.016047 0.335432
vt 0.015115 0.335443
vt 0.016897 0.335162
vt 0.017231 0.336911
vt 0.017977 0.336503
vt 0.034295 0.329272
vt 0.033284 0.327827
vt 0.033410 0.329401
vt 0.032416 0.328003
vt 0.033285 0.335160
vt 0.034129 0.335427
vt 0.035202 0.329414
vt 0.035064 0.335440
vt 0.032204 0.336503
vt 0.032953 0.336910
vt 0.032425 0.322218
vt 0.033325 0.322211
vt 0.026403 0.336770
vt 0.023795 0.336757
vt 0.016864 0.322199
vt 0.017765 0.322206
vt 0.052477 0.303715
vt 0.053699 0.303760
vt 0.053581 0.304792
vt 0.052473 0.304743
vt 0.052561 0.327052
vt 0.051404 0.328272
vt 0.051686 0.336399
vt 0.053050 0.337825
vt 0.053663 0.365768
vt 0.052334 0.365796
vt 0.070163 0.304408
vt 0.075459 0.327038
vt 0.070451 0.328262
vt 0.069327 0.304798
vt 0.046381 0.327060
vt 0.051634 0.304352
vt 0.068221 0.304853
vt 0.069294 0.327049
vt 0.068198 0.365788
vt 0.068796 0.337829
vt 0.070177 0.336395
vt 0.069528 0.365817
vt 0.068086 0.303827
vt 0.069307 0.303768
vt 0.053605 0.335057
vt 0.053489 0.329358
vt 0.068366 0.329354
vt 0.068243 0.335053
vt 0.054559 0.328055
vt 0.067295 0.328053
vt 0.067126 0.336279
vt 0.054724 0.336284
vt 0.067120 0.365529
vt 0.062335 0.337728
vt 0.067347 0.322164
vt 0.054513 0.322156
vt 0.059530 0.337718
vt 0.054739 0.365508
vt 0.052630 0.329368
vt 0.053622 0.327957
vt 0.051749 0.329237
vt 0.052754 0.327780
vt 0.050842 0.329381
vt 0.051904 0.335431
vt 0.050974 0.335443
vt 0.052752 0.335159
vt 0.053086 0.336921
vt 0.053828 0.336510
vt 0.070107 0.329231
vt 0.069099 0.327776
vt 0.069224 0.329362
vt 0.068233 0.327953
vt 0.069100 0.335157
vt 0.069942 0.335426
vt 0.071012 0.329373
vt 0.070874 0.335438
vt 0.068021 0.336509
vt 0.068768 0.336920
vt 0.068242 0.322129
vt 0.069140 0.322124
vt 0.062235 0.336779
vt 0.059632 0.336764
vt 0.052719 0.322111
vt 0.053617 0.322119
vt 0.043870 0.318126
vt 0.042649 0.318081
vt 0.042767 0.317048
vt 0.043874 0.317099
vt 0.043787 0.294781
vt 0.044942 0.293561
vt 0.044661 0.285434
vt 0.043297 0.284006
vt 0.042686 0.256055
vt 0.044013 0.256027
vt 0.026203 0.317434
vt 0.020914 0.294796
vt 0.025915 0.293571
vt 0.027038 0.317042
vt 0.049959 0.294775
vt 0.044712 0.317489
vt 0.028143 0.316987
vt 0.027071 0.294786
vt 0.028166 0.256034
vt 0.027569 0.284002
vt 0.026189 0.285437
vt 0.026837 0.256006
vt 0.028278 0.318014
vt 0.027059 0.318073
vt 0.042744 0.286776
vt 0.042859 0.292476
vt 0.027998 0.292480
vt 0.028122 0.286779
vt 0.041791 0.293779
vt 0.029068 0.293782
vt 0.029236 0.285554
vt 0.041626 0.285549
vt 0.029243 0.256295
vt 0.034023 0.284103
vt 0.029016 0.299672
vt 0.041836 0.299680
vt 0.036824 0.284115
vt 0.041610 0.256316
vt 0.043717 0.292466
vt 0.042726 0.293878
vt 0.044598 0.292595
vt 0.043593 0.294054
vt 0.045503 0.292452
vt 0.044442 0.286402
vt 0.045371 0.286390
vt 0.043596 0.286673
vt 0.043262 0.284912
vt 0.042520 0.285322
vt 0.026259 0.292603
vt 0.027266 0.294058
vt 0.027140 0.292472
vt 0.028131 0.293881
vt 0.027265 0.286676
vt 0.026424 0.286406
vt 0.025354 0.292460
vt 0.025493 0.286393
vt 0.028342 0.285323
vt 0.027596 0.284913
vt 0.028122 0.299707
vt 0.027226 0.299713
vt 0.034123 0.285054
vt 0.036722 0.285067
vt 0.043629 0.299724
vt 0.042731 0.299717
vt 0.727381 0.870222
vt 0.718962 0.872065
vt 0.732305 0.794979
vt 0.739974 0.799109
vt 0.675687 0.856401
vt 0.697484 0.773339
vt 0.547681 0.776703
vt 0.570514 0.857441
vt 0.526869 0.870862
vt 0.516140 0.799439
vt 0.626414 0.844829
vt 0.623930 0.729539
vt 0.619718 0.844947
vt 0.618316 0.729354
vt 0.857638 0.995816
vt 0.856094 0.989242
vt 0.896114 0.988005
vt 0.896396 0.994046
vt 0.883829 0.951615
vt 0.927521 0.963105
vt 0.926759 0.848274
vt 0.883882 0.860385
vt 0.855554 0.825718
vt 0.894397 0.824061
vt 0.910709 0.909022
vt 0.992693 0.908165
vt 0.910702 0.902271
vt 0.992682 0.902666
vt 0.639487 0.601758
vt 0.646613 0.602944
vt 0.632229 0.676160
vt 0.626714 0.674646
vt 0.687616 0.617911
vt 0.665799 0.698580
vt 0.817355 0.692980
vt 0.787484 0.612945
vt 0.828020 0.592892
vt 0.850390 0.666779
vt 0.734953 0.628177
vt 0.739967 0.742624
vt 0.741429 0.627899
vt 0.745198 0.742105
vt 0.872810 0.854686
vt 0.872951 0.860329
vt 0.836912 0.861250
vt 0.836755 0.855695
vt 0.871403 0.686382
vt 0.844357 0.721739
vt 0.799329 0.710992
vt 0.831004 0.686040
vt 0.804724 0.835300
vt 0.847374 0.821732
vt 0.802841 0.851808
vt 0.810146 0.850266
vt 0.822440 0.925241
vt 0.816264 0.926043
vt 0.614750 0.848117
vt 0.657001 0.864568
vt 0.631359 0.945557
vt 0.598059 0.922154
vt 0.782117 0.948233
vt 0.759948 0.866802
vt 0.704781 0.878135
vt 0.703019 0.992103
vt 0.711368 0.878273
vt 0.708792 0.992065
vt 0.837236 0.586236
vt 0.836911 0.580472
vt 0.873476 0.578290
vt 0.873839 0.583954
vt 0.839094 0.747370
vt 0.866087 0.711905
vt 0.909614 0.722964
vt 0.877707 0.747887
vt 0.907156 0.607180
vt 0.864138 0.619983
vt 0.891981 0.668931
vt 0.975477 0.666467
vt 0.891829 0.662109
vt 0.975368 0.660873
vt 0.004477 0.493876
vt 0.004388 0.487198
vt 0.079633 0.485532
vt 0.079566 0.491881
vt 0.009917 0.441880
vt 0.095908 0.446267
vt 0.095833 0.528171
vt 0.013563 0.537821
vt 0.010777 0.391396
vt 0.122863 0.363582
vt 0.009155 0.384901
vt 0.121358 0.357670
vt 0.017788 0.586642
vt 0.127569 0.605450
vt 0.990937 0.859435
vt 0.990932 0.865134
vt 0.954667 0.864925
vt 0.954715 0.859312
vt 0.996328 0.695554
vt 0.967735 0.731483
vt 0.923737 0.719229
vt 0.956348 0.694035
vt 0.923280 0.835460
vt 0.966268 0.824265
vt 0.940556 0.774324
vt 0.857479 0.774576
vt 0.940493 0.781187
vt 0.857472 0.780100
vt 0.380567 0.480474
vt 0.373693 0.372338
vt 0.373692 0.366032
vt 0.380563 0.257648
vt 0.144733 0.867103
vt 0.252211 0.862069
vt 0.260830 0.862070
vt 0.368691 0.867104
vt 0.132837 0.257645
vt 0.139299 0.366094
vt 0.139299 0.372350
vt 0.132840 0.480475
vt 0.144707 0.492316
vt 0.253093 0.487806
vt 0.259946 0.487805
vt 0.368695 0.492316
vt 0.369724 0.446587
vt 0.368744 0.487351
vt 0.259670 0.446305
vt 0.144733 0.620770
vt 0.368691 0.620769
vt 0.369220 0.364839
vt 0.259551 0.364657
vt 0.295696 0.631877
vt 0.373336 0.631317
vt 0.373055 0.740989
vt 0.295521 0.740606
vt 0.380494 0.632534
vt 0.256078 0.630972
vt 0.255905 0.740234
vt 0.297045 0.747984
vt 0.373055 0.747036
vt 0.373338 0.856118
vt 0.296841 0.855476
vt 0.380493 0.855339
vt 0.509373 0.855345
vt 0.509375 0.632519
vt 0.256758 0.746552
vt 0.257221 0.855567
vt 0.369373 0.290043
vt 0.370085 0.362199
vt 0.261233 0.363579
vt 0.261078 0.290506
vt 0.368710 0.995558
vt 0.144724 0.995556
vt 0.370046 0.251811
vt 0.260010 0.250348
vt 0.252176 0.290443
vt 0.252081 0.363256
vt 0.144320 0.363885
vt 0.144428 0.292139
vt 0.143985 0.860612
vt 0.144712 0.245811
vt 0.253267 0.250285
vt 0.144443 0.252256
vt 0.207022 0.734628
vt 0.139957 0.738244
vt 0.139689 0.634066
vt 0.207080 0.633768
vt 0.132928 0.632534
vt 0.004047 0.632529
vt 0.132930 0.855339
vt 0.004049 0.855359
vt 0.254305 0.734455
vt 0.254235 0.635071
vt 0.206917 0.855567
vt 0.139686 0.854522
vt 0.139956 0.748640
vt 0.206900 0.751450
vt 0.253629 0.854854
vt 0.254478 0.750548
vt 0.144583 0.445125
vt 0.143770 0.366384
vt 0.253396 0.364659
vt 0.253340 0.446307
vt 0.143985 0.626942
vt 0.253754 0.627219
vt 0.143767 0.486622
vt 0.373878 0.481884
vt 0.259288 0.627218
vt 0.369612 0.626933
vt 0.368699 0.245808
vt 0.139110 0.256145
vt 0.373208 0.492315
vt 0.373173 0.620750
vt 0.377087 0.492316
vt 0.377031 0.620750
vt 0.379664 0.492315
vt 0.379609 0.620750
vt 0.384145 0.492318
vt 0.384092 0.620772
vt 0.509372 0.859837
vt 0.380512 0.859806
vt 0.509372 0.863706
vt 0.380512 0.863652
vt 0.509372 0.866279
vt 0.380511 0.866222
vt 0.509370 0.870742
vt 0.380489 0.870689
vt 0.140213 0.995556
vt 0.140251 0.867122
vt 0.136335 0.995556
vt 0.136392 0.867122
vt 0.133756 0.995556
vt 0.133814 0.867122
vt 0.129277 0.995554
vt 0.129331 0.867100
vt 0.004047 0.628036
vt 0.132908 0.628066
vt 0.004049 0.625439
vt 0.132910 0.625496
vt 0.004053 0.621564
vt 0.132913 0.621650
vt 0.004056 0.617103
vt 0.132937 0.617182
vt 0.379664 0.484940
vt 0.377087 0.488817
vt 0.373208 0.491417
vt 0.373173 0.621651
vt 0.377031 0.624221
vt 0.379609 0.628066
vt 0.373814 0.256301
vt 0.373177 0.246714
vt 0.377064 0.249288
vt 0.379667 0.253156
vt 0.369867 0.860625
vt 0.379609 0.859806
vt 0.377031 0.863652
vt 0.373173 0.866222
vt 0.133745 0.253182
vt 0.136324 0.249308
vt 0.140203 0.246709
vt 0.140251 0.866222
vt 0.136392 0.863653
vt 0.133814 0.859807
vt 0.139195 0.481857
vt 0.140232 0.491408
vt 0.136343 0.488837
vt 0.133738 0.484969
vt 0.133814 0.628066
vt 0.136392 0.624221
vt 0.140251 0.621651
vt 0.817521 0.768299
vt 0.817888 0.777591
vt 0.736171 0.780650
vt 0.735772 0.772071
vt 0.259328 0.630487
vt 0.253714 0.630486
vt 0.854246 0.770184
vt 0.854241 0.784465
vt 0.367129 0.631053
vt 0.363469 0.627371
vt 0.626949 0.724720
vt 0.615063 0.724729
vt 0.367344 0.746591
vt 0.367344 0.741688
vt 0.996037 0.912619
vt 0.995990 0.898186
vt 0.365001 0.860410
vt 0.368521 0.856371
vt 0.737274 0.746802
vt 0.748121 0.746187
vt 0.252181 0.856187
vt 0.260861 0.856187
vt 0.730692 0.765375
vt 0.731749 0.787757
vt 0.145422 0.855075
vt 0.149748 0.859100
vt 0.699673 0.996876
vt 0.711957 0.996951
vt 0.145344 0.740972
vt 0.145344 0.746590
vt 0.978763 0.670677
vt 0.978483 0.656525
vt 0.149457 0.629694
vt 0.146245 0.633228
vt 0.128596 0.365712
vt 0.132921 0.602981
vt 0.764276 0.026281
vt 0.765708 0.004252
vt 0.796159 0.005585
vt 0.788948 0.033870
vt 0.585020 0.028814
vt 0.590946 0.049323
vt 0.569411 0.061512
vt 0.556849 0.036340
vt 0.600686 0.065612
vt 0.584473 0.080044
vt 0.612499 0.078149
vt 0.600576 0.093684
vt 0.625579 0.087416
vt 0.617198 0.103388
vt 0.639384 0.093774
vt 0.633980 0.109855
vt 0.653603 0.097463
vt 0.650819 0.113477
vt 0.668031 0.098780
vt 0.667647 0.114653
vt 0.682550 0.097917
vt 0.684477 0.113587
vt 0.696844 0.094918
vt 0.701128 0.110402
vt 0.710815 0.089873
vt 0.717592 0.105040
vt 0.724242 0.082495
vt 0.733653 0.097292
vt 0.736934 0.072703
vt 0.749288 0.086845
vt 0.748400 0.060296
vt 0.764115 0.073309
vt 0.757925 0.044922
vt 0.777645 0.055977
vt 0.813619 0.041458
vt 0.826611 0.006918
vt 0.852449 0.017890
vt 0.832069 0.053464
vt 0.528678 0.043865
vt 0.547875 0.073700
vt 0.533069 0.088660
vt 0.506857 0.059323
vt 0.568261 0.094475
vt 0.557788 0.108729
vt 0.588654 0.109218
vt 0.581195 0.122817
vt 0.608817 0.119360
vt 0.603635 0.132428
vt 0.628576 0.125936
vt 0.625300 0.138550
vt 0.648035 0.129490
vt 0.646466 0.141787
vt 0.667264 0.130526
vt 0.686404 0.129257
vt 0.687880 0.141164
vt 0.667265 0.142581
vt 0.705413 0.125885
vt 0.708384 0.137712
vt 0.724368 0.120208
vt 0.728918 0.131987
vt 0.743064 0.112090
vt 0.749353 0.123898
vt 0.761642 0.100987
vt 0.769907 0.112917
vt 0.779829 0.086322
vt 0.790500 0.098366
vt 0.797364 0.067033
vt 0.811237 0.079171
vt 0.850520 0.065471
vt 0.878287 0.028862
vt 0.897656 0.046310
vt 0.864152 0.079864
vt 0.485036 0.074781
vt 0.518263 0.103620
vt 0.508393 0.119786
vt 0.470422 0.094801
vt 0.547315 0.122984
vt 0.540196 0.136938
vt 0.573736 0.136416
vt 0.568567 0.149037
vt 0.598453 0.145496
vt 0.594861 0.157218
vt 0.622024 0.151164
vt 0.619797 0.162376
vt 0.644897 0.154084
vt 0.643868 0.164955
vt 0.667266 0.154636
vt 0.667380 0.165281
vt 0.689355 0.153072
vt 0.690604 0.163562
vt 0.711355 0.149539
vt 0.713746 0.159963
vt 0.733468 0.143765
vt 0.737016 0.154266
vt 0.755641 0.135706
vt 0.760490 0.146392
vt 0.778172 0.124847
vt 0.784481 0.135872
vt 0.801171 0.110411
vt 0.809248 0.122027
vt 0.825110 0.091310
vt 0.835438 0.103939
vt 0.877785 0.094257
vt 0.917025 0.063757
vt 0.928917 0.084863
vt 0.887533 0.110121
vt 0.455808 0.114821
vt 0.498523 0.135952
vt 0.492445 0.152700
vt 0.448750 0.136741
vt 0.533078 0.150892
vt 0.528108 0.164914
vt 0.563398 0.161659
vt 0.559617 0.174049
vt 0.591270 0.168939
vt 0.588602 0.180437
vt 0.617569 0.173587
vt 0.615960 0.184456
vt 0.642839 0.175826
vt 0.642196 0.186279
vt 0.667494 0.175925
vt 0.667796 0.186166
vt 0.691852 0.174051
vt 0.693030 0.184219
vt 0.716137 0.170388
vt 0.718217 0.180521
vt 0.740563 0.164767
vt 0.743542 0.175033
vt 0.765338 0.157079
vt 0.769363 0.167544
vt 0.790790 0.146896
vt 0.795943 0.157802
vt 0.817326 0.133644
vt 0.823816 0.145380
vt 0.845767 0.116569
vt 0.853797 0.129779
vt 0.897282 0.125985
vt 0.940810 0.105970
vt 0.949012 0.144030
vt 0.909508 0.154880
vt 0.441691 0.158661
vt 0.486366 0.169448
vt 0.480324 0.198866
vt 0.441056 0.195766
vt 0.523139 0.178937
vt 0.516939 0.203727
vt 0.555835 0.186439
vt 0.550807 0.208515
vt 0.585934 0.191936
vt 0.582396 0.212353
vt 0.614351 0.195324
vt 0.612255 0.214790
vt 0.641552 0.196732
vt 0.640856 0.215685
vt 0.668099 0.196406
vt 0.668693 0.215041
vt 0.694208 0.194388
vt 0.696147 0.212876
vt 0.720296 0.190654
vt 0.723562 0.209208
vt 0.746520 0.185299
vt 0.751231 0.204033
vt 0.773387 0.178009
vt 0.779578 0.197178
vt 0.801096 0.168707
vt 0.808987 0.188618
vt 0.830305 0.157116
vt 0.839995 0.178471
vt 0.861828 0.142989
vt 0.873262 0.167001
vt 0.991761 0.374626
vt 0.949990 0.375240
vt 0.946747 0.335209
vt 0.986234 0.329198
vt 0.438548 0.377351
vt 0.476784 0.376321
vt 0.480906 0.414091
vt 0.440148 0.420104
vt 0.517249 0.409652
vt 0.513488 0.374570
vt 0.548678 0.372575
vt 0.552270 0.405889
vt 0.585716 0.402476
vt 0.582550 0.370434
vt 0.615306 0.368200
vt 0.618285 0.399486
vt 0.650136 0.396568
vt 0.647229 0.365810
vt 0.678660 0.363283
vt 0.681333 0.393714
vt 0.712668 0.391064
vt 0.709886 0.360643
vt 0.741159 0.357751
vt 0.743546 0.388290
vt 0.775133 0.385614
vt 0.772788 0.354640
vt 0.805053 0.351334
vt 0.807479 0.383064
vt 0.838254 0.347816
vt 0.840120 0.380701
vt 0.872786 0.344034
vt 0.875038 0.378421
vt 0.910406 0.376567
vt 0.908882 0.339912
vt 0.456564 0.484970
vt 0.492989 0.474179
vt 0.516972 0.544436
vt 0.487962 0.555615
vt 0.527568 0.466276
vt 0.560809 0.459935
vt 0.576137 0.527983
vt 0.546480 0.535371
vt 0.593099 0.454800
vt 0.624667 0.450548
vt 0.635172 0.516762
vt 0.605708 0.521865
vt 0.655671 0.446892
vt 0.686334 0.443667
vt 0.693538 0.508750
vt 0.664457 0.512424
vt 0.716786 0.440812
vt 0.747312 0.438457
vt 0.751275 0.503715
vt 0.722416 0.505865
vt 0.778041 0.436430
vt 0.809301 0.435006
vt 0.809144 0.501709
vt 0.780158 0.502127
vt 0.841318 0.434331
vt 0.874411 0.434661
vt 0.868108 0.504847
vt 0.838404 0.502564
vt 0.908966 0.436182
vt 0.945495 0.439773
vt 0.928787 0.514961
vt 0.898296 0.508737
vt 0.959420 0.523896
vt 0.935760 0.588247
vt 0.911894 0.580332
vt 0.538919 0.607732
vt 0.515652 0.617081
vt 0.565524 0.599880
vt 0.593686 0.593099
vt 0.619248 0.588481
vt 0.644912 0.583394
vt 0.674041 0.578544
vt 0.703187 0.574680
vt 0.728572 0.571565
vt 0.754004 0.569447
vt 0.781786 0.568357
vt 0.809208 0.568160
vt 0.833807 0.569091
vt 0.858093 0.570377
vt 0.885304 0.574303
vt 0.564978 0.670741
vt 0.573684 0.715567
vt 0.555053 0.714644
vt 0.555105 0.626883
vt 0.538235 0.634495
vt 0.573587 0.626461
vt 0.589287 0.633458
vt 0.602448 0.644358
vt 0.609102 0.661589
vt 0.608753 0.680356
vt 0.601077 0.694977
vt 0.590360 0.707388
vt 0.539775 0.708518
vt 0.528497 0.647367
vt 0.527831 0.697187
vt 0.522014 0.680027
vt 0.522014 0.662174
vt 0.716604 0.041484
vt 0.720891 0.033396
vt 0.652657 0.063189
vt 0.660915 0.065631
vt 0.644785 0.059108
vt 0.638242 0.053727
vt 0.632886 0.047137
vt 0.629440 0.039608
vt 0.628336 0.031769
vt 0.722873 0.024698
vt 0.722042 0.016391
vt 0.710442 0.048826
vt 0.703277 0.054963
vt 0.695178 0.059644
vt 0.686994 0.063215
vt 0.678256 0.065576
vt 0.669676 0.066519
vt 0.018081 0.211159
vt 0.014445 0.200994
vt 0.023576 0.197885
vt 0.026897 0.207274
vt 0.007965 0.128860
vt 0.009591 0.118817
vt 0.018949 0.120788
vt 0.017446 0.130190
vt 0.011909 0.108911
vt 0.021097 0.111544
vt 0.014952 0.099143
vt 0.023915 0.102472
vt 0.018793 0.089523
vt 0.027449 0.093572
vt 0.023555 0.080122
vt 0.031864 0.084852
vt 0.029168 0.071074
vt 0.037491 0.076325
vt 0.028215 0.230398
vt 0.022706 0.221053
vt 0.031081 0.216440
vt 0.036591 0.225310
vt 0.011596 0.190717
vt 0.020937 0.188307
vt 0.009404 0.180366
vt 0.018918 0.178613
vt 0.007964 0.169983
vt 0.017508 0.168852
vt 0.006949 0.159626
vt 0.016510 0.159101
vt 0.006667 0.149273
vt 0.016279 0.149375
vt 0.007006 0.139017
vt 0.016567 0.139725
vt 0.027636 0.206952
vt 0.024343 0.197628
vt 0.028521 0.196141
vt 0.031644 0.205051
vt 0.018255 0.130301
vt 0.019752 0.120953
vt 0.024110 0.121868
vt 0.022657 0.130926
vt 0.021890 0.111761
vt 0.026176 0.112981
vt 0.024689 0.102746
vt 0.028858 0.104297
vt 0.028192 0.093911
vt 0.032191 0.095863
vt 0.032554 0.085270
vt 0.036199 0.087789
vt 0.038150 0.076780
vt 0.040970 0.080366
vt 0.037180 0.224763
vt 0.031763 0.216021
vt 0.035499 0.213521
vt 0.040139 0.221270
vt 0.021723 0.188118
vt 0.026005 0.186996
vt 0.019713 0.178478
vt 0.024055 0.177674
vt 0.018316 0.168759
vt 0.022599 0.168275
vt 0.017320 0.159063
vt 0.021867 0.158840
vt 0.017093 0.149389
vt 0.021522 0.149446
vt 0.017381 0.139791
vt 0.021809 0.140162
vt 0.032338 0.204734
vt 0.029229 0.195880
vt 0.035188 0.193894
vt 0.038129 0.202224
vt 0.023404 0.131097
vt 0.024842 0.122101
vt 0.031033 0.123322
vt 0.029653 0.131889
vt 0.026886 0.113282
vt 0.032980 0.114945
vt 0.029536 0.104671
vt 0.035500 0.106797
vt 0.032833 0.096303
vt 0.038595 0.098935
vt 0.036804 0.088290
vt 0.042356 0.091460
vt 0.041540 0.080904
vt 0.046834 0.084311
vt 0.040632 0.220645
vt 0.036121 0.213056
vt 0.041704 0.210113
vt 0.046023 0.217514
vt 0.026729 0.186794
vt 0.032800 0.185238
vt 0.024791 0.177528
vt 0.030935 0.176382
vt 0.023346 0.168197
vt 0.029593 0.167432
vt 0.022617 0.158785
vt 0.028852 0.158442
vt 0.022274 0.149502
vt 0.028608 0.149478
vt 0.022575 0.140187
vt 0.028806 0.140621
vt 0.103523 0.034665
vt 0.100283 0.042486
vt 0.091447 0.036581
vt 0.093099 0.032595
vt 0.060980 0.026204
vt 0.064220 0.018387
vt 0.073056 0.024292
vt 0.071405 0.028278
vt 0.070204 0.012403
vt 0.076109 0.021240
vt 0.078021 0.009164
vt 0.080095 0.019588
vt 0.086483 0.009163
vt 0.084408 0.019588
vt 0.094302 0.012403
vt 0.088398 0.021240
vt 0.100287 0.018387
vt 0.091447 0.024292
vt 0.103523 0.026204
vt 0.093099 0.028278
vt 0.094302 0.048470
vt 0.088398 0.039633
vt 0.086483 0.051706
vt 0.084408 0.041282
vt 0.078021 0.051706
vt 0.080095 0.041282
vt 0.070204 0.048470
vt 0.076109 0.039633
vt 0.064220 0.042486
vt 0.073056 0.036581
vt 0.060981 0.034665
vt 0.071405 0.032595
vt 0.985052 0.446323
vt 0.408173 0.940246
vt 0.409891 0.984088
vt 0.397433 0.985613
vt 0.398384 0.940560
vt 0.380020 0.938516
vt 0.384927 0.882918
vt 0.391126 0.889906
vt 0.389871 0.938810
vt 0.404182 0.883385
vt 0.397639 0.890110
vt 0.397722 0.890399
vt 0.401545 0.992674
vt 0.403300 0.994565
vt 0.384070 0.994161
vt 0.385896 0.992329
vt 0.377604 0.983449
vt 0.375618 0.985128
vt 0.378131 0.938374
vt 0.410065 0.940136
vt 0.411817 0.985765
vt 0.383271 0.881185
vt 0.405911 0.881669
vt 0.390265 0.985170
vt 0.078491 0.926460
vt 0.080404 0.971237
vt 0.067208 0.972779
vt 0.068327 0.926894
vt 0.049805 0.926918
vt 0.055162 0.871032
vt 0.061287 0.878070
vt 0.059971 0.927469
vt 0.074166 0.871324
vt 0.067967 0.878146
vt 0.071995 0.980088
vt 0.073827 0.982000
vt 0.054088 0.981971
vt 0.055922 0.980074
vt 0.047622 0.971237
vt 0.045642 0.972900
vt 0.047922 0.926771
vt 0.080370 0.926338
vt 0.082389 0.972931
vt 0.053506 0.869292
vt 0.075838 0.869636
vt 0.060684 0.972830
vt 0.088949 0.925911
vt 0.086681 0.880778
vt 0.100017 0.879108
vt 0.099472 0.925369
vt 0.117512 0.925911
vt 0.113260 0.981504
vt 0.106718 0.974566
vt 0.106988 0.925369
vt 0.093200 0.981504
vt 0.099743 0.974566
vt 0.095210 0.871882
vt 0.093714 0.869953
vt 0.112747 0.869953
vt 0.111251 0.871882
vt 0.119780 0.880778
vt 0.121554 0.878849
vt 0.119198 0.925701
vt 0.087263 0.925701
vt 0.084906 0.878849
vt 0.114832 0.982747
vt 0.091629 0.982747
vt 0.106443 0.879108
vt 0.457888 0.936384
vt 0.455866 0.893183
vt 0.468261 0.891181
vt 0.467782 0.936042
vt 0.485876 0.937753
vt 0.480244 0.993194
vt 0.473969 0.986170
vt 0.475440 0.937251
vt 0.460653 0.992623
vt 0.467380 0.985890
vt 0.462699 0.884004
vt 0.460945 0.882228
vt 0.481264 0.881728
vt 0.479567 0.883691
vt 0.488387 0.892725
vt 0.490462 0.891041
vt 0.487819 0.937908
vt 0.455965 0.936480
vt 0.453870 0.891600
vt 0.481923 0.994935
vt 0.458865 0.994286
vt 0.475157 0.890953
vt 0.523127 0.943380
vt 0.526618 0.986967
vt 0.514372 0.989082
vt 0.513081 0.943837
vt 0.496403 0.943136
vt 0.500337 0.886163
vt 0.506869 0.893178
vt 0.506373 0.943322
vt 0.520104 0.886284
vt 0.513453 0.893178
vt 0.518587 0.995657
vt 0.520369 0.997421
vt 0.501834 0.997860
vt 0.503539 0.996011
vt 0.494977 0.987613
vt 0.493022 0.989313
vt 0.494475 0.943030
vt 0.525041 0.943255
vt 0.528635 0.988543
vt 0.498597 0.884426
vt 0.521876 0.884574
vt 0.507358 0.989114
vt 0.534773 0.932911
vt 0.532869 0.888137
vt 0.546059 0.886596
vt 0.543506 0.930960
vt 0.563463 0.932456
vt 0.558106 0.988337
vt 0.553163 0.982664
vt 0.554741 0.930399
vt 0.539097 0.988038
vt 0.544102 0.982542
vt 0.541276 0.879305
vt 0.539447 0.877393
vt 0.559164 0.877432
vt 0.557331 0.879327
vt 0.565629 0.888138
vt 0.567605 0.886473
vt 0.565348 0.932602
vt 0.532895 0.933032
vt 0.530884 0.886444
vt 0.559764 0.990076
vt 0.537424 0.989726
vt 0.552572 0.886548
vt 0.008393 0.927154
vt 0.006479 0.882369
vt 0.019677 0.880822
vt 0.018553 0.926720
vt 0.037083 0.926692
vt 0.031708 0.982594
vt 0.025587 0.975550
vt 0.026908 0.926139
vt 0.012718 0.982294
vt 0.018913 0.975472
vt 0.014886 0.873521
vt 0.013056 0.871615
vt 0.032799 0.871647
vt 0.030966 0.873538
vt 0.039267 0.882370
vt 0.041245 0.880705
vt 0.038970 0.926839
vt 0.006511 0.927275
vt 0.004494 0.880676
vt 0.033361 0.984334
vt 0.011048 0.983981
vt 0.026198 0.880771
vt 0.448485 0.937836
vt 0.450035 0.982214
vt 0.437649 0.983670
vt 0.438357 0.938107
vt 0.420844 0.937065
vt 0.425412 0.881186
vt 0.431669 0.888133
vt 0.430731 0.937614
vt 0.444554 0.881288
vt 0.438114 0.888215
vt 0.441516 0.990816
vt 0.443246 0.992724
vt 0.424092 0.992101
vt 0.425923 0.990306
vt 0.417845 0.981414
vt 0.415862 0.983046
vt 0.418959 0.936915
vt 0.450383 0.937731
vt 0.451965 0.983922
vt 0.423738 0.879467
vt 0.446265 0.879577
vt 0.430393 0.983309
vt 0.092018 0.083097
vt 0.092018 0.087413
vt 0.057907 0.087409
vt 0.057907 0.083097
vt 0.092020 0.117617
vt 0.092020 0.121930
vt 0.057897 0.121927
vt 0.057900 0.117614
vt 0.092020 0.126247
vt 0.057897 0.126244
vt 0.092020 0.130563
vt 0.057897 0.130561
vt 0.092020 0.134880
vt 0.057894 0.134877
vt 0.092020 0.139200
vt 0.057894 0.139194
vt 0.092020 0.143517
vt 0.057894 0.143510
vt 0.092018 0.074466
vt 0.092018 0.078783
vt 0.057907 0.078783
vt 0.057907 0.074469
vt 0.092018 0.091726
vt 0.057907 0.091723
vt 0.092018 0.096040
vt 0.057904 0.096040
vt 0.092018 0.100356
vt 0.057904 0.100353
vt 0.092018 0.104670
vt 0.057904 0.104667
vt 0.092020 0.108987
vt 0.057900 0.108984
vt 0.092020 0.113300
vt 0.057900 0.113297
vt 0.129101 0.019034
vt 0.124785 0.019034
vt 0.123937 0.014769
vt 0.129949 0.014769
vt 0.124785 0.040728
vt 0.129101 0.040728
vt 0.129949 0.044993
vt 0.123937 0.044993
vt 0.133087 0.039076
vt 0.135501 0.042690
vt 0.136136 0.036024
vt 0.139754 0.038441
vt 0.137788 0.032038
vt 0.142054 0.032886
vt 0.137788 0.027724
vt 0.142054 0.026876
vt 0.136136 0.023735
vt 0.139754 0.021321
vt 0.133087 0.020686
vt 0.135501 0.017072
vt 0.120799 0.020686
vt 0.118382 0.017072
vt 0.117747 0.023735
vt 0.114132 0.021321
vt 0.116095 0.027724
vt 0.111832 0.026876
vt 0.116095 0.032038
vt 0.111832 0.032886
vt 0.117747 0.036024
vt 0.114132 0.038441
vt 0.120799 0.039076
vt 0.118382 0.042690
vt 0.054229 0.027201
vt 0.055925 0.036155
vt 0.050044 0.036207
vt 0.049040 0.029435
vt 0.010780 0.043202
vt 0.009390 0.034260
vt 0.014997 0.034470
vt 0.016056 0.041229
vt 0.011599 0.025498
vt 0.016659 0.027788
vt 0.016870 0.018209
vt 0.020708 0.022195
vt 0.024486 0.013416
vt 0.026501 0.018522
vt 0.033439 0.012106
vt 0.033252 0.017666
vt 0.042158 0.014231
vt 0.039949 0.019366
vt 0.049482 0.019478
vt 0.045526 0.023494
vt 0.053736 0.045063
vt 0.048867 0.043011
vt 0.048384 0.052517
vt 0.044515 0.048466
vt 0.040573 0.057247
vt 0.038511 0.052061
vt 0.031548 0.058675
vt 0.031623 0.053099
vt 0.022707 0.056476
vt 0.024921 0.051351
vt 0.015423 0.050988
vt 0.019501 0.047132
vt 0.035605 0.035537
vt 0.035509 0.034318
vt 0.029387 0.034923
vt 0.029517 0.036156
vt 0.029752 0.033738
vt 0.030524 0.032780
vt 0.031606 0.032200
vt 0.032822 0.032093
vt 0.033989 0.032464
vt 0.034934 0.033240
vt 0.035211 0.036693
vt 0.034583 0.037743
vt 0.033482 0.038273
vt 0.032257 0.038377
vt 0.031074 0.038024
vt 0.030105 0.037248
vt 0.032492 0.035245
s 1
usemtl blinn7SG
f 15/1/1 18/2/2 5/3/3 7/4/3
f 1/5/4 2/6/4 4/7/4 3/8/4
f 9/9/5 11/10/5 22/11/6 19/12/7
f 18/13/8 22/14/8 11/10/9 5/15/9
f 19/16/10 15/17/10 7/18/11 9/9/11
f 8/19/12 6/20/12 2/6/13 1/5/13
f 3/8/14 4/7/14 12/21/15 10/22/16
f 6/20/9 12/21/9 4/7/9 2/6/9
f 10/22/11 9/9/11 7/18/11 8/19/11
f 5/3/3 6/20/12 8/19/12 7/4/3
f 9/9/5 10/22/16 12/21/15 11/10/5
f 10/22/11 8/19/11 1/5/11 3/8/11
f 6/20/9 5/15/9 11/10/9 12/21/9
f 21/23/17 24/24/18 16/25/19 14/26/20
f 14/26/20 13/27/21 20/28/21 21/23/17
f 13/27/21 15/17/10 19/16/10 20/28/21
f 15/1/1 13/29/22 17/30/22 18/2/2
f 13/29/22 14/31/20 16/32/19 17/30/22
f 18/13/8 17/33/23 23/34/23 22/14/8
f 17/33/23 16/35/19 24/36/18 23/34/23
f 21/37/17 20/38/24 23/39/24 24/40/18
f 20/38/24 19/12/7 22/11/6 23/39/24
f 39/1/25 42/2/25 29/3/26 31/4/27
f 25/5/28 26/6/28 28/7/28 27/8/28
f 33/9/29 35/10/30 46/11/31 43/12/31
f 42/13/32 46/14/32 35/10/33 29/15/33
f 43/16/34 39/17/34 31/18/35 33/9/35
f 32/19/36 30/20/36 26/6/37 25/5/37
f 27/8/38 28/7/38 36/21/39 34/22/39
f 30/20/33 36/21/33 28/7/33 26/6/33
f 34/22/35 33/9/35 31/18/35 32/19/35
f 29/3/26 30/20/36 32/19/36 31/4/27
f 33/9/29 34/22/39 36/21/39 35/10/30
f 34/22/35 32/19/35 25/5/35 27/8/35
f 30/20/33 29/15/33 35/10/33 36/21/33
f 45/23/40 48/24/41 40/25/42 38/26/43
f 38/26/43 37/27/44 44/28/44 45/23/40
f 37/27/44 39/17/34 43/16/34 44/28/44
f 39/1/25 37/29/45 41/30/45 42/2/25
f 37/29/45 38/31/43 40/32/42 41/30/45
f 42/13/32 41/33/46 47/34/46 46/14/32
f 41/33/46 40/35/42 48/36/41 47/34/46
f 45/37/40 44/38/47 47/39/47 48/40/41
f 44/38/47 43/12/31 46/11/31 47/39/47
f 63/1/48 66/2/49 53/3/50 55/4/50
f 49/5/51 50/6/51 52/7/51 51/8/51
f 57/9/52 59/10/52 70/11/53 67/12/53
f 66/13/54 70/14/54 59/10/55 53/15/55
f 67/16/56 63/17/56 55/18/57 57/9/57
f 56/19/58 54/20/59 50/6/60 49/5/60
f 51/8/61 52/7/61 60/21/62 58/22/63
f 54/20/64 60/21/64 52/7/64 50/6/64
f 58/22/65 57/9/57 55/18/57 56/19/65
f 53/3/50 54/20/59 56/19/58 55/4/50
f 57/9/52 58/22/63 60/21/62 59/10/52
f 58/22/65 56/19/65 49/5/65 51/8/65
f 54/20/64 53/15/55 59/10/55 60/21/64
f 69/23/66 72/24/67 64/25/68 62/26/69
f 62/26/69 61/27/70 68/28/70 69/23/66
f 61/27/70 63/17/56 67/16/56 68/28/70
f 63/1/48 61/29/71 65/30/71 66/2/49
f 61/29/71 62/31/69 64/32/68 65/30/71
f 66/13/54 65/33/72 71/34/72 70/14/54
f 65/33/72 64/35/68 72/36/67 71/34/72
f 69/37/66 68/38/73 71/39/73 72/40/67
f 68/38/73 67/12/53 70/11/53 71/39/73
f 87/1/74 90/2/74 77/3/75 79/4/75
f 73/5/76 74/6/76 76/7/76 75/8/76
f 81/9/77 83/10/77 94/11/78 91/12/78
f 90/13/79 94/14/79 83/10/80 77/15/80
f 91/16/81 87/17/81 79/18/82 81/9/82
f 80/19/83 78/20/83 74/6/84 73/5/84
f 75/8/85 76/7/85 84/21/86 82/22/86
f 78/20/80 84/21/80 76/7/80 74/6/80
f 82/22/82 81/9/82 79/18/82 80/19/82
f 77/3/75 78/20/83 80/19/83 79/4/75
f 81/9/77 82/22/86 84/21/86 83/10/77
f 82/22/82 80/19/82 73/5/82 75/8/82
f 78/20/80 77/15/80 83/10/80 84/21/80
f 93/23/87 96/24/88 88/25/89 86/26/90
f 86/26/90 85/27/91 92/28/91 93/23/87
f 85/27/91 87/17/81 91/16/81 92/28/91
f 87/1/74 85/29/92 89/30/92 90/2/74
f 85/29/92 86/31/90 88/32/89 89/30/92
f 90/13/79 89/33/93 95/34/93 94/14/79
f 89/33/93 88/35/89 96/36/88 95/34/93
f 93/37/87 92/38/94 95/39/94 96/40/88
f 92/38/94 91/12/78 94/11/78 95/39/94
f 97/41/95 98/42/96 106/43/96 105/44/95
f 98/42/96 99/45/97 107/46/97 106/43/96
f 99/47/97 100/48/65 108/49/65 107/50/97
f 100/48/65 101/51/98 109/52/98 108/49/65
f 101/51/98 102/53/99 110/54/99 109/52/98
f 102/53/99 103/55/100 111/56/100 110/54/99
f 103/55/100 104/57/64 112/58/64 111/56/100
f 104/57/64 97/41/95 105/44/95 112/58/64
f 98/59/101 97/60/102 113/61/102
f 99/62/102 98/59/101 113/61/102
f 100/63/102 99/62/102 113/61/102
f 101/64/102 100/63/102 113/61/102
f 102/65/101 101/64/102 113/61/102
f 103/66/102 102/65/101 113/61/102
f 104/67/102 103/66/102 113/61/102
f 97/60/102 104/67/102 113/61/102
f 105/68/103 106/69/51 114/70/51
f 106/69/51 107/71/104 114/70/51
f 107/71/104 108/72/105 114/70/51
f 108/72/105 109/73/106 114/70/51
f 109/73/106 110/74/105 114/70/51
f 110/74/105 111/75/103 114/70/51
f 111/75/103 112/76/51 114/70/51
f 112/76/51 105/68/103 114/70/51
f 115/77/95 116/78/96 124/79/96 123/80/95
f 116/78/96 117/81/97 125/82/97 124/79/96
f 117/83/97 118/84/65 126/85/65 125/86/97
f 118/84/65 119/87/98 127/88/98 126/85/65
f 119/87/98 120/89/99 128/90/99 127/88/98
f 120/89/99 121/91/100 129/92/100 128/90/99
f 121/91/100 122/93/64 130/94/64 129/92/100
f 122/93/64 115/77/95 123/80/95 130/94/64
f 116/95/101 115/96/102 131/97/102
f 117/98/102 116/95/101 131/97/102
f 118/99/102 117/98/102 131/97/102
f 119/100/102 118/99/102 131/97/102
f 120/101/101 119/100/102 131/97/102
f 121/102/102 120/101/101 131/97/102
f 122/103/102 121/102/102 131/97/102
f 115/96/102 122/103/102 131/97/102
f 123/104/103 124/105/51 132/106/51
f 124/105/51 125/107/104 132/106/51
f 125/107/104 126/108/105 132/106/51
f 126/108/105 127/109/106 132/106/51
f 127/109/106 128/110/105 132/106/51
f 128/110/105 129/111/103 132/106/51
f 129/111/103 130/112/51 132/106/51
f 130/112/51 123/104/103 132/106/51
f 133/113/95 134/114/96 142/115/107 141/116/108
f 134/114/96 135/117/97 143/118/109 142/115/107
f 135/117/97 136/119/65 144/120/110 143/118/109
f 136/119/65 137/121/98 145/122/111 144/120/110
f 137/123/98 138/124/99 146/125/112 145/126/111
f 138/124/99 139/127/100 147/128/113 146/125/112
f 139/127/100 140/129/64 148/130/114 147/128/113
f 140/129/64 133/113/95 141/116/108 148/130/114
f 134/131/101 133/132/102 149/133/102
f 135/134/102 134/131/101 149/133/102
f 136/135/102 135/134/102 149/133/102
f 137/136/102 136/135/102 149/133/102
f 138/137/101 137/136/102 149/133/102
f 139/138/102 138/137/101 149/133/102
f 140/139/102 139/138/102 149/133/102
f 133/132/102 140/139/102 149/133/102
f 150/140/95 151/141/96 159/142/115 158/143/116
f 151/141/96 152/144/97 160/145/117 159/142/115
f 152/146/97 153/147/65 161/148/118 160/149/117
f 153/147/65 154/150/98 162/151/119 161/148/118
f 154/150/98 155/152/99 163/153/120 162/151/119
f 155/152/99 156/154/100 164/155/121 163/153/120
f 156/154/100 157/156/64 165/157/122 164/155/121
f 157/156/64 150/140/95 158/143/116 165/157/122
f 151/158/101 150/159/102 166/160/102
f 152/161/102 151/158/101 166/160/102
f 153/162/102 152/161/102 166/160/102
f 154/163/102 153/162/102 166/160/102
f 155/164/101 154/163/102 166/160/102
f 156/165/102 155/164/101 166/160/102
f 157/166/102 156/165/102 166/160/102
f 150/159/102 157/166/102 166/160/102
f 207/167/123 208/168/124 162/151/119 163/153/120
f 208/168/124 209/169/125 161/148/118 162/151/119
f 209/169/125 210/170/126 160/149/117 161/148/118
f 210/171/126 211/172/127 159/142/115 160/145/117
f 211/172/127 212/173/128 158/143/116 159/142/115
f 212/173/128 213/174/129 165/157/122 158/143/116
f 213/174/129 214/175/130 164/155/121 165/157/122
f 214/175/130 207/167/123 163/153/120 164/155/121
f 142/115/107 143/118/109 168/176/131 167/177/132
f 143/118/109 144/120/110 169/178/133 168/176/131
f 144/120/110 145/122/111 170/179/134 169/178/133
f 145/126/111 146/125/112 171/180/135 170/181/134
f 146/125/112 147/128/113 172/182/136 171/180/135
f 147/128/113 148/130/114 173/183/137 172/182/136
f 148/130/114 141/116/108 174/184/138 173/183/137
f 141/116/108 142/115/107 167/177/132 174/184/138
f 167/177/132 168/176/131 176/185/139 175/186/140
f 168/176/131 169/178/133 177/187/141 176/185/139
f 169/178/133 170/179/134 178/188/142 177/187/141
f 170/181/134 171/180/135 179/189/143 178/190/142
f 171/180/135 172/182/136 180/191/144 179/189/143
f 172/182/136 173/183/137 181/192/145 180/191/144
f 173/183/137 174/184/138 182/193/146 181/192/145
f 174/184/138 167/177/132 175/186/140 182/193/146
f 175/186/140 176/185/139 184/194/147 183/195/148
f 176/185/139 177/187/141 185/196/149 184/194/147
f 177/187/141 178/188/142 186/197/150 185/196/149
f 178/190/142 179/189/143 187/198/151 186/199/150
f 179/189/143 180/191/144 188/200/152 187/198/151
f 180/191/144 181/192/145 189/201/153 188/200/152
f 181/192/145 182/193/146 190/202/154 189/201/153
f 182/193/146 175/186/140 183/195/148 190/202/154
f 183/195/148 184/194/147 192/203/155 191/204/156
f 184/194/147 185/196/149 193/205/157 192/203/155
f 185/196/149 186/197/150 194/206/158 193/205/157
f 186/199/150 187/198/151 195/207/159 194/208/158
f 187/198/151 188/200/152 196/209/160 195/207/159
f 188/200/152 189/201/153 197/210/161 196/209/160
f 189/201/153 190/202/154 198/211/162 197/210/161
f 190/202/154 183/195/148 191/204/156 198/211/162
f 191/204/156 192/203/155 200/212/163 199/213/164
f 192/203/155 193/205/157 201/214/165 200/212/163
f 193/205/157 194/206/158 202/215/166 201/214/165
f 194/208/158 195/207/159 203/216/167 202/217/166
f 195/207/159 196/209/160 204/218/168 203/216/167
f 196/209/160 197/210/161 205/219/169 204/218/168
f 197/210/161 198/211/162 206/220/170 205/219/169
f 198/211/162 191/204/156 199/213/164 206/220/170
f 199/213/164 200/212/163 208/168/124 207/167/123
f 200/212/163 201/214/165 209/169/125 208/168/124
f 201/214/165 202/215/166 210/170/126 209/169/125
f 202/217/166 203/216/167 211/172/127 210/171/126
f 203/216/167 204/218/168 212/173/128 211/172/127
f 204/218/168 205/219/169 213/174/129 212/173/128
f 205/219/169 206/220/170 214/175/130 213/174/129
f 206/220/170 199/213/164 207/167/123 214/175/130
f 215/41/171 216/42/96 224/43/96 223/44/171
f 216/42/96 217/45/172 225/46/172 224/43/96
f 217/47/172 218/48/82 226/49/82 225/50/172
f 218/48/82 219/51/173 227/52/173 226/49/82
f 219/51/173 220/53/99 228/54/99 227/52/173
f 220/53/99 221/55/174 229/56/174 228/54/99
f 221/55/174 222/57/80 230/58/80 229/56/174
f 222/57/80 215/41/171 223/44/171 230/58/80
f 216/59/175 215/60/175 231/61/175
f 217/62/175 216/59/175 231/61/175
f 218/63/175 217/62/175 231/61/175
f 219/64/175 218/63/175 231/61/175
f 220/65/175 219/64/175 231/61/175
f 221/66/175 220/65/175 231/61/175
f 222/67/175 221/66/175 231/61/175
f 215/60/175 222/67/175 231/61/175
f 223/68/76 224/69/76 232/70/76
f 224/69/76 225/71/76 232/70/76
f 225/71/76 226/72/76 232/70/76
f 226/72/76 227/73/76 232/70/76
f 227/73/76 228/74/76 232/70/76
f 228/74/76 229/75/76 232/70/76
f 229/75/76 230/76/76 232/70/76
f 230/76/76 223/68/76 232/70/76
f 233/77/171 234/78/96 242/79/96 241/80/171
f 234/78/96 235/81/172 243/82/172 242/79/96
f 235/83/172 236/84/82 244/85/82 243/86/172
f 236/84/82 237/87/173 245/88/173 244/85/82
f 237/87/173 238/89/99 246/90/99 245/88/173
f 238/89/99 239/91/174 247/92/174 246/90/99
f 239/91/174 240/93/80 248/94/80 247/92/174
f 240/93/80 233/77/171 241/80/171 248/94/80
f 234/95/175 233/96/175 249/97/175
f 235/98/175 234/95/175 249/97/175
f 236/99/175 235/98/175 249/97/175
f 237/100/175 236/99/175 249/97/175
f 238/101/175 237/100/175 249/97/175
f 239/102/175 238/101/175 249/97/175
f 240/103/175 239/102/175 249/97/175
f 233/96/175 240/103/175 249/97/175
f 241/104/76 242/105/76 250/106/76
f 242/105/76 243/107/76 250/106/76
f 243/107/76 244/108/76 250/106/76
f 244/108/76 245/109/76 250/106/76
f 245/109/76 246/110/76 250/106/76
f 246/110/76 247/111/76 250/106/76
f 247/111/76 248/112/76 250/106/76
f 248/112/76 241/104/76 250/106/76
f 251/113/171 252/114/96 260/115/176 259/116/177
f 252/114/96 253/117/172 261/118/178 260/115/176
f 253/117/172 254/119/82 262/120/179 261/118/178
f 254/119/82 255/121/173 263/122/180 262/120/179
f 255/123/173 256/124/99 264/125/181 263/126/180
f 256/124/99 257/127/174 265/128/182 264/125/181
f 257/127/174 258/129/80 266/130/183 265/128/182
f 258/129/80 251/113/171 259/116/177 266/130/183
f 252/131/175 251/132/175 267/133/175
f 253/134/175 252/131/175 267/133/175
f 254/135/175 253/134/175 267/133/175
f 255/136/175 254/135/175 267/133/175
f 256/137/175 255/136/175 267/133/175
f 257/138/175 256/137/175 267/133/175
f 258/139/175 257/138/175 267/133/175
f 251/132/175 258/139/175 267/133/175
f 268/140/171 269/141/96 277/142/184 276/143/185
f 269/141/96 270/144/172 278/145/186 277/142/184
f 270/146/172 271/147/82 279/148/187 278/149/186
f 271/147/82 272/150/173 280/151/188 279/148/187
f 272/150/173 273/152/99 281/153/189 280/151/188
f 273/152/99 274/154/174 282/155/190 281/153/189
f 274/154/174 275/156/80 283/157/191 282/155/190
f 275/156/80 268/140/171 276/143/185 283/157/191
f 269/158/175 268/159/175 284/160/175
f 270/161/175 269/158/175 284/160/175
f 271/162/175 270/161/175 284/160/175
f 272/163/175 271/162/175 284/160/175
f 273/164/175 272/163/175 284/160/175
f 274/165/175 273/164/175 284/160/175
f 275/166/175 274/165/175 284/160/175
f 268/159/175 275/166/175 284/160/175
f 325/167/192 326/168/193 280/151/188 281/153/189
f 326/168/193 327/169/194 279/148/187 280/151/188
f 327/169/194 328/170/195 278/149/186 279/148/187
f 328/171/195 329/172/196 277/142/184 278/145/186
f 329/172/196 330/173/197 276/143/185 277/142/184
f 330/173/197 331/174/198 283/157/191 276/143/185
f 331/174/198 332/175/199 282/155/190 283/157/191
f 332/175/199 325/167/192 281/153/189 282/155/190
f 260/115/176 261/118/178 286/176/200 285/177/201
f 261/118/178 262/120/179 287/178/202 286/176/200
f 262/120/179 263/122/180 288/179/203 287/178/202
f 263/126/180 264/125/181 289/180/204 288/181/203
f 264/125/181 265/128/182 290/182/205 289/180/204
f 265/128/182 266/130/183 291/183/206 290/182/205
f 266/130/183 259/116/177 292/184/207 291/183/206
f 259/116/177 260/115/176 285/177/201 292/184/207
f 285/177/201 286/176/200 294/185/208 293/186/209
f 286/176/200 287/178/202 295/187/210 294/185/208
f 287/178/202 288/179/203 296/188/211 295/187/210
f 288/181/203 289/180/204 297/189/212 296/190/211
f 289/180/204 290/182/205 298/191/213 297/189/212
f 290/182/205 291/183/206 299/192/214 298/191/213
f 291/183/206 292/184/207 300/193/215 299/192/214
f 292/184/207 285/177/201 293/186/209 300/193/215
f 293/186/209 294/185/208 302/194/216 301/195/217
f 294/185/208 295/187/210 303/196/218 302/194/216
f 295/187/210 296/188/211 304/197/219 303/196/218
f 296/190/211 297/189/212 305/198/220 304/199/219
f 297/189/212 298/191/213 306/200/221 305/198/220
f 298/191/213 299/192/214 307/201/222 306/200/221
f 299/192/214 300/193/215 308/202/223 307/201/222
f 300/193/215 293/186/209 301/195/217 308/202/223
f 301/195/217 302/194/216 310/203/224 309/204/225
f 302/194/216 303/196/218 311/205/226 310/203/224
f 303/196/218 304/197/219 312/206/227 311/205/226
f 304/199/219 305/198/220 313/207/228 312/208/227
f 305/198/220 306/200/221 314/209/229 313/207/228
f 306/200/221 307/201/222 315/210/230 314/209/229
f 307/201/222 308/202/223 316/211/231 315/210/230
f 308/202/223 301/195/217 309/204/225 316/211/231
f 309/204/225 310/203/224 318/212/232 317/213/233
f 310/203/224 311/205/226 319/214/234 318/212/232
f 311/205/226 312/206/227 320/215/235 319/214/234
f 312/208/227 313/207/228 321/216/236 320/217/235
f 313/207/228 314/209/229 322/218/237 321/216/236
f 314/209/229 315/210/230 323/219/238 322/218/237
f 315/210/230 316/211/231 324/220/239 323/219/238
f 316/211/231 309/204/225 317/213/233 324/220/239
f 317/213/233 318/212/232 326/168/193 325/167/192
f 318/212/232 319/214/234 327/169/194 326/168/193
f 319/214/234 320/215/235 328/170/195 327/169/194
f 320/217/235 321/216/236 329/172/196 328/171/195
f 321/216/236 322/218/237 330/173/197 329/172/196
f 322/218/237 323/219/238 331/174/198 330/173/197
f 323/219/238 324/220/239 332/175/199 331/174/198
f 324/220/239 317/213/233 325/167/192 332/175/199
f 333/41/240 334/42/96 342/43/96 341/44/240
f 334/42/96 335/45/241 343/46/241 342/43/96
f 335/47/241 336/48/35 344/49/35 343/50/241
f 336/48/35 337/51/242 345/52/242 344/49/35
f 337/51/242 338/53/99 346/54/99 345/52/242
f 338/53/99 339/55/243 347/56/243 346/54/99
f 339/55/243 340/57/33 348/58/33 347/56/243
f 340/57/33 333/41/240 341/44/240 348/58/33
f 334/59/244 333/60/245 349/61/244
f 335/62/246 334/59/244 349/61/244
f 336/63/246 335/62/246 349/61/244
f 337/64/246 336/63/246 349/61/244
f 338/65/244 337/64/246 349/61/244
f 339/66/245 338/65/244 349/61/244
f 340/67/245 339/66/245 349/61/244
f 333/60/245 340/67/245 349/61/244
f 341/68/247 342/69/28 350/70/28
f 342/69/28 343/71/248 350/70/28
f 343/71/248 344/72/28 350/70/28
f 344/72/28 345/73/247 350/70/28
f 345/73/247 346/74/28 350/70/28
f 346/74/28 347/75/28 350/70/28
f 347/75/28 348/76/28 350/70/28
f 348/76/28 341/68/247 350/70/28
f 351/77/240 352/78/96 360/79/96 359/80/240
f 352/78/96 353/81/241 361/82/241 360/79/96
f 353/83/241 354/84/35 362/85/35 361/86/241
f 354/84/35 355/87/242 363/88/242 362/85/35
f 355/87/242 356/89/99 364/90/99 363/88/242
f 356/89/99 357/91/243 365/92/243 364/90/99
f 357/91/243 358/93/33 366/94/33 365/92/243
f 358/93/33 351/77/240 359/80/240 366/94/33
f 352/95/244 351/96/245 367/97/244
f 353/98/246 352/95/244 367/97/244
f 354/99/246 353/98/246 367/97/244
f 355/100/246 354/99/246 367/97/244
f 356/101/244 355/100/246 367/97/244
f 357/102/245 356/101/244 367/97/244
f 358/103/245 357/102/245 367/97/244
f 351/96/245 358/103/245 367/97/244
f 359/104/247 360/105/28 368/106/28
f 360/105/28 361/107/248 368/106/28
f 361/107/248 362/108/28 368/106/28
f 362/108/28 363/109/247 368/106/28
f 363/109/247 364/110/28 368/106/28
f 364/110/28 365/111/28 368/106/28
f 365/111/28 366/112/28 368/106/28
f 366/112/28 359/104/247 368/106/28
f 369/113/240 370/114/96 378/115/249 377/116/250
f 370/114/96 371/117/241 379/118/251 378/115/249
f 371/117/241 372/119/35 380/120/252 379/118/251
f 372/119/35 373/121/242 381/122/253 380/120/252
f 373/123/242 374/124/99 382/125/254 381/126/253
f 374/124/99 375/127/243 383/128/255 382/125/254
f 375/127/243 376/129/33 384/130/256 383/128/255
f 376/129/33 369/113/240 377/116/250 384/130/256
f 370/131/244 369/132/245 385/133/244
f 371/134/246 370/131/244 385/133/244
f 372/135/246 371/134/246 385/133/244
f 373/136/246 372/135/246 385/133/244
f 374/137/244 373/136/246 385/133/244
f 375/138/245 374/137/244 385/133/244
f 376/139/245 375/138/245 385/133/244
f 369/132/245 376/139/245 385/133/244
f 386/140/240 387/141/96 395/142/257 394/143/258
f 387/141/96 388/144/241 396/145/259 395/142/257
f 388/146/241 389/147/35 397/148/260 396/149/259
f 389/147/35 390/150/242 398/151/261 397/148/260
f 390/150/242 391/152/99 399/153/262 398/151/261
f 391/152/99 392/154/243 400/155/263 399/153/262
f 392/154/243 393/156/33 401/157/264 400/155/263
f 393/156/33 386/140/240 394/143/258 401/157/264
f 387/158/244 386/159/245 402/160/244
f 388/161/246 387/158/244 402/160/244
f 389/162/246 388/161/246 402/160/244
f 390/163/246 389/162/246 402/160/244
f 391/164/244 390/163/246 402/160/244
f 392/165/245 391/164/244 402/160/244
f 393/166/245 392/165/245 402/160/244
f 386/159/245 393/166/245 402/160/244
f 443/167/265 444/168/266 398/151/261 399/153/262
f 444/168/266 445/169/267 397/148/260 398/151/261
f 445/169/267 446/170/268 396/149/259 397/148/260
f 446/171/268 447/172/269 395/142/257 396/145/259
f 447/172/269 448/173/270 394/143/258 395/142/257
f 448/173/270 449/174/271 401/157/264 394/143/258
f 449/174/271 450/175/272 400/155/263 401/157/264
f 450/175/272 443/167/265 399/153/262 400/155/263
f 378/115/249 379/118/251 404/176/273 403/177/274
f 379/118/251 380/120/252 405/178/275 404/176/273
f 380/120/252 381/122/253 406/179/276 405/178/275
f 381/126/253 382/125/254 407/180/277 406/181/276
f 382/125/254 383/128/255 408/182/278 407/180/277
f 383/128/255 384/130/256 409/183/279 408/182/278
f 384/130/256 377/116/250 410/184/280 409/183/279
f 377/116/250 378/115/249 403/177/274 410/184/280
f 403/177/274 404/176/273 412/185/281 411/186/282
f 404/176/273 405/178/275 413/187/283 412/185/281
f 405/178/275 406/179/276 414/188/284 413/187/283
f 406/181/276 407/180/277 415/189/285 414/190/284
f 407/180/277 408/182/278 416/191/286 415/189/285
f 408/182/278 409/183/279 417/192/287 416/191/286
f 409/183/279 410/184/280 418/193/288 417/192/287
f 410/184/280 403/177/274 411/186/282 418/193/288
f 411/186/282 412/185/281 420/194/289 419/195/290
f 412/185/281 413/187/283 421/196/291 420/194/289
f 413/187/283 414/188/284 422/197/292 421/196/291
f 414/190/284 415/189/285 423/198/293 422/199/292
f 415/189/285 416/191/286 424/200/294 423/198/293
f 416/191/286 417/192/287 425/201/295 424/200/294
f 417/192/287 418/193/288 426/202/296 425/201/295
f 418/193/288 411/186/282 419/195/290 426/202/296
f 419/195/290 420/194/289 428/203/297 427/204/298
f 420/194/289 421/196/291 429/205/299 428/203/297
f 421/196/291 422/197/292 430/206/300 429/205/299
f 422/199/292 423/198/293 431/207/301 430/208/300
f 423/198/293 424/200/294 432/209/302 431/207/301
f 424/200/294 425/201/295 433/210/303 432/209/302
f 425/201/295 426/202/296 434/211/304 433/210/303
f 426/202/296 419/195/290 427/204/298 434/211/304
f 427/204/298 428/203/297 436/212/305 435/213/306
f 428/203/297 429/205/299 437/214/307 436/212/305
f 429/205/299 430/206/300 438/215/308 437/214/307
f 430/208/300 431/207/301 439/216/309 438/217/308
f 431/207/301 432/209/302 440/218/310 439/216/309
f 432/209/302 433/210/303 441/219/311 440/218/310
f 433/210/303 434/211/304 442/220/312 441/219/311
f 434/211/304 427/204/298 435/213/306 442/220/312
f 435/213/306 436/212/305 444/168/266 443/167/265
f 436/212/305 437/214/307 445/169/267 444/168/266
f 437/214/307 438/215/308 446/170/268 445/169/267
f 438/217/308 439/216/309 447/172/269 446/171/268
f 439/216/309 440/218/310 448/173/270 447/172/269
f 440/218/310 441/219/311 449/174/271 448/173/270
f 441/219/311 442/220/312 450/175/272 449/174/271
f 442/220/312 435/213/306 443/167/265 450/175/272
f 451/41/313 452/42/96 460/43/96 459/44/313
f 452/42/96 453/45/314 461/46/314 460/43/96
f 453/47/314 454/48/11 462/49/11 461/50/314
f 454/48/11 455/51/315 463/52/315 462/49/11
f 455/51/315 456/53/99 464/54/99 463/52/315
f 456/53/99 457/55/316 465/56/316 464/54/99
f 457/55/316 458/57/9 466/58/9 465/56/316
f 458/57/9 451/41/313 459/44/313 466/58/9
f 452/59/317 451/60/317 467/61/317
f 453/62/317 452/59/317 467/61/317
f 454/63/318 453/62/317 467/61/317
f 455/64/317 454/63/318 467/61/317
f 456/65/317 455/64/317 467/61/317
f 457/66/317 456/65/317 467/61/317
f 458/67/317 457/66/317 467/61/317
f 451/60/317 458/67/317 467/61/317
f 459/68/4 460/69/4 468/70/4
f 460/69/4 461/71/4 468/70/4
f 461/71/4 462/72/319 468/70/4
f 462/72/319 463/73/4 468/70/4
f 463/73/4 464/74/4 468/70/4
f 464/74/4 465/75/4 468/70/4
f 465/75/4 466/76/4 468/70/4
f 466/76/4 459/68/4 468/70/4
f 469/77/313 470/78/96 478/79/96 477/80/313
f 470/78/96 471/81/314 479/82/314 478/79/96
f 471/83/314 472/84/11 480/85/11 479/86/314
f 472/84/11 473/87/315 481/88/315 480/85/11
f 473/87/315 474/89/99 482/90/99 481/88/315
f 474/89/99 475/91/316 483/92/316 482/90/99
f 475/91/316 476/93/9 484/94/9 483/92/316
f 476/93/9 469/77/313 477/80/313 484/94/9
f 470/95/317 469/96/317 485/97/317
f 471/98/317 470/95/317 485/97/317
f 472/99/318 471/98/317 485/97/317
f 473/100/317 472/99/318 485/97/317
f 474/101/317 473/100/317 485/97/317
f 475/102/317 474/101/317 485/97/317
f 476/103/317 475/102/317 485/97/317
f 469/96/317 476/103/317 485/97/317
f 477/104/4 478/105/4 486/106/4
f 478/105/4 479/107/4 486/106/4
f 479/107/4 480/108/319 486/106/4
f 480/108/319 481/109/4 486/106/4
f 481/109/4 482/110/4 486/106/4
f 482/110/4 483/111/4 486/106/4
f 483/111/4 484/112/4 486/106/4
f 484/112/4 477/104/4 486/106/4
f 487/113/313 488/114/96 496/115/320 495/116/321
f 488/114/96 489/117/314 497/118/322 496/115/320
f 489/117/314 490/119/11 498/120/323 497/118/322
f 490/119/11 491/121/315 499/122/324 498/120/323
f 491/123/315 492/124/99 500/125/325 499/126/324
f 492/124/99 493/127/316 501/128/326 500/125/325
f 493/127/316 494/129/9 502/130/327 501/128/326
f 494/129/9 487/113/313 495/116/321 502/130/327
f 488/131/317 487/132/317 503/133/317
f 489/134/317 488/131/317 503/133/317
f 490/135/318 489/134/317 503/133/317
f 491/136/317 490/135/318 503/133/317
f 492/137/317 491/136/317 503/133/317
f 493/138/317 492/137/317 503/133/317
f 494/139/317 493/138/317 503/133/317
f 487/132/317 494/139/317 503/133/317
f 504/140/313 505/141/96 513/142/328 512/143/329
f 505/141/96 506/144/314 514/145/330 513/142/328
f 506/146/314 507/147/11 515/148/331 514/149/330
f 507/147/11 508/150/315 516/151/332 515/148/331
f 508/150/315 509/152/99 517/153/333 516/151/332
f 509/152/99 510/154/316 518/155/334 517/153/333
f 510/154/316 511/156/9 519/157/335 518/155/334
f 511/156/9 504/140/313 512/143/329 519/157/335
f 505/158/317 504/159/317 520/160/317
f 506/161/317 505/158/317 520/160/317
f 507/162/318 506/161/317 520/160/317
f 508/163/317 507/162/318 520/160/317
f 509/164/317 508/163/317 520/160/317
f 510/165/317 509/164/317 520/160/317
f 511/166/317 510/165/317 520/160/317
f 504/159/317 511/166/317 520/160/317
f 561/167/336 562/168/337 516/151/332 517/153/333
f 562/168/337 563/169/338 515/148/331 516/151/332
f 563/169/338 564/170/339 514/149/330 515/148/331
f 564/171/339 565/172/340 513/142/328 514/145/330
f 565/172/340 566/173/341 512/143/329 513/142/328
f 566/173/341 567/174/342 519/157/335 512/143/329
f 567/174/342 568/175/343 518/155/334 519/157/335
f 568/175/343 561/167/336 517/153/333 518/155/334
f 496/115/320 497/118/322 522/176/344 521/177/345
f 497/118/322 498/120/323 523/178/346 522/176/344
f 498/120/323 499/122/324 524/179/347 523/178/346
f 499/126/324 500/125/325 525/180/348 524/181/347
f 500/125/325 501/128/326 526/182/349 525/180/348
f 501/128/326 502/130/327 527/183/350 526/182/349
f 502/130/327 495/116/321 528/184/351 527/183/350
f 495/116/321 496/115/320 521/177/345 528/184/351
f 521/177/345 522/176/344 530/185/352 529/186/353
f 522/176/344 523/178/346 531/187/354 530/185/352
f 523/178/346 524/179/347 532/188/355 531/187/354
f 524/181/347 525/180/348 533/189/356 532/190/355
f 525/180/348 526/182/349 534/191/357 533/189/356
f 526/182/349 527/183/350 535/192/358 534/191/357
f 527/183/350 528/184/351 536/193/359 535/192/358
f 528/184/351 521/177/345 529/186/353 536/193/359
f 529/186/353 530/185/352 538/194/360 537/195/361
f 530/185/352 531/187/354 539/196/362 538/194/360
f 531/187/354 532/188/355 540/197/363 539/196/362
f 532/190/355 533/189/356 541/198/364 540/199/363
f 533/189/356 534/191/357 542/200/365 541/198/364
f 534/191/357 535/192/358 543/201/366 542/200/365
f 535/192/358 536/193/359 544/202/367 543/201/366
f 536/193/359 529/186/353 537/195/361 544/202/367
f 537/195/361 538/194/360 546/203/368 545/204/369
f 538/194/360 539/196/362 547/205/370 546/203/368
f 539/196/362 540/197/363 548/206/371 547/205/370
f 540/199/363 541/198/364 549/207/372 548/208/371
f 541/198/364 542/200/365 550/209/373 549/207/372
f 542/200/365 543/201/366 551/210/374 550/209/373
f 543/201/366 544/202/367 552/211/375 551/210/374
f 544/202/367 537/195/361 545/204/369 552/211/375
f 545/204/369 546/203/368 554/212/376 553/213/377
f 546/203/368 547/205/370 555/214/378 554/212/376
f 547/205/370 548/206/371 556/215/379 555/214/378
f 548/208/371 549/207/372 557/216/380 556/217/379
f 549/207/372 550/209/373 558/218/381 557/216/380
f 550/209/373 551/210/374 559/219/382 558/218/381
f 551/210/374 552/211/375 560/220/383 559/219/382
f 552/211/375 545/204/369 553/213/377 560/220/383
f 553/213/377 554/212/376 562/168/337 561/167/336
f 554/212/376 555/214/378 563/169/338 562/168/337
f 555/214/378 556/215/379 564/170/339 563/169/338
f 556/217/379 557/216/380 565/172/340 564/171/339
f 557/216/380 558/218/381 566/173/341 565/172/340
f 558/218/381 559/219/382 567/174/342 566/173/341
f 559/219/382 560/220/383 568/175/343 567/174/342
f 560/220/383 553/213/377 561/167/336 568/175/343
f 569/221/384 576/222/384 575/223/384 571/224/384
f 571/224/385 575/223/385 608/225/386 580/226/387
f 581/227/388 599/228/388 576/229/388 569/230/388
f 570/231/389 589/232/390 587/233/391 572/234/389
f 580/226/392 581/235/393 569/236/394 571/224/394
f 573/237/395 572/234/395 587/233/396 603/238/397
f 574/239/388 596/240/388 589/241/388 570/242/388
f 573/237/384 574/243/384 570/244/384 572/234/384
f 584/245/398 579/246/399 588/247/400 592/248/401
f 579/246/402 607/249/403 604/250/404 588/247/405
f 592/248/406 595/251/406 600/252/407 584/245/388
f 573/253/394 603/254/408 596/240/409 574/239/394
f 595/255/410 604/250/411 607/249/412 600/256/413
f 599/228/414 608/257/415 575/258/389 576/229/389
f 579/246/402 578/259/416 606/260/417 607/249/403
f 578/259/416 577/261/418 605/262/419 606/260/417
f 577/261/418 580/226/387 608/225/386 605/262/419
f 580/263/392 577/261/420 582/264/421 581/265/393
f 577/261/420 578/259/422 583/266/423 582/264/421
f 578/259/422 579/246/399 584/245/398 583/266/423
f 581/227/388 582/264/407 598/267/407 599/228/388
f 582/264/407 583/266/407 597/268/407 598/267/407
f 583/266/407 584/245/388 600/252/407 597/268/407
f 587/233/396 586/269/424 602/270/425 603/238/397
f 586/269/424 585/271/426 601/272/427 602/270/425
f 585/271/426 588/247/405 604/250/404 601/272/427
f 588/247/400 585/271/428 591/273/429 592/248/401
f 585/271/428 586/269/430 590/274/431 591/273/429
f 586/269/430 587/275/391 589/276/390 590/274/431
f 592/248/406 591/273/407 594/277/407 595/251/406
f 591/273/407 590/274/407 593/278/407 594/277/407
f 590/274/407 589/241/388 596/240/388 593/278/407
f 595/255/410 594/279/432 601/272/433 604/250/411
f 594/279/432 593/280/434 602/270/435 601/272/433
f 593/278/434 596/240/409 603/254/408 602/281/435
f 599/228/414 598/267/436 605/282/437 608/257/415
f 598/283/436 597/284/438 606/260/439 605/262/437
f 597/284/438 600/256/413 607/249/412 606/260/439
f 616/285/440 612/286/440 619/287/441 622/288/441
f 627/289/442 632/290/442 639/291/443 636/292/443
f 635/293/444 640/294/444 621/295/445 620/296/445
f 631/297/446 628/298/446 611/299/447 613/300/447
f 611/299/447 610/301/448 614/302/448 613/300/447
f 610/301/448 609/303/449 615/304/449 614/302/448
f 609/303/449 612/286/440 616/285/440 615/304/449
f 619/287/441 618/305/450 623/306/450 622/288/441
f 618/305/450 617/307/451 624/308/451 623/306/450
f 617/307/451 620/296/445 621/295/445 624/308/451
f 627/289/442 626/309/452 629/310/452 632/290/442
f 626/309/452 625/311/453 630/312/453 629/310/452
f 625/311/453 628/298/446 631/297/446 630/312/453
f 635/293/444 634/313/454 637/314/454 640/294/444
f 634/313/454 633/315/455 638/316/455 637/314/454
f 633/315/455 636/317/443 639/318/443 638/316/455
f 621/319/96 613/320/96 614/321/96 624/322/96
f 611/323/99 620/324/99 617/325/99 610/326/99
f 637/327/96 630/328/96 631/329/96 640/330/96
f 623/331/96 615/332/96 616/285/96 622/288/96
f 624/322/96 614/321/96 615/332/96 623/331/96
f 635/333/99 620/324/99 611/323/99 628/334/99
f 610/326/99 617/325/99 618/335/99 609/336/99
f 609/336/99 618/335/99 619/287/99 612/286/99
f 634/337/99 625/338/99 626/339/99 633/340/99
f 635/333/99 628/334/99 625/338/99 634/337/99
f 633/340/99 626/339/99 627/341/99 636/342/99
f 640/330/96 631/329/96 613/320/96 621/319/96
f 639/343/96 632/344/96 629/345/96 638/346/96
f 638/346/96 629/345/96 630/328/96 637/327/96
f 641/347/456 648/348/456 647/349/456 643/350/456
f 643/350/457 647/349/457 680/351/458 652/352/459
f 653/353/388 671/354/388 648/355/388 641/356/388
f 642/357/394 661/358/460 659/359/461 644/360/394
f 652/352/462 653/361/463 641/362/389 643/350/389
f 645/363/464 644/360/464 659/359/465 675/364/466
f 646/365/388 668/366/388 661/367/388 642/368/388
f 645/363/456 646/369/456 642/370/456 644/360/456
f 656/371/467 651/372/468 660/373/469 664/374/470
f 651/372/471 679/375/472 676/376/473 660/373/474
f 664/374/388 667/377/407 672/378/475 656/371/407
f 645/379/389 675/380/476 668/366/477 646/365/389
f 667/381/478 676/376/479 679/375/480 672/382/481
f 671/354/482 680/383/483 647/384/394 648/355/394
f 651/372/471 650/385/484 678/386/485 679/375/472
f 650/385/484 649/387/486 677/388/487 678/386/485
f 649/387/486 652/352/459 680/351/458 677/388/487
f 652/389/462 649/387/488 654/390/489 653/391/463
f 649/387/488 650/385/490 655/392/491 654/390/489
f 650/385/490 651/372/468 656/371/467 655/392/491
f 653/353/388 654/390/407 670/393/407 671/354/388
f 654/390/407 655/392/407 669/394/407 670/393/407
f 655/392/407 656/371/407 672/378/475 669/394/407
f 659/359/465 658/395/492 674/396/493 675/364/466
f 658/395/492 657/397/494 673/398/495 674/396/493
f 657/397/494 660/373/474 676/376/473 673/398/495
f 660/373/469 657/397/496 663/399/497 664/374/470
f 657/397/496 658/395/498 662/400/499 663/399/497
f 658/395/498 659/401/461 661/402/460 662/400/499
f 664/374/388 663/399/407 666/403/407 667/377/407
f 663/399/407 662/400/407 665/404/407 666/403/407
f 662/400/407 661/367/388 668/366/388 665/404/407
f 667/381/478 666/405/500 673/398/501 676/376/479
f 666/405/500 665/406/502 674/396/503 673/398/501
f 665/404/502 668/366/477 675/380/476 674/407/503
f 671/354/482 670/393/504 677/408/505 680/383/483
f 670/409/504 669/410/506 678/386/507 677/388/505
f 669/410/506 672/382/481 679/375/480 678/386/507
f 681/411/508 688/412/508 687/413/508 683/414/508
f 683/414/509 687/413/509 720/415/510 692/416/511
f 693/417/512 711/418/513 688/419/514 681/420/514
f 682/421/515 701/422/516 699/423/517 684/424/515
f 692/416/518 693/425/519 681/426/520 683/414/520
f 685/427/521 684/424/521 699/423/522 715/428/523
f 686/429/524 708/430/525 701/431/526 682/432/524
f 685/427/527 686/433/527 682/434/527 684/424/527
f 696/435/528 691/436/529 700/437/530 704/438/531
f 691/436/532 719/439/533 716/440/534 700/437/535
f 704/438/536 707/441/537 712/442/537 696/435/537
f 685/443/520 715/444/538 708/430/539 686/429/520
f 707/445/540 716/440/541 719/439/542 712/446/543
f 711/418/544 720/447/545 687/448/515 688/419/515
f 691/436/532 690/449/546 718/450/547 719/439/533
f 690/449/546 689/451/548 717/452/549 718/450/547
f 689/451/548 692/416/511 720/415/510 717/452/549
f 692/453/518 689/451/550 694/454/551 693/455/519
f 689/451/550 690/449/552 695/456/553 694/454/551
f 690/449/552 691/436/529 696/435/528 695/456/553
f 693/417/512 694/454/536 710/457/536 711/418/513
f 694/454/536 695/456/536 709/458/537 710/457/536
f 695/456/536 696/435/537 712/442/537 709/458/537
f 699/423/522 698/459/554 714/460/555 715/428/523
f 698/459/554 697/461/556 713/462/557 714/460/555
f 697/461/556 700/437/535 716/440/534 713/462/557
f 700/437/530 697/461/558 703/463/559 704/438/531
f 697/461/558 698/459/560 702/464/561 703/463/559
f 698/459/560 699/465/517 701/466/516 702/464/561
f 704/438/536 703/463/537 706/467/537 707/441/537
f 703/463/537 702/464/537 705/468/537 706/467/537
f 702/464/537 701/431/526 708/430/525 705/468/537
f 707/445/540 706/469/562 713/462/563 716/440/541
f 706/469/562 705/470/564 714/460/565 713/462/563
f 705/468/564 708/430/539 715/444/538 714/471/565
f 711/418/544 710/457/566 717/472/567 720/447/545
f 710/473/566 709/474/568 718/450/569 717/452/567
f 709/474/568 712/446/543 719/439/542 718/450/569
f 721/475/570 728/476/570 727/477/570 723/478/570
f 723/478/571 727/477/571 760/479/572 732/480/573
f 733/481/574 751/482/575 728/483/576 721/484/576
f 722/485/520 741/486/577 739/487/578 724/488/520
f 732/480/579 733/489/580 721/490/515 723/478/515
f 725/491/581 724/488/581 739/487/582 755/492/583
f 726/493/584 748/494/585 741/495/586 722/496/584
f 725/491/570 726/497/570 722/498/570 724/488/570
f 736/499/587 731/500/588 740/501/589 744/502/590
f 731/500/591 759/503/592 756/504/593 740/501/594
f 744/502/537 747/505/537 752/506/537 736/499/536
f 725/507/515 755/508/595 748/494/596 726/493/515
f 747/509/597 756/504/598 759/503/599 752/510/600
f 751/482/601 760/511/602 727/512/520 728/483/520
f 731/500/591 730/513/603 758/514/604 759/503/592
f 730/513/603 729/515/605 757/516/606 758/514/604
f 729/515/605 732/480/573 760/479/572 757/516/606
f 732/517/579 729/515/607 734/518/608 733/519/580
f 729/515/607 730/513/609 735/520/610 734/518/608
f 730/513/609 731/500/588 736/499/587 735/520/610
f 733/481/574 734/518/537 750/521/537 751/482/575
f 734/518/537 735/520/537 749/522/537 750/521/537
f 735/520/537 736/499/536 752/506/537 749/522/537
f 739/487/582 738/523/611 754/524/612 755/492/583
f 738/523/611 737/525/613 753/526/614 754/524/612
f 737/525/613 740/501/594 756/504/593 753/526/614
f 740/501/589 737/525/615 743/527/616 744/502/590
f 737/525/615 738/523/617 742/528/618 743/527/616
f 738/523/617 739/529/578 741/530/577 742/528/618
f 744/502/537 743/527/537 746/531/537 747/505/537
f 743/527/537 742/528/536 745/532/537 746/531/537
f 742/528/536 741/495/586 748/494/585 745/532/537
f 747/509/597 746/533/619 753/526/620 756/504/598
f 746/533/619 745/534/621 754/524/622 753/526/620
f 745/532/621 748/494/596 755/508/595 754/535/622
f 751/482/601 750/521/623 757/536/624 760/511/602
f 750/537/623 749/538/625 758/514/626 757/516/624
f 749/538/625 752/510/600 759/503/599 758/514/626
f 761/221/627 768/222/627 767/223/627 763/224/627
f 763/224/628 767/223/628 800/225/629 772/226/630
f 773/227/631 791/228/631 768/229/631 761/230/631
f 762/231/632 781/232/633 779/233/634 764/234/632
f 772/226/635 773/235/636 761/236/637 763/224/637
f 765/237/638 764/234/638 779/233/639 795/238/640
f 766/239/641 788/240/641 781/241/641 762/242/641
f 765/237/627 766/243/627 762/244/627 764/234/627
f 776/245/642 771/246/643 780/247/644 784/248/645
f 771/246/646 799/249/647 796/250/648 780/247/649
f 784/248/650 787/251/650 792/252/650 776/245/631
f 765/253/637 795/254/651 788/240/652 766/239/637
f 787/255/653 796/250/654 799/249/655 792/256/656
f 791/228/657 800/257/658 767/258/632 768/229/632
f 771/246/646 770/259/659 798/260/660 799/249/647
f 770/259/659 769/261/661 797/262/662 798/260/660
f 769/261/661 772/226/630 800/225/629 797/262/662
f 772/263/635 769/261/663 774/264/664 773/265/636
f 769/261/663 770/259/665 775/266/666 774/264/664
f 770/259/665 771/246/643 776/245/642 775/266/666
f 773/227/631 774/264/631 790/267/631 791/228/631
f 774/264/631 775/266/631 789/268/631 790/267/631
f 775/266/631 776/245/631 792/252/650 789/268/631
f 779/233/639 778/269/667 794/270/668 795/238/640
f 778/269/667 777/271/669 793/272/670 794/270/668
f 777/271/669 780/247/649 796/250/648 793/272/670
f 780/247/644 777/271/671 783/273/672 784/248/645
f 777/271/671 778/269/673 782/274/674 783/273/672
f 778/269/673 779/275/634 781/276/633 782/274/674
f 784/248/650 783/273/631 786/277/631 787/251/650
f 783/273/631 782/274/631 785/278/631 786/277/631
f 782/274/631 781/241/641 788/240/641 785/278/631
f 787/255/653 786/279/675 793/272/676 796/250/654
f 786/279/675 785/280/677 794/270/678 793/272/676
f 785/278/677 788/240/652 795/254/651 794/281/678
f 791/228/657 790/267/679 797/282/680 800/257/658
f 790/283/679 789/284/681 798/260/682 797/262/680
f 789/284/681 792/256/656 799/249/655 798/260/682
f 808/285/683 804/286/683 811/287/684 814/288/684
f 819/289/685 824/290/685 831/291/686 828/292/686
f 827/293/687 832/294/687 813/295/688 812/296/688
f 823/297/689 820/298/689 803/299/690 805/300/690
f 803/299/690 802/301/691 806/302/691 805/300/690
f 802/301/691 801/303/692 807/304/692 806/302/691
f 801/303/692 804/286/683 808/285/683 807/304/692
f 811/287/684 810/305/693 815/306/693 814/288/684
f 810/305/693 809/307/694 816/308/694 815/306/693
f 809/307/694 812/296/688 813/295/688 816/308/694
f 819/289/685 818/309/695 821/310/695 824/290/685
f 818/309/695 817/311/696 822/312/696 821/310/695
f 817/311/696 820/298/689 823/297/689 822/312/696
f 827/293/687 826/313/697 829/314/697 832/294/687
f 826/313/697 825/315/698 830/316/698 829/314/697
f 825/315/698 828/317/686 831/318/686 830/316/698
f 813/319/96 805/320/96 806/321/96 816/322/96
f 803/323/99 812/324/99 809/325/99 802/326/99
f 829/327/96 822/328/96 823/329/96 832/330/96
f 815/331/96 807/332/96 808/285/96 814/288/96
f 816/322/96 806/321/96 807/332/96 815/331/96
f 827/333/99 812/324/99 803/323/99 820/334/99
f 802/326/99 809/325/99 810/335/99 801/336/99
f 801/336/99 810/335/99 811/287/99 804/286/99
f 826/337/99 817/338/99 818/339/99 825/340/99
f 827/333/99 820/334/99 817/338/99 826/337/99
f 825/340/99 818/339/99 819/341/99 828/342/99
f 832/330/96 823/329/96 805/320/96 813/319/96
f 831/343/699 824/344/699 821/345/96 830/346/96
f 830/346/96 821/345/96 822/328/96 829/327/96
f 833/347/700 840/348/700 839/349/700 835/350/700
f 835/350/701 839/349/701 872/351/702 844/352/703
f 845/353/641 863/354/641 840/355/641 833/356/641
f 834/357/637 853/358/704 851/359/705 836/360/637
f 844/352/706 845/361/707 833/362/632 835/350/632
f 837/363/708 836/360/708 851/359/709 867/364/710
f 838/365/631 860/366/631 853/367/631 834/368/631
f 837/363/700 838/369/700 834/370/700 836/360/700
f 848/371/711 843/372/712 852/373/713 856/374/714
f 843/372/715 871/375/716 868/376/717 852/373/718
f 856/374/631 859/377/719 864/378/719 848/371/719
f 837/379/632 867/380/720 860/366/721 838/365/632
f 859/381/722 868/376/723 871/375/724 864/382/725
f 863/354/726 872/383/727 839/384/637 840/355/637
f 843/372/715 842/385/728 870/386/729 871/375/716
f 842/385/728 841/387/730 869/388/731 870/386/729
f 841/387/730 844/352/703 872/351/702 869/388/731
f 844/389/706 841/387/732 846/390/733 845/391/707
f 841/387/732 842/385/734 847/392/735 846/390/733
f 842/385/734 843/372/712 848/371/711 847/392/735
f 845/353/641 846/390/631 862/393/631 863/354/641
f 846/390/631 847/392/631 861/394/631 862/393/631
f 847/392/631 848/371/719 864/378/719 861/394/631
f 851/359/709 850/395/736 866/396/737 867/364/710
f 850/395/736 849/397/738 865/398/739 866/396/737
f 849/397/738 852/373/718 868/376/717 865/398/739
f 852/373/713 849/397/740 855/399/741 856/374/714
f 849/397/740 850/395/742 854/400/743 855/399/741
f 850/395/742 851/401/705 853/402/704 854/400/743
f 856/374/631 855/399/631 858/403/631 859/377/719
f 855/399/631 854/400/631 857/404/631 858/403/631
f 854/400/631 853/367/631 860/366/631 857/404/631
f 859/381/722 858/405/744 865/398/745 868/376/723
f 858/405/744 857/406/746 866/396/747 865/398/745
f 857/404/746 860/366/721 867/380/720 866/407/747
f 863/354/726 862/393/748 869/408/749 872/383/727
f 862/409/748 861/410/750 870/386/751 869/388/749
f 861/410/750 864/382/725 871/375/724 870/386/751
f 873/411/752 880/412/752 879/413/752 875/414/752
f 875/414/753 879/413/753 912/415/754 884/416/755
f 885/417/756 903/418/757 880/419/758 873/420/758
f 874/421/759 893/422/760 891/423/761 876/424/759
f 884/416/762 885/425/763 873/426/764 875/414/764
f 877/427/765 876/424/765 891/423/766 907/428/767
f 878/429/768 900/430/769 893/431/770 874/432/768
f 877/427/771 878/433/771 874/434/771 876/424/771
f 888/435/772 883/436/773 892/437/774 896/438/775
f 883/436/776 911/439/777 908/440/778 892/437/779
f 896/438/780 899/441/780 904/442/780 888/435/780
f 877/443/764 907/444/781 900/430/782 878/429/764
f 899/445/783 908/440/784 911/439/785 904/446/786
f 903/418/787 912/447/788 879/448/759 880/419/759
f 883/436/776 882/449/789 910/450/790 911/439/777
f 882/449/789 881/451/791 909/452/792 910/450/790
f 881/451/791 884/416/755 912/415/754 909/452/792
f 884/453/762 881/451/793 886/454/794 885/455/763
f 881/451/793 882/449/795 887/456/796 886/454/794
f 882/449/795 883/436/773 888/435/772 887/456/796
f 885/417/756 886/454/780 902/457/780 903/418/757
f 886/454/780 887/456/780 901/458/780 902/457/780
f 887/456/780 888/435/780 904/442/780 901/458/780
f 891/423/766 890/459/797 906/460/798 907/428/767
f 890/459/797 889/461/799 905/462/800 906/460/798
f 889/461/799 892/437/779 908/440/778 905/462/800
f 892/437/774 889/461/801 895/463/802 896/438/775
f 889/461/801 890/459/803 894/464/804 895/463/802
f 890/459/803 891/465/761 893/466/760 894/464/804
f 896/438/780 895/463/780 898/467/780 899/441/780
f 895/463/780 894/464/780 897/468/780 898/467/780
f 894/464/780 893/431/770 900/430/769 897/468/780
f 899/445/783 898/469/805 905/462/806 908/440/784
f 898/469/805 897/470/807 906/460/808 905/462/806
f 897/468/807 900/430/782 907/444/781 906/471/808
f 903/418/787 902/457/809 909/472/810 912/447/788
f 902/473/809 901/474/811 910/450/812 909/452/810
f 901/474/811 904/446/786 911/439/785 910/450/812
f 913/475/813 920/476/813 919/477/813 915/478/813
f 915/478/814 919/477/814 952/479/815 924/480/816
f 925/481/817 943/482/818 920/483/819 913/484/819
f 914/485/764 933/486/820 931/487/821 916/488/764
f 924/480/822 925/489/823 913/490/759 915/478/759
f 917/491/824 916/488/824 931/487/825 947/492/826
f 918/493/827 940/494/828 933/495/829 914/496/827
f 917/491/813 918/497/813 914/498/813 916/488/813
f 928/499/830 923/500/831 932/501/832 936/502/833
f 923/500/834 951/503/835 948/504/836 932/501/837
f 936/502/838 939/505/780 944/506/780 928/499/780
f 917/507/759 947/508/839 940/494/840 918/493/759
f 939/509/841 948/504/842 951/503/843 944/510/844
f 943/482/845 952/511/846 919/512/764 920/483/764
f 923/500/834 922/513/847 950/514/848 951/503/835
f 922/513/847 921/515/849 949/516/850 950/514/848
f 921/515/849 924/480/816 952/479/815 949/516/850
f 924/517/822 921/515/851 926/518/852 925/519/823
f 921/515/851 922/513/853 927/520/854 926/518/852
f 922/513/853 923/500/831 928/499/830 927/520/854
f 925/481/817 926/518/780 942/521/780 943/482/818
f 926/518/780 927/520/780 941/522/780 942/521/780
f 927/520/780 928/499/780 944/506/780 941/522/780
f 931/487/825 930/523/855 946/524/856 947/492/826
f 930/523/855 929/525/857 945/526/858 946/524/856
f 929/525/857 932/501/837 948/504/836 945/526/858
f 932/501/832 929/525/859 935/527/860 936/502/833
f 929/525/859 930/523/861 934/528/862 935/527/860
f 930/523/861 931/529/821 933/530/820 934/528/862
f 936/502/838 935/527/780 938/531/780 939/505/780
f 935/527/780 934/528/780 937/532/780 938/531/780
f 934/528/780 933/495/829 940/494/828 937/532/780
f 939/509/841 938/533/863 945/526/864 948/504/842
f 938/533/863 937/534/865 946/524/866 945/526/864
f 937/532/865 940/494/840 947/508/839 946/535/866
f 943/482/845 942/521/867 949/536/868 952/511/846
f 942/537/867 941/538/869 950/514/870 949/516/868
f 941/538/869 944/510/844 951/503/843 950/514/870
f 953/221/871 960/222/871 959/223/871 955/224/871
f 955/224/872 959/223/872 992/225/873 964/226/874
f 965/227/875 983/228/876 960/229/876 953/230/876
f 954/231/877 973/232/878 971/233/879 956/234/877
f 964/226/880 965/235/881 953/236/882 955/224/882
f 957/237/883 956/234/883 971/233/884 987/238/885
f 958/239/875 980/240/875 973/241/875 954/242/875
f 957/237/871 958/243/871 954/244/871 956/234/871
f 968/245/886 963/246/887 972/247/888 976/248/889
f 963/246/890 991/249/891 988/250/892 972/247/893
f 976/248/894 979/251/894 984/252/876 968/245/876
f 957/253/895 987/254/896 980/240/897 958/239/895
f 979/255/898 988/250/899 991/249/900 984/256/901
f 983/228/902 992/257/903 959/258/904 960/229/904
f 963/246/890 962/259/905 990/260/906 991/249/891
f 962/259/905 961/261/907 989/262/908 990/260/906
f 961/261/907 964/226/874 992/225/873 989/262/908
f 964/263/880 961/261/909 966/264/910 965/265/881
f 961/261/909 962/259/911 967/266/912 966/264/910
f 962/259/911 963/246/887 968/245/886 967/266/912
f 965/227/875 966/264/875 982/267/875 983/228/876
f 966/264/875 967/266/876 981/268/876 982/267/875
f 967/266/876 968/245/876 984/252/876 981/268/876
f 971/233/884 970/269/913 986/270/914 987/238/885
f 970/269/913 969/271/915 985/272/916 986/270/914
f 969/271/915 972/247/893 988/250/892 985/272/916
f 972/247/888 969/271/917 975/273/918 976/248/889
f 969/271/917 970/269/919 974/274/920 975/273/918
f 970/269/919 971/275/879 973/276/878 974/274/920
f 976/248/894 975/273/876 978/277/875 979/251/894
f 975/273/876 974/274/875 977/278/875 978/277/875
f 974/274/875 973/241/875 980/240/875 977/278/875
f 979/255/898 978/279/921 985/272/922 988/250/899
f 978/279/921 977/280/923 986/270/924 985/272/922
f 977/278/923 980/240/897 987/254/896 986/281/924
f 983/228/902 982/267/925 989/282/926 992/257/903
f 982/283/925 981/284/927 990/260/928 989/262/926
f 981/284/927 984/256/901 991/249/900 990/260/928
f 1000/285/929 996/286/929 1003/287/930 1006/288/930
f 1011/289/931 1016/290/931 1023/291/932 1020/292/932
f 1019/293/933 1024/294/933 1005/295/934 1004/296/934
f 1015/297/935 1012/298/935 995/299/936 997/300/936
f 995/299/936 994/301/937 998/302/937 997/300/936
f 994/301/937 993/303/938 999/304/938 998/302/937
f 993/303/938 996/286/929 1000/285/929 999/304/938
f 1003/287/930 1002/305/939 1007/306/939 1006/288/930
f 1002/305/939 1001/307/940 1008/308/940 1007/306/939
f 1001/307/940 1004/296/934 1005/295/934 1008/308/940
f 1011/289/931 1010/309/941 1013/310/941 1016/290/931
f 1010/309/941 1009/311/942 1014/312/942 1013/310/941
f 1009/311/942 1012/298/935 1015/297/935 1014/312/942
f 1019/293/933 1018/313/943 1021/314/943 1024/294/933
f 1018/313/943 1017/315/944 1022/316/944 1021/314/943
f 1017/315/944 1020/317/932 1023/318/932 1022/316/944
f 1005/319/96 997/320/96 998/321/96 1008/322/96
f 995/323/99 1004/324/99 1001/325/99 994/326/99
f 1021/327/96 1014/328/96 1015/329/96 1024/330/96
f 1007/331/96 999/332/96 1000/285/699 1006/288/699
f 1008/322/96 998/321/96 999/332/96 1007/331/96
f 1019/333/99 1004/324/99 995/323/99 1012/334/99
f 994/326/99 1001/325/99 1002/335/99 993/336/99
f 993/336/99 1002/335/99 1003/287/99 996/286/99
f 1018/337/99 1009/338/99 1010/339/99 1017/340/99
f 1019/333/99 1012/334/99 1009/338/99 1018/337/99
f 1017/340/99 1010/339/99 1011/341/99 1020/342/99
f 1024/330/96 1015/329/96 997/320/96 1005/319/96
f 1023/343/699 1016/344/699 1013/345/96 1022/346/96
f 1022/346/96 1013/345/96 1014/328/96 1021/327/96
f 1025/347/945 1032/348/945 1031/349/945 1027/350/945
f 1027/350/946 1031/349/946 1064/351/947 1036/352/948
f 1037/353/875 1055/354/875 1032/355/875 1025/356/875
f 1026/357/882 1045/358/949 1043/359/950 1028/360/882
f 1036/352/951 1037/361/952 1025/362/877 1027/350/877
f 1029/363/953 1028/360/953 1043/359/954 1059/364/955
f 1030/365/876 1052/366/875 1045/367/875 1026/368/876
f 1029/363/945 1030/369/945 1026/370/945 1028/360/945
f 1040/371/956 1035/372/957 1044/373/958 1048/374/959
f 1035/372/960 1063/375/961 1060/376/962 1044/373/963
f 1048/374/876 1051/377/876 1056/378/964 1040/371/964
f 1029/379/904 1059/380/965 1052/366/966 1030/365/904
f 1051/381/967 1060/376/968 1063/375/969 1056/382/970
f 1055/354/971 1064/383/972 1031/384/895 1032/355/895
f 1035/372/960 1034/385/973 1062/386/974 1063/375/961
f 1034/385/973 1033/387/975 1061/388/976 1062/386/974
f 1033/387/975 1036/352/948 1064/351/947 1061/388/976
f 1036/389/951 1033/387/977 1038/390/978 1037/391/952
f 1033/387/977 1034/385/979 1039/392/980 1038/390/978
f 1034/385/979 1035/372/957 1040/371/956 1039/392/980
f 1037/353/875 1038/390/876 1054/393/875 1055/354/875
f 1038/390/876 1039/392/876 1053/394/875 1054/393/875
f 1039/392/876 1040/371/964 1056/378/964 1053/394/875
f 1043/359/954 1042/395/981 1058/396/982 1059/364/955
f 1042/395/981 1041/397/983 1057/398/984 1058/396/982
f 1041/397/983 1044/373/963 1060/376/962 1057/398/984
f 1044/373/958 1041/397/985 1047/399/986 1048/374/959
f 1041/397/985 1042/395/987 1046/400/988 1047/399/986
f 1042/395/987 1043/401/950 1045/402/949 1046/400/988
f 1048/374/876 1047/399/876 1050/403/876 1051/377/876
f 1047/399/876 1046/400/876 1049/404/875 1050/403/876
f 1046/400/876 1045/367/875 1052/366/875 1049/404/875
f 1051/381/967 1050/405/989 1057/398/990 1060/376/968
f 1050/405/989 1049/406/991 1058/396/992 1057/398/990
f 1049/404/991 1052/366/966 1059/380/965 1058/407/992
f 1055/354/971 1054/393/993 1061/408/994 1064/383/972
f 1054/409/993 1053/410/995 1062/386/996 1061/388/994
f 1053/410/995 1056/382/970 1063/375/969 1062/386/996
f 1065/411/997 1072/412/997 1071/413/997 1067/414/997
f 1067/414/998 1071/413/998 1104/415/999 1076/416/1000
f 1077/417/1001 1095/418/1002 1072/419/1003 1065/420/1003
f 1066/421/1004 1085/422/1005 1083/423/1006 1068/424/1004
f 1076/416/1007 1077/425/1008 1065/426/1009 1067/414/1009
f 1069/427/1010 1068/424/1010 1083/423/1011 1099/428/1012
f 1070/429/1013 1092/430/1014 1085/431/1015 1066/432/1013
f 1069/427/1016 1070/433/1016 1066/434/1016 1068/424/1016
f 1080/435/1017 1075/436/1018 1084/437/1019 1088/438/1020
f 1075/436/1021 1103/439/1022 1100/440/1023 1084/437/1024
f 1088/438/1025 1091/441/1025 1096/442/1025 1080/435/1025
f 1069/443/1009 1099/444/1026 1092/430/1027 1070/429/1009
f 1091/445/1028 1100/440/1029 1103/439/1030 1096/446/1031
f 1095/418/1032 1104/447/1033 1071/448/1034 1072/419/1034
f 1075/436/1021 1074/449/1035 1102/450/1036 1103/439/1022
f 1074/449/1035 1073/451/1037 1101/452/1038 1102/450/1036
f 1073/451/1037 1076/416/1000 1104/415/999 1101/452/1038
f 1076/453/1007 1073/451/1039 1078/454/1040 1077/455/1008
f 1073/451/1039 1074/449/1041 1079/456/1042 1078/454/1040
f 1074/449/1041 1075/436/1018 1080/435/1017 1079/456/1042
f 1077/417/1001 1078/454/1043 1094/457/1025 1095/418/1002
f 1078/454/1043 1079/456/1025 1093/458/1025 1094/457/1025
f 1079/456/1025 1080/435/1025 1096/442/1025 1093/458/1025
f 1083/423/1011 1082/459/1044 1098/460/1045 1099/428/1012
f 1082/459/1044 1081/461/1046 1097/462/1047 1098/460/1045
f 1081/461/1046 1084/437/1024 1100/440/1023 1097/462/1047
f 1084/437/1019 1081/461/1048 1087/463/1049 1088/438/1020
f 1081/461/1048 1082/459/1050 1086/464/1051 1087/463/1049
f 1082/459/1050 1083/465/1006 1085/466/1005 1086/464/1051
f 1088/438/1025 1087/463/1025 1090/467/1025 1091/441/1025
f 1087/463/1025 1086/464/1025 1089/468/1025 1090/467/1025
f 1086/464/1025 1085/431/1015 1092/430/1014 1089/468/1025
f 1091/445/1028 1090/469/1052 1097/462/1053 1100/440/1029
f 1090/469/1052 1089/470/1054 1098/460/1055 1097/462/1053
f 1089/468/1054 1092/430/1027 1099/444/1026 1098/471/1055
f 1095/418/1032 1094/457/1056 1101/472/1057 1104/447/1033
f 1094/473/1056 1093/474/1058 1102/450/1059 1101/452/1057
f 1093/474/1058 1096/446/1031 1103/439/1030 1102/450/1059
f 1105/475/1060 1112/476/1060 1111/477/1060 1107/478/1060
f 1107/478/1061 1111/477/1061 1144/479/1062 1116/480/1063
f 1117/481/1064 1135/482/1065 1112/483/1066 1105/484/1066
f 1106/485/1009 1125/486/1067 1123/487/1068 1108/488/1009
f 1116/480/1069 1117/489/1070 1105/490/1034 1107/478/1034
f 1109/491/1071 1108/488/1071 1123/487/1072 1139/492/1073
f 1110/493/1074 1132/494/1075 1125/495/1076 1106/496/1074
f 1109/491/1060 1110/497/1060 1106/498/1060 1108/488/1060
f 1120/499/1077 1115/500/1078 1124/501/1079 1128/502/1080
f 1115/500/1081 1143/503/1082 1140/504/1083 1124/501/1084
f 1128/502/1085 1131/505/1025 1136/506/1025 1120/499/1025
f 1109/507/1034 1139/508/1086 1132/494/1087 1110/493/1034
f 1131/509/1088 1140/504/1089 1143/503/1090 1136/510/1091
f 1135/482/1092 1144/511/1093 1111/512/1094 1112/483/1094
f 1115/500/1081 1114/513/1095 1142/514/1096 1143/503/1082
f 1114/513/1095 1113/515/1097 1141/516/1098 1142/514/1096
f 1113/515/1097 1116/480/1063 1144/479/1062 1141/516/1098
f 1116/517/1069 1113/515/1099 1118/518/1100 1117/519/1070
f 1113/515/1099 1114/513/1101 1119/520/1102 1118/518/1100
f 1114/513/1101 1115/500/1078 1120/499/1077 1119/520/1102
f 1117/481/1064 1118/518/1085 1134/521/1085 1135/482/1065
f 1118/518/1085 1119/520/1025 1133/522/1025 1134/521/1085
f 1119/520/1025 1120/499/1025 1136/506/1025 1133/522/1025
f 1123/487/1072 1122/523/1103 1138/524/1104 1139/492/1073
f 1122/523/1103 1121/525/1105 1137/526/1106 1138/524/1104
f 1121/525/1105 1124/501/1084 1140/504/1083 1137/526/1106
f 1124/501/1079 1121/525/1107 1127/527/1108 1128/502/1080
f 1121/525/1107 1122/523/1109 1126/528/1110 1127/527/1108
f 1122/523/1109 1123/529/1068 1125/530/1067 1126/528/1110
f 1128/502/1085 1127/527/1025 1130/531/1085 1131/505/1025
f 1127/527/1025 1126/528/1025 1129/532/1025 1130/531/1085
f 1126/528/1025 1125/495/1076 1132/494/1075 1129/532/1025
f 1131/509/1088 1130/533/1111 1137/526/1112 1140/504/1089
f 1130/533/1111 1129/534/1113 1138/524/1114 1137/526/1112
f 1129/532/1113 1132/494/1087 1139/508/1086 1138/535/1114
f 1135/482/1092 1134/521/1115 1141/536/1116 1144/511/1093
f 1134/537/1115 1133/538/1117 1142/514/1118 1141/516/1116
f 1133/538/1117 1136/510/1091 1143/503/1090 1142/514/1118
f 1145/221/1119 1152/222/1119 1151/223/1119 1147/224/1119
f 1147/224/1120 1151/223/1120 1184/225/1121 1156/226/1122
f 1157/227/1123 1175/228/1124 1152/229/1124 1145/230/1124
f 1146/231/1125 1165/232/1126 1163/233/1127 1148/234/1125
f 1156/226/1128 1157/235/1129 1145/236/1130 1147/224/1130
f 1149/237/1131 1148/234/1131 1163/233/1132 1179/238/1133
f 1150/239/1123 1172/240/1123 1165/241/1123 1146/242/1123
f 1149/237/1134 1150/243/1134 1146/244/1134 1148/234/1134
f 1160/245/1135 1155/246/1136 1164/247/1137 1168/248/1138
f 1155/246/1139 1183/249/1140 1180/250/1141 1164/247/1142
f 1168/248/1143 1171/251/1144 1176/252/1144 1160/245/1124
f 1149/253/1145 1179/254/1146 1172/240/1147 1150/239/1145
f 1171/255/1148 1180/250/1149 1183/249/1150 1176/256/1151
f 1175/228/1152 1184/257/1153 1151/258/1154 1152/229/1154
f 1155/246/1139 1154/259/1155 1182/260/1156 1183/249/1140
f 1154/259/1155 1153/261/1157 1181/262/1158 1182/260/1156
f 1153/261/1157 1156/226/1122 1184/225/1121 1181/262/1158
f 1156/263/1128 1153/261/1159 1158/264/1160 1157/265/1129
f 1153/261/1159 1154/259/1161 1159/266/1162 1158/264/1160
f 1154/259/1161 1155/246/1136 1160/245/1135 1159/266/1162
f 1157/227/1123 1158/264/1123 1174/267/1123 1175/228/1124
f 1158/264/1123 1159/266/1124 1173/268/1123 1174/267/1123
f 1159/266/1124 1160/245/1124 1176/252/1144 1173/268/1123
f 1163/233/1132 1162/269/1163 1178/270/1164 1179/238/1133
f 1162/269/1163 1161/271/1165 1177/272/1166 1178/270/1164
f 1161/271/1165 1164/247/1142 1180/250/1141 1177/272/1166
f 1164/247/1137 1161/271/1167 1167/273/1168 1168/248/1138
f 1161/271/1167 1162/269/1169 1166/274/1170 1167/273/1168
f 1162/269/1169 1163/275/1127 1165/276/1126 1166/274/1170
f 1168/248/1143 1167/273/1123 1170/277/1123 1171/251/1144
f 1167/273/1123 1166/274/1171 1169/278/1171 1170/277/1123
f 1166/274/1171 1165/241/1123 1172/240/1123 1169/278/1171
f 1171/255/1148 1170/279/1172 1177/272/1173 1180/250/1149
f 1170/279/1172 1169/280/1174 1178/270/1175 1177/272/1173
f 1169/278/1174 1172/240/1147 1179/254/1146 1178/281/1175
f 1175/228/1152 1174/267/1176 1181/282/1177 1184/257/1153
f 1174/283/1176 1173/284/1178 1182/260/1179 1181/262/1177
f 1173/284/1178 1176/256/1151 1183/249/1150 1182/260/1179
f 1192/285/1180 1188/286/1180 1195/287/1181 1198/288/1181
f 1203/289/1182 1208/290/1182 1215/291/1183 1212/292/1183
f 1211/293/1184 1216/294/1184 1197/295/1185 1196/296/1185
f 1207/297/1186 1204/298/1186 1187/299/1187 1189/300/1187
f 1187/299/1187 1186/301/1188 1190/302/1188 1189/300/1187
f 1186/301/1188 1185/303/1189 1191/304/1189 1190/302/1188
f 1185/303/1189 1188/286/1180 1192/285/1180 1191/304/1189
f 1195/287/1181 1194/305/1190 1199/306/1190 1198/288/1181
f 1194/305/1190 1193/307/1191 1200/308/1191 1199/306/1190
f 1193/307/1191 1196/296/1185 1197/295/1185 1200/308/1191
f 1203/289/1182 1202/309/1192 1205/310/1192 1208/290/1182
f 1202/309/1192 1201/311/1193 1206/312/1193 1205/310/1192
f 1201/311/1193 1204/298/1186 1207/297/1186 1206/312/1193
f 1211/293/1184 1210/313/1194 1213/314/1194 1216/294/1184
f 1210/313/1194 1209/315/1195 1214/316/1195 1213/314/1194
f 1209/315/1195 1212/317/1183 1215/318/1183 1214/316/1195
f 1197/319/96 1189/320/96 1190/321/96 1200/322/96
f 1187/323/99 1196/324/99 1193/325/99 1186/326/99
f 1213/327/96 1206/328/96 1207/329/96 1216/330/96
f 1199/331/96 1191/332/96 1192/285/699 1198/288/699
f 1200/322/96 1190/321/96 1191/332/96 1199/331/96
f 1211/333/99 1196/324/99 1187/323/99 1204/334/99
f 1186/326/99 1193/325/99 1194/335/99 1185/336/99
f 1185/336/99 1194/335/99 1195/287/99 1188/286/99
f 1210/337/99 1201/338/99 1202/339/99 1209/340/99
f 1211/333/99 1204/334/99 1201/338/99 1210/337/99
f 1209/340/99 1202/339/99 1203/341/99 1212/342/99
f 1216/330/96 1207/329/96 1189/320/96 1197/319/96
f 1215/343/96 1208/344/96 1205/345/96 1214/346/96
f 1214/346/96 1205/345/96 1206/328/96 1213/327/96
f 1217/347/1196 1224/348/1196 1223/349/1196 1219/350/1196
f 1219/350/1197 1223/349/1197 1256/351/1198 1228/352/1199
f 1229/353/1123 1247/354/1123 1224/355/1123 1217/356/1123
f 1218/357/1130 1237/358/1200 1235/359/1201 1220/360/1130
f 1228/352/1202 1229/361/1203 1217/362/1125 1219/350/1125
f 1221/363/1204 1220/360/1204 1235/359/1205 1251/364/1206
f 1222/365/1124 1244/366/1124 1237/367/1123 1218/368/1124
f 1221/363/1196 1222/369/1196 1218/370/1196 1220/360/1196
f 1232/371/1207 1227/372/1208 1236/373/1209 1240/374/1210
f 1227/372/1211 1255/375/1212 1252/376/1213 1236/373/1214
f 1240/374/1124 1243/377/1124 1248/378/1171 1232/371/1171
f 1221/379/1154 1251/380/1215 1244/366/1216 1222/365/1154
f 1243/381/1217 1252/376/1218 1255/375/1219 1248/382/1220
f 1247/354/1221 1256/383/1222 1223/384/1145 1224/355/1145
f 1227/372/1211 1226/385/1223 1254/386/1224 1255/375/1212
f 1226/385/1223 1225/387/1225 1253/388/1226 1254/386/1224
f 1225/387/1225 1228/352/1199 1256/351/1198 1253/388/1226
f 1228/389/1202 1225/387/1227 1230/390/1228 1229/391/1203
f 1225/387/1227 1226/385/1229 1231/392/1230 1230/390/1228
f 1226/385/1229 1227/372/1208 1232/371/1207 1231/392/1230
f 1229/353/1123 1230/390/1143 1246/393/1143 1247/354/1123
f 1230/390/1143 1231/392/1123 1245/394/1123 1246/393/1143
f 1231/392/1123 1232/371/1171 1248/378/1171 1245/394/1123
f 1235/359/1205 1234/395/1231 1250/396/1232 1251/364/1206
f 1234/395/1231 1233/397/1233 1249/398/1234 1250/396/1232
f 1233/397/1233 1236/373/1214 1252/376/1213 1249/398/1234
f 1236/373/1209 1233/397/1235 1239/399/1236 1240/374/1210
f 1233/397/1235 1234/395/1237 1238/400/1238 1239/399/1236
f 1234/395/1237 1235/401/1201 1237/402/1200 1238/400/1238
f 1240/374/1124 1239/399/1124 1242/403/1124 1243/377/1124
f 1239/399/1124 1238/400/1123 1241/404/1123 1242/403/1124
f 1238/400/1123 1237/367/1123 1244/366/1124 1241/404/1123
f 1243/381/1217 1242/405/1239 1249/398/1240 1252/376/1218
f 1242/405/1239 1241/406/1241 1250/396/1242 1249/398/1240
f 1241/404/1241 1244/366/1216 1251/380/1215 1250/407/1242
f 1247/354/1221 1246/393/1243 1253/408/1244 1256/383/1222
f 1246/409/1243 1245/410/1245 1254/386/1246 1253/388/1244
f 1245/410/1245 1248/382/1220 1255/375/1219 1254/386/1246
f 1257/411/1247 1264/412/1247 1263/413/1247 1259/414/1247
f 1259/414/1248 1263/413/1248 1296/415/1249 1268/416/1250
f 1269/417/1251 1287/418/1252 1264/419/1253 1257/420/1253
f 1258/421/1254 1277/422/1255 1275/423/1256 1260/424/1254
f 1268/416/1257 1269/425/1258 1257/426/1259 1259/414/1259
f 1261/427/1260 1260/424/1260 1275/423/1261 1291/428/1262
f 1262/429/1263 1284/430/1264 1277/431/1265 1258/432/1263
f 1261/427/1266 1262/433/1266 1258/434/1266 1260/424/1266
f 1272/435/1267 1267/436/1268 1276/437/1269 1280/438/1270
f 1267/436/1271 1295/439/1272 1292/440/1273 1276/437/1274
f 1280/438/1275 1283/441/1275 1288/442/1275 1272/435/1275
f 1261/443/1259 1291/444/1276 1284/430/1277 1262/429/1259
f 1283/445/1278 1292/440/1279 1295/439/1280 1288/446/1281
f 1287/418/1282 1296/447/1283 1263/448/1254 1264/419/1254
f 1267/436/1271 1266/449/1284 1294/450/1285 1295/439/1272
f 1266/449/1284 1265/451/1286 1293/452/1287 1294/450/1285
f 1265/451/1286 1268/416/1250 1296/415/1249 1293/452/1287
f 1268/453/1257 1265/451/1288 1270/454/1289 1269/455/1258
f 1265/451/1288 1266/449/1290 1271/456/1291 1270/454/1289
f 1266/449/1290 1267/436/1268 1272/435/1267 1271/456/1291
f 1269/417/1251 1270/454/1275 1286/457/1275 1287/418/1252
f 1270/454/1275 1271/456/1275 1285/458/1275 1286/457/1275
f 1271/456/1275 1272/435/1275 1288/442/1275 1285/458/1275
f 1275/423/1261 1274/459/1292 1290/460/1293 1291/428/1262
f 1274/459/1292 1273/461/1294 1289/462/1295 1290/460/1293
f 1273/461/1294 1276/437/1274 1292/440/1273 1289/462/1295
f 1276/437/1269 1273/461/1296 1279/463/1297 1280/438/1270
f 1273/461/1296 1274/459/1298 1278/464/1299 1279/463/1297
f 1274/459/1298 1275/465/1256 1277/466/1255 1278/464/1299
f 1280/438/1275 1279/463/1275 1282/467/1275 1283/441/1275
f 1279/463/1275 1278/464/1275 1281/468/1275 1282/467/1275
f 1278/464/1275 1277/431/1265 1284/430/1264 1281/468/1275
f 1283/445/1278 1282/469/1300 1289/462/1301 1292/440/1279
f 1282/469/1300 1281/470/1302 1290/460/1303 1289/462/1301
f 1281/468/1302 1284/430/1277 1291/444/1276 1290/471/1303
f 1287/418/1282 1286/457/1304 1293/472/1305 1296/447/1283
f 1286/473/1304 1285/474/1306 1294/450/1307 1293/452/1305
f 1285/474/1306 1288/446/1281 1295/439/1280 1294/450/1307
f 1297/475/1308 1304/476/1308 1303/477/1308 1299/478/1308
f 1299/478/1309 1303/477/1309 1336/479/1310 1308/480/1311
f 1309/481/1312 1327/482/1313 1304/483/1314 1297/484/1314
f 1298/485/1259 1317/486/1315 1315/487/1316 1300/488/1259
f 1308/480/1317 1309/489/1318 1297/490/1254 1299/478/1254
f 1301/491/1319 1300/488/1319 1315/487/1320 1331/492/1321
f 1302/493/1322 1324/494/1323 1317/495/1324 1298/496/1322
f 1301/491/1325 1302/497/1325 1298/498/1325 1300/488/1325
f 1312/499/1326 1307/500/1327 1316/501/1328 1320/502/1329
f 1307/500/1330 1335/503/1331 1332/504/1332 1316/501/1333
f 1320/502/1334 1323/505/1334 1328/506/1275 1312/499/1275
f 1301/507/1254 1331/508/1335 1324/494/1336 1302/493/1254
f 1323/509/1337 1332/504/1338 1335/503/1339 1328/510/1340
f 1327/482/1341 1336/511/1342 1303/512/1259 1304/483/1259
f 1307/500/1330 1306/513/1343 1334/514/1344 1335/503/1331
f 1306/513/1343 1305/515/1345 1333/516/1346 1334/514/1344
f 1305/515/1345 1308/480/1311 1336/479/1310 1333/516/1346
f 1308/517/1317 1305/515/1347 1310/518/1348 1309/519/1318
f 1305/515/1347 1306/513/1349 1311/520/1350 1310/518/1348
f 1306/513/1349 1307/500/1327 1312/499/1326 1311/520/1350
f 1309/481/1312 1310/518/1334 1326/521/1334 1327/482/1313
f 1310/518/1334 1311/520/1275 1325/522/1275 1326/521/1334
f 1311/520/1275 1312/499/1275 1328/506/1275 1325/522/1275
f 1315/487/1320 1314/523/1351 1330/524/1352 1331/492/1321
f 1314/523/1351 1313/525/1353 1329/526/1354 1330/524/1352
f 1313/525/1353 1316/501/1333 1332/504/1332 1329/526/1354
f 1316/501/1328 1313/525/1355 1319/527/1356 1320/502/1329
f 1313/525/1355 1314/523/1357 1318/528/1358 1319/527/1356
f 1314/523/1357 1315/529/1316 1317/530/1315 1318/528/1358
f 1320/502/1334 1319/527/1334 1322/531/1334 1323/505/1334
f 1319/527/1334 1318/528/1275 1321/532/1275 1322/531/1334
f 1318/528/1275 1317/495/1324 1324/494/1323 1321/532/1275
f 1323/509/1337 1322/533/1359 1329/526/1360 1332/504/1338
f 1322/533/1359 1321/534/1361 1330/524/1362 1329/526/1360
f 1321/532/1361 1324/494/1336 1331/508/1335 1330/535/1362
f 1327/482/1341 1326/521/1363 1333/536/1364 1336/511/1342
f 1326/537/1363 1325/538/1365 1334/514/1366 1333/516/1364
f 1325/538/1365 1328/510/1340 1335/503/1339 1334/514/1366
f 1337/221/1367 1344/222/1367 1343/223/1367 1339/224/1367
f 1339/224/1368 1343/223/1368 1376/225/1369 1348/226/1370
f 1349/227/1371 1367/228/1371 1344/229/1371 1337/230/1371
f 1338/231/1372 1357/232/1373 1355/233/1374 1340/234/1372
f 1348/226/1375 1349/235/1376 1337/236/1377 1339/224/1377
f 1341/237/1378 1340/234/1378 1355/233/1379 1371/238/1380
f 1342/239/1381 1364/240/1381 1357/241/1381 1338/242/1381
f 1341/237/1367 1342/243/1367 1338/244/1367 1340/234/1367
f 1352/245/1382 1347/246/1383 1356/247/1384 1360/248/1385
f 1347/246/1386 1375/249/1387 1372/250/1388 1356/247/1389
f 1360/248/1390 1363/251/1390 1368/252/1391 1352/245/1371
f 1341/253/1392 1371/254/1393 1364/240/1394 1342/239/1392
f 1363/255/1395 1372/250/1396 1375/249/1397 1368/256/1398
f 1367/228/1399 1376/257/1400 1343/258/1401 1344/229/1401
f 1347/246/1386 1346/259/1402 1374/260/1403 1375/249/1387
f 1346/259/1402 1345/261/1404 1373/262/1405 1374/260/1403
f 1345/261/1404 1348/226/1370 1376/225/1369 1373/262/1405
f 1348/263/1375 1345/261/1406 1350/264/1407 1349/265/1376
f 1345/261/1406 1346/259/1408 1351/266/1409 1350/264/1407
f 1346/259/1408 1347/246/1383 1352/245/1382 1351/266/1409
f 1349/227/1371 1350/264/1381 1366/267/1371 1367/228/1371
f 1350/264/1381 1351/266/1381 1365/268/1381 1366/267/1371
f 1351/266/1381 1352/245/1371 1368/252/1391 1365/268/1381
f 1355/233/1379 1354/269/1410 1370/270/1411 1371/238/1380
f 1354/269/1410 1353/271/1412 1369/272/1413 1370/270/1411
f 1353/271/1412 1356/247/1389 1372/250/1388 1369/272/1413
f 1356/247/1384 1353/271/1414 1359/273/1415 1360/248/1385
f 1353/271/1414 1354/269/1416 1358/274/1417 1359/273/1415
f 1354/269/1416 1355/275/1374 1357/276/1373 1358/274/1417
f 1360/248/1390 1359/273/1381 1362/277/1381 1363/251/1390
f 1359/273/1381 1358/274/1418 1361/278/1418 1362/277/1381
f 1358/274/1418 1357/241/1381 1364/240/1381 1361/278/1418
f 1363/255/1395 1362/279/1419 1369/272/1420 1372/250/1396
f 1362/279/1419 1361/280/1421 1370/270/1422 1369/272/1420
f 1361/278/1421 1364/240/1394 1371/254/1393 1370/281/1422
f 1367/228/1399 1366/267/1423 1373/282/1424 1376/257/1400
f 1366/283/1423 1365/284/1425 1374/260/1426 1373/262/1424
f 1365/284/1425 1368/256/1398 1375/249/1397 1374/260/1426
f 1384/285/1427 1380/286/1427 1387/287/1428 1390/288/1428
f 1395/289/1429 1400/290/1429 1407/291/11 1404/292/11
f 1403/293/1430 1408/294/1430 1389/295/1431 1388/296/1431
f 1399/297/1432 1396/298/1432 1379/299/1433 1381/300/1433
f 1379/299/1433 1378/301/1434 1382/302/1434 1381/300/1433
f 1378/301/1434 1377/303/1435 1383/304/1435 1382/302/1434
f 1377/303/1435 1380/286/1427 1384/285/1427 1383/304/1435
f 1387/287/1428 1386/305/1436 1391/306/1436 1390/288/1428
f 1386/305/1436 1385/307/1437 1392/308/1437 1391/306/1436
f 1385/307/1437 1388/296/1431 1389/295/1431 1392/308/1437
f 1395/289/1429 1394/309/1438 1397/310/1438 1400/290/1429
f 1394/309/1438 1393/311/1439 1398/312/1439 1397/310/1438
f 1393/311/1439 1396/298/1432 1399/297/1432 1398/312/1439
f 1403/293/1430 1402/313/1440 1405/314/1440 1408/294/1430
f 1402/313/1440 1401/315/1441 1406/316/1441 1405/314/1440
f 1401/315/1441 1404/317/11 1407/318/11 1406/316/1441
f 1389/319/96 1381/320/96 1382/321/96 1392/322/96
f 1379/323/99 1388/324/99 1385/325/99 1378/326/99
f 1405/327/96 1398/328/96 1399/329/96 1408/330/96
f 1391/331/96 1383/332/96 1384/285/96 1390/288/96
f 1392/322/96 1382/321/96 1383/332/96 1391/331/96
f 1403/333/99 1388/324/99 1379/323/99 1396/334/99
f 1378/326/99 1385/325/99 1386/335/99 1377/336/99
f 1377/336/99 1386/335/99 1387/287/99 1380/286/99
f 1402/337/99 1393/338/99 1394/339/99 1401/340/99
f 1403/333/99 1396/334/99 1393/338/99 1402/337/99
f 1401/340/99 1394/339/99 1395/341/99 1404/342/99
f 1408/330/96 1399/329/96 1381/320/96 1389/319/96
f 1407/343/96 1400/344/96 1397/345/96 1406/346/96
f 1406/346/96 1397/345/96 1398/328/96 1405/327/96
f 1409/347/1442 1416/348/1442 1415/349/1442 1411/350/1442
f 1411/350/1443 1415/349/1443 1448/351/1444 1420/352/1445
f 1421/353/1381 1439/354/1381 1416/355/1381 1409/356/1381
f 1410/357/1377 1429/358/1446 1427/359/1447 1412/360/1377
f 1420/352/1448 1421/361/1449 1409/362/1372 1411/350/1372
f 1413/363/1450 1412/360/1450 1427/359/1451 1443/364/1452
f 1414/365/1371 1436/366/1371 1429/367/1371 1410/368/1371
f 1413/363/1442 1414/369/1442 1410/370/1442 1412/360/1442
f 1424/371/1453 1419/372/1454 1428/373/1455 1432/374/1456
f 1419/372/1457 1447/375/1458 1444/376/1459 1428/373/1460
f 1432/374/1371 1435/377/1371 1440/378/1461 1424/371/1461
f 1413/379/1401 1443/380/1462 1436/366/1463 1414/365/1401
f 1435/381/1464 1444/376/1465 1447/375/1466 1440/382/1467
f 1439/354/1468 1448/383/1469 1415/384/1392 1416/355/1392
f 1419/372/1457 1418/385/1470 1446/386/1471 1447/375/1458
f 1418/385/1470 1417/387/1472 1445/388/1473 1446/386/1471
f 1417/387/1472 1420/352/1445 1448/351/1444 1445/388/1473
f 1420/389/1448 1417/387/1474 1422/390/1475 1421/391/1449
f 1417/387/1474 1418/385/1476 1423/392/1477 1422/390/1475
f 1418/385/1476 1419/372/1454 1424/371/1453 1423/392/1477
f 1421/353/1381 1422/390/1391 1438/393/1391 1439/354/1381
f 1422/390/1391 1423/392/1381 1437/394/1381 1438/393/1391
f 1423/392/1381 1424/371/1461 1440/378/1461 1437/394/1381
f 1427/359/1451 1426/395/1478 1442/396/1479 1443/364/1452
f 1426/395/1478 1425/397/1480 1441/398/1481 1442/396/1479
f 1425/397/1480 1428/373/1460 1444/376/1459 1441/398/1481
f 1428/373/1455 1425/397/1482 1431/399/1483 1432/374/1456
f 1425/397/1482 1426/395/1484 1430/400/1485 1431/399/1483
f 1426/395/1484 1427/401/1447 1429/402/1446 1430/400/1485
f 1432/374/1371 1431/399/1381 1434/403/1381 1435/377/1371
f 1431/399/1381 1430/400/1381 1433/404/1371 1434/403/1381
f 1430/400/1381 1429/367/1371 1436/366/1371 1433/404/1371
f 1435/381/1464 1434/405/1486 1441/398/1487 1444/376/1465
f 1434/405/1486 1433/406/1488 1442/396/1489 1441/398/1487
f 1433/404/1488 1436/366/1463 1443/380/1462 1442/407/1489
f 1439/354/1468 1438/393/1490 1445/408/1491 1448/383/1469
f 1438/409/1490 1437/410/1492 1446/386/1493 1445/388/1491
f 1437/410/1492 1440/382/1467 1447/375/1466 1446/386/1493
f 1449/411/1494 1456/412/1494 1455/413/1494 1451/414/1494
f 1451/414/1495 1455/413/1495 1488/415/1496 1460/416/1497
f 1461/417/1498 1479/418/1499 1456/419/1500 1449/420/1500
f 1450/421/1501 1469/422/1502 1467/423/1503 1452/424/1501
f 1460/416/1504 1461/425/1505 1449/426/1506 1451/414/1506
f 1453/427/1507 1452/424/1507 1467/423/1508 1483/428/1509
f 1454/429/1510 1476/430/1511 1469/431/1512 1450/432/1510
f 1453/427/1513 1454/433/1513 1450/434/1513 1452/424/1513
f 1464/435/1514 1459/436/1515 1468/437/1516 1472/438/1517
f 1459/436/1518 1487/439/1519 1484/440/1520 1468/437/1521
f 1472/438/1522 1475/441/1522 1480/442/1522 1464/435/1522
f 1453/443/1506 1483/444/1523 1476/430/1524 1454/429/1506
f 1475/445/1525 1484/440/1526 1487/439/1527 1480/446/1528
f 1479/418/1529 1488/447/1530 1455/448/1501 1456/419/1501
f 1459/436/1518 1458/449/1531 1486/450/1532 1487/439/1519
f 1458/449/1531 1457/451/1533 1485/452/1534 1486/450/1532
f 1457/451/1533 1460/416/1497 1488/415/1496 1485/452/1534
f 1460/453/1504 1457/451/1535 1462/454/1536 1461/455/1505
f 1457/451/1535 1458/449/1537 1463/456/1538 1462/454/1536
f 1458/449/1537 1459/436/1515 1464/435/1514 1463/456/1538
f 1461/417/1498 1462/454/1539 1478/457/1540 1479/418/1499
f 1462/454/1539 1463/456/1541 1477/458/1522 1478/457/1540
f 1463/456/1541 1464/435/1522 1480/442/1522 1477/458/1522
f 1467/423/1508 1466/459/1542 1482/460/1543 1483/428/1509
f 1466/459/1542 1465/461/1544 1481/462/1545 1482/460/1543
f 1465/461/1544 1468/437/1521 1484/440/1520 1481/462/1545
f 1468/437/1516 1465/461/1546 1471/463/1547 1472/438/1517
f 1465/461/1546 1466/459/1548 1470/464/1549 1471/463/1547
f 1466/459/1548 1467/465/1503 1469/466/1502 1470/464/1549
f 1472/438/1522 1471/463/1522 1474/467/1522 1475/441/1522
f 1471/463/1522 1470/464/1522 1473/468/1522 1474/467/1522
f 1470/464/1522 1469/431/1512 1476/430/1511 1473/468/1522
f 1475/445/1525 1474/469/1550 1481/462/1551 1484/440/1526
f 1474/469/1550 1473/470/1552 1482/460/1553 1481/462/1551
f 1473/468/1552 1476/430/1524 1483/444/1523 1482/471/1553
f 1479/418/1529 1478/457/1554 1485/472/1555 1488/447/1530
f 1478/473/1554 1477/474/1556 1486/450/1557 1485/452/1555
f 1477/474/1556 1480/446/1528 1487/439/1527 1486/450/1557
f 1489/475/1558 1496/476/1558 1495/477/1558 1491/478/1558
f 1491/478/1559 1495/477/1559 1528/479/1560 1500/480/1561
f 1501/481/1562 1519/482/1563 1496/483/1564 1489/484/1564
f 1490/485/1506 1509/486/1565 1507/487/1566 1492/488/1506
f 1500/480/1567 1501/489/1568 1489/490/1501 1491/478/1501
f 1493/491/1569 1492/488/1569 1507/487/1570 1523/492/1571
f 1494/493/1572 1516/494/1573 1509/495/1574 1490/496/1572
f 1493/491/1558 1494/497/1558 1490/498/1558 1492/488/1558
f 1504/499/1575 1499/500/1576 1508/501/1577 1512/502/1578
f 1499/500/1579 1527/503/1580 1524/504/1581 1508/501/1582
f 1512/502/1583 1515/505/1522 1520/506/1584 1504/499/1539
f 1493/507/1501 1523/508/1585 1516/494/1586 1494/493/1501
f 1515/509/1587 1524/504/1588 1527/503/1589 1520/510/1590
f 1519/482/1591 1528/511/1592 1495/512/1506 1496/483/1506
f 1499/500/1579 1498/513/1593 1526/514/1594 1527/503/1580
f 1498/513/1593 1497/515/1595 1525/516/1596 1526/514/1594
f 1497/515/1595 1500/480/1561 1528/479/1560 1525/516/1596
f 1500/517/1567 1497/515/1597 1502/518/1598 1501/519/1568
f 1497/515/1597 1498/513/1599 1503/520/1600 1502/518/1598
f 1498/513/1599 1499/500/1576 1504/499/1575 1503/520/1600
f 1501/481/1562 1502/518/1583 1518/521/1583 1519/482/1563
f 1502/518/1583 1503/520/1522 1517/522/1522 1518/521/1583
f 1503/520/1522 1504/499/1539 1520/506/1584 1517/522/1522
f 1507/487/1570 1506/523/1601 1522/524/1602 1523/492/1571
f 1506/523/1601 1505/525/1603 1521/526/1604 1522/524/1602
f 1505/525/1603 1508/501/1582 1524/504/1581 1521/526/1604
f 1508/501/1577 1505/525/1605 1511/527/1606 1512/502/1578
f 1505/525/1605 1506/523/1607 1510/528/1608 1511/527/1606
f 1506/523/1607 1507/529/1566 1509/530/1565 1510/528/1608
f 1512/502/1583 1511/527/1522 1514/531/1583 1515/505/1522
f 1511/527/1522 1510/528/1522 1513/532/1522 1514/531/1583
f 1510/528/1522 1509/495/1574 1516/494/1573 1513/532/1522
f 1515/509/1587 1514/533/1609 1521/526/1610 1524/504/1588
f 1514/533/1609 1513/534/1611 1522/524/1612 1521/526/1610
f 1513/532/1611 1516/494/1586 1523/508/1585 1522/535/1612
f 1519/482/1591 1518/521/1613 1525/536/1614 1528/511/1592
f 1518/537/1613 1517/538/1615 1526/514/1616 1525/516/1614
f 1517/538/1615 1520/510/1590 1527/503/1589 1526/514/1616
f 1529/221/1617 1536/222/1617 1535/223/1617 1531/224/1617
f 1531/224/1618 1535/223/1618 1568/225/1619 1540/226/1620
f 1541/227/1621 1559/228/1621 1536/229/1621 1529/230/1621
f 1530/231/1622 1549/232/1623 1547/233/1624 1532/234/1622
f 1540/226/1625 1541/235/1626 1529/236/1627 1531/224/1627
f 1533/237/1628 1532/234/1628 1547/233/1629 1563/238/1630
f 1534/239/1631 1556/240/1631 1549/241/1632 1530/242/1631
f 1533/237/1617 1534/243/1617 1530/244/1617 1532/234/1617
f 1544/245/1633 1539/246/1634 1548/247/1635 1552/248/1636
f 1539/246/1637 1567/249/1638 1564/250/1639 1548/247/1640
f 1552/248/1641 1555/251/1641 1560/252/1642 1544/245/1642
f 1533/253/1627 1563/254/1643 1556/240/1644 1534/239/1627
f 1555/255/1645 1564/250/1646 1567/249/1647 1560/256/1648
f 1559/228/1649 1568/257/1650 1535/258/1651 1536/229/1651
f 1539/246/1637 1538/259/1652 1566/260/1653 1567/249/1638
f 1538/259/1652 1537/261/1654 1565/262/1655 1566/260/1653
f 1537/261/1654 1540/226/1620 1568/225/1619 1565/262/1655
f 1540/263/1625 1537/261/1656 1542/264/1657 1541/265/1626
f 1537/261/1656 1538/259/1658 1543/266/672 1542/264/1657
f 1538/259/1658 1539/246/1634 1544/245/1633 1543/266/672
f 1541/227/1621 1542/264/1642 1558/267/1642 1559/228/1621
f 1542/264/1642 1543/266/1642 1557/268/1642 1558/267/1642
f 1543/266/1642 1544/245/1642 1560/252/1642 1557/268/1642
f 1547/233/1629 1546/269/1659 1562/270/1660 1563/238/1630
f 1546/269/1659 1545/271/1661 1561/272/1662 1562/270/1660
f 1545/271/1661 1548/247/1640 1564/250/1639 1561/272/1662
f 1548/247/1635 1545/271/1663 1551/273/1664 1552/248/1636
f 1545/271/1663 1546/269/1665 1550/274/1666 1551/273/1664
f 1546/269/1665 1547/275/1624 1549/276/1623 1550/274/1666
f 1552/248/1641 1551/273/1642 1554/277/1641 1555/251/1641
f 1551/273/1642 1550/274/1642 1553/278/1642 1554/277/1641
f 1550/274/1642 1549/241/1632 1556/240/1631 1553/278/1642
f 1555/255/1645 1554/279/1667 1561/272/1668 1564/250/1646
f 1554/279/1667 1553/280/1669 1562/270/1670 1561/272/1668
f 1553/278/1669 1556/240/1644 1563/254/1643 1562/281/1670
f 1559/228/1649 1558/267/1671 1565/282/1672 1568/257/1650
f 1558/283/1671 1557/284/1673 1566/260/1674 1565/262/1672
f 1557/284/1673 1560/256/1648 1567/249/1647 1566/260/1674
f 1576/285/1675 1572/286/1675 1579/287/1676 1582/288/1676
f 1587/289/1677 1592/290/1677 1599/291/1678 1596/292/1678
f 1595/293/1679 1600/294/1679 1581/295/1680 1580/296/1680
f 1591/297/1681 1588/298/1681 1571/299/1682 1573/300/1682
f 1571/299/1682 1570/301/1683 1574/302/1683 1573/300/1682
f 1570/301/1683 1569/303/1684 1575/304/1684 1574/302/1683
f 1569/303/1684 1572/286/1675 1576/285/1675 1575/304/1684
f 1579/287/1676 1578/305/1685 1583/306/1685 1582/288/1676
f 1578/305/1685 1577/307/1686 1584/308/1686 1583/306/1685
f 1577/307/1686 1580/296/1680 1581/295/1680 1584/308/1686
f 1587/289/1677 1586/309/1687 1589/310/1687 1592/290/1677
f 1586/309/1687 1585/311/1688 1590/312/1688 1589/310/1687
f 1585/311/1688 1588/298/1681 1591/297/1681 1590/312/1688
f 1595/293/1679 1594/313/1689 1597/314/1689 1600/294/1679
f 1594/313/1689 1593/315/1690 1598/316/1690 1597/314/1689
f 1593/315/1690 1596/317/1678 1599/318/1678 1598/316/1690
f 1581/319/96 1573/320/96 1574/321/96 1584/322/96
f 1571/323/99 1580/324/99 1577/325/99 1570/326/99
f 1597/327/96 1590/328/96 1591/329/96 1600/330/96
f 1583/331/96 1575/332/96 1576/285/699 1582/288/699
f 1584/322/96 1574/321/96 1575/332/96 1583/331/96
f 1595/333/99 1580/324/99 1571/323/99 1588/334/99
f 1570/326/99 1577/325/99 1578/335/99 1569/336/99
f 1569/336/99 1578/335/99 1579/287/1691 1572/286/1691
f 1594/337/99 1585/338/99 1586/339/99 1593/340/99
f 1595/333/99 1588/334/99 1585/338/99 1594/337/99
f 1593/340/99 1586/339/99 1587/341/99 1596/342/99
f 1600/330/96 1591/329/96 1573/320/96 1581/319/96
f 1599/343/96 1592/344/96 1589/345/96 1598/346/96
f 1598/346/96 1589/345/96 1590/328/96 1597/327/96
f 1601/347/1692 1608/348/1692 1607/349/1692 1603/350/1692
f 1603/350/1693 1607/349/1693 1640/351/1694 1612/352/1695
f 1613/353/1696 1631/354/1631 1608/355/1631 1601/356/1631
f 1602/357/1627 1621/358/1697 1619/359/1698 1604/360/1627
f 1612/352/1699 1613/361/1700 1601/362/1622 1603/350/1622
f 1605/363/1701 1604/360/1701 1619/359/1702 1635/364/1703
f 1606/365/1621 1628/366/1621 1621/367/1621 1602/368/1621
f 1605/363/1692 1606/369/1692 1602/370/1692 1604/360/1692
f 1616/371/1704 1611/372/1705 1620/373/1706 1624/374/1707
f 1611/372/1708 1639/375/1709 1636/376/1710 1620/373/1711
f 1624/374/1642 1627/377/1642 1632/378/1712 1616/371/1712
f 1605/379/1651 1635/380/1713 1628/366/1714 1606/365/1651
f 1627/381/1715 1636/376/1716 1639/375/1717 1632/382/1718
f 1631/354/1719 1640/383/1720 1607/384/1627 1608/355/1627
f 1611/372/1708 1610/385/1721 1638/386/1722 1639/375/1709
f 1610/385/1721 1609/387/1723 1637/388/1724 1638/386/1722
f 1609/387/1723 1612/352/1695 1640/351/1694 1637/388/1724
f 1612/389/1699 1609/387/1725 1614/390/1726 1613/391/1700
f 1609/387/1725 1610/385/1727 1615/392/1728 1614/390/1726
f 1610/385/1727 1611/372/1705 1616/371/1704 1615/392/1728
f 1613/353/1696 1614/390/1642 1630/393/1642 1631/354/1631
f 1614/390/1642 1615/392/1642 1629/394/1712 1630/393/1642
f 1615/392/1642 1616/371/1712 1632/378/1712 1629/394/1712
f 1619/359/1702 1618/395/1729 1634/396/1730 1635/364/1703
f 1618/395/1729 1617/397/1731 1633/398/1732 1634/396/1730
f 1617/397/1731 1620/373/1711 1636/376/1710 1633/398/1732
f 1620/373/1706 1617/397/1733 1623/399/1734 1624/374/1707
f 1617/397/1733 1618/395/1735 1622/400/1736 1623/399/1734
f 1618/395/1735 1619/401/1698 1621/402/1697 1622/400/1736
f 1624/374/1642 1623/399/1642 1626/403/1642 1627/377/1642
f 1623/399/1642 1622/400/1642 1625/404/1642 1626/403/1642
f 1622/400/1642 1621/367/1621 1628/366/1621 1625/404/1642
f 1627/381/1715 1626/405/1737 1633/398/1738 1636/376/1716
f 1626/405/1737 1625/406/1739 1634/396/1740 1633/398/1738
f 1625/404/1739 1628/366/1714 1635/380/1713 1634/407/1740
f 1631/354/1719 1630/393/1741 1637/408/1742 1640/383/1720
f 1630/409/1741 1629/410/1743 1638/386/1744 1637/388/1742
f 1629/410/1743 1632/382/1718 1639/375/1717 1638/386/1744
f 1641/411/1745 1648/412/1745 1647/413/1745 1643/414/1745
f 1643/414/1746 1647/413/1746 1680/415/1747 1652/416/1748
f 1653/417/1749 1671/418/1750 1648/419/1751 1641/420/1751
f 1642/421/1752 1661/422/1753 1659/423/1754 1644/424/1752
f 1652/416/1755 1653/425/1756 1641/426/1757 1643/414/1757
f 1645/427/1758 1644/424/1758 1659/423/1759 1675/428/1760
f 1646/429/1761 1668/430/1762 1661/431/1763 1642/432/1761
f 1645/427/1764 1646/433/1764 1642/434/1764 1644/424/1764
f 1656/435/1765 1651/436/1766 1660/437/1767 1664/438/1768
f 1651/436/1769 1679/439/1770 1676/440/1771 1660/437/1772
f 1664/438/1773 1667/441/1773 1672/442/1773 1656/435/1773
f 1645/443/1774 1675/444/1775 1668/430/1776 1646/429/1774
f 1667/445/1777 1676/440/1778 1679/439/1779 1672/446/1780
f 1671/418/1781 1680/447/1782 1647/448/1752 1648/419/1752
f 1651/436/1769 1650/449/1783 1678/450/1784 1679/439/1770
f 1650/449/1783 1649/451/1785 1677/452/1786 1678/450/1784
f 1649/451/1785 1652/416/1748 1680/415/1747 1677/452/1786
f 1652/453/1755 1649/451/1787 1654/454/1788 1653/455/1756
f 1649/451/1787 1650/449/1789 1655/456/1790 1654/454/1788
f 1650/449/1789 1651/436/1766 1656/435/1765 1655/456/1790
f 1653/417/1749 1654/454/1791 1670/457/1773 1671/418/1750
f 1654/454/1791 1655/456/1791 1669/458/1791 1670/457/1773
f 1655/456/1791 1656/435/1773 1672/442/1773 1669/458/1791
f 1659/423/1759 1658/459/1792 1674/460/1793 1675/428/1760
f 1658/459/1792 1657/461/1794 1673/462/1795 1674/460/1793
f 1657/461/1794 1660/437/1772 1676/440/1771 1673/462/1795
f 1660/437/1767 1657/461/1796 1663/463/1797 1664/438/1768
f 1657/461/1796 1658/459/1798 1662/464/1799 1663/463/1797
f 1658/459/1798 1659/465/1754 1661/466/1753 1662/464/1799
f 1664/438/1773 1663/463/1773 1666/467/1773 1667/441/1773
f 1663/463/1773 1662/464/1773 1665/468/1773 1666/467/1773
f 1662/464/1773 1661/431/1763 1668/430/1762 1665/468/1773
f 1667/445/1777 1666/469/1800 1673/462/1801 1676/440/1778
f 1666/469/1800 1665/470/1802 1674/460/1803 1673/462/1801
f 1665/468/1802 1668/430/1776 1675/444/1775 1674/471/1803
f 1671/418/1781 1670/457/1804 1677/472/1805 1680/447/1782
f 1670/473/1804 1669/474/1806 1678/450/1807 1677/452/1805
f 1669/474/1806 1672/446/1780 1679/439/1779 1678/450/1807
f 1681/475/1808 1688/476/1808 1687/477/1808 1683/478/1808
f 1683/478/1809 1687/477/1809 1720/479/1810 1692/480/1811
f 1693/481/1812 1711/482/1813 1688/483/1814 1681/484/1814
f 1682/485/1757 1701/486/1815 1699/487/1816 1684/488/1757
f 1692/480/1817 1693/489/1818 1681/490/1819 1683/478/1819
f 1685/491/1820 1684/488/1820 1699/487/1821 1715/492/1822
f 1686/493/1823 1708/494/1824 1701/495/1825 1682/496/1823
f 1685/491/1808 1686/497/1808 1682/498/1808 1684/488/1808
f 1696/499/1826 1691/500/1827 1700/501/1828 1704/502/1829
f 1691/500/1830 1719/503/1831 1716/504/1832 1700/501/1833
f 1704/502/1834 1707/505/1773 1712/506/1773 1696/499/1773
f 1685/507/1819 1715/508/1835 1708/494/1836 1686/493/1819
f 1707/509/1837 1716/504/1838 1719/503/1839 1712/510/1840
f 1711/482/1841 1720/511/1842 1687/512/1757 1688/483/1757
f 1691/500/1830 1690/513/1843 1718/514/1844 1719/503/1831
f 1690/513/1843 1689/515/1845 1717/516/1846 1718/514/1844
f 1689/515/1845 1692/480/1811 1720/479/1810 1717/516/1846
f 1692/517/1817 1689/515/1847 1694/518/1848 1693/519/1818
f 1689/515/1847 1690/513/1849 1695/520/1850 1694/518/1848
f 1690/513/1849 1691/500/1827 1696/499/1826 1695/520/1850
f 1693/481/1812 1694/518/1834 1710/521/1851 1711/482/1813
f 1694/518/1834 1695/520/1773 1709/522/1773 1710/521/1851
f 1695/520/1773 1696/499/1773 1712/506/1773 1709/522/1773
f 1699/487/1821 1698/523/1852 1714/524/1853 1715/492/1822
f 1698/523/1852 1697/525/1854 1713/526/1855 1714/524/1853
f 1697/525/1854 1700/501/1833 1716/504/1832 1713/526/1855
f 1700/501/1828 1697/525/1856 1703/527/1857 1704/502/1829
f 1697/525/1856 1698/523/1858 1702/528/1859 1703/527/1857
f 1698/523/1858 1699/529/1816 1701/530/1815 1702/528/1859
f 1704/502/1834 1703/527/1773 1706/531/1773 1707/505/1773
f 1703/527/1773 1702/528/1773 1705/532/1773 1706/531/1773
f 1702/528/1773 1701/495/1825 1708/494/1824 1705/532/1773
f 1707/509/1837 1706/533/1860 1713/526/1861 1716/504/1838
f 1706/533/1860 1705/534/1862 1714/524/1863 1713/526/1861
f 1705/532/1862 1708/494/1836 1715/508/1835 1714/535/1863
f 1711/482/1841 1710/521/1864 1717/536/1865 1720/511/1842
f 1710/537/1864 1709/538/1866 1718/514/1867 1717/516/1865
f 1709/538/1866 1712/510/1840 1719/503/1839 1718/514/1867
f 1721/221/1868 1728/222/1868 1727/223/1868 1723/224/1868
f 1723/224/1869 1727/223/1869 1760/225/1870 1732/226/1871
f 1733/227/1872 1751/228/1872 1728/229/1872 1721/230/1872
f 1722/231/1873 1741/232/1874 1739/233/1875 1724/234/1873
f 1732/226/1876 1733/235/1877 1721/236/1878 1723/224/1878
f 1725/237/1879 1724/234/1879 1739/233/1880 1755/238/1881
f 1726/239/1872 1748/240/1872 1741/241/1872 1722/242/1872
f 1725/237/1882 1726/243/1882 1722/244/1882 1724/234/1882
f 1736/245/1883 1731/246/1884 1740/247/1885 1744/248/1886
f 1731/246/1887 1759/249/1888 1756/250/1889 1740/247/1890
f 1744/248/1891 1747/251/1891 1752/252/1892 1736/245/1892
f 1725/253/1893 1755/254/1894 1748/240/1895 1726/239/1893
f 1747/255/1896 1756/250/1897 1759/249/1898 1752/256/1899
f 1751/228/1900 1760/257/1901 1727/258/1902 1728/229/1902
f 1731/246/1887 1730/259/1903 1758/260/1904 1759/249/1888
f 1730/259/1903 1729/261/1905 1757/262/1906 1758/260/1904
f 1729/261/1905 1732/226/1871 1760/225/1870 1757/262/1906
f 1732/263/1876 1729/261/1907 1734/264/1908 1733/265/1877
f 1729/261/1907 1730/259/1909 1735/266/1910 1734/264/1908
f 1730/259/1909 1731/246/1884 1736/245/1883 1735/266/1910
f 1733/227/1872 1734/264/1872 1750/267/1872 1751/228/1872
f 1734/264/1872 1735/266/1872 1749/268/1911 1750/267/1872
f 1735/266/1872 1736/245/1892 1752/252/1892 1749/268/1911
f 1739/233/1880 1738/269/1912 1754/270/1913 1755/238/1881
f 1738/269/1912 1737/271/1914 1753/272/1915 1754/270/1913
f 1737/271/1914 1740/247/1890 1756/250/1889 1753/272/1915
f 1740/247/1885 1737/271/1916 1743/273/1917 1744/248/1886
f 1737/271/1916 1738/269/1918 1742/274/1919 1743/273/1917
f 1738/269/1918 1739/275/1875 1741/276/1874 1742/274/1919
f 1744/248/1891 1743/273/1872 1746/277/1872 1747/251/1891
f 1743/273/1872 1742/274/1872 1745/278/1872 1746/277/1872
f 1742/274/1872 1741/241/1872 1748/240/1872 1745/278/1872
f 1747/255/1896 1746/279/1920 1753/272/1921 1756/250/1897
f 1746/279/1920 1745/280/1922 1754/270/1923 1753/272/1921
f 1745/278/1922 1748/240/1895 1755/254/1894 1754/281/1923
f 1751/228/1900 1750/267/1924 1757/282/1925 1760/257/1901
f 1750/283/1924 1749/284/1926 1758/260/1927 1757/262/1925
f 1749/284/1926 1752/256/1899 1759/249/1898 1758/260/1927
f 1768/285/1928 1764/286/1928 1771/287/1929 1774/288/1929
f 1779/289/1930 1784/290/1930 1791/291/1931 1788/292/1931
f 1787/293/1932 1792/294/1932 1773/295/1933 1772/296/1933
f 1783/297/1934 1780/298/1934 1763/299/1935 1765/300/1935
f 1763/299/1935 1762/301/1936 1766/302/1936 1765/300/1935
f 1762/301/1936 1761/303/1937 1767/304/1937 1766/302/1936
f 1761/303/1937 1764/286/1928 1768/285/1928 1767/304/1937
f 1771/287/1929 1770/305/1938 1775/306/1938 1774/288/1929
f 1770/305/1938 1769/307/1939 1776/308/1939 1775/306/1938
f 1769/307/1939 1772/296/1933 1773/295/1933 1776/308/1939
f 1779/289/1930 1778/309/1940 1781/310/1940 1784/290/1930
f 1778/309/1940 1777/311/1941 1782/312/1941 1781/310/1940
f 1777/311/1941 1780/298/1934 1783/297/1934 1782/312/1941
f 1787/293/1932 1786/313/1942 1789/314/1942 1792/294/1932
f 1786/313/1942 1785/315/1943 1790/316/1943 1789/314/1942
f 1785/315/1943 1788/317/1931 1791/318/1931 1790/316/1943
f 1773/319/96 1765/320/96 1766/321/96 1776/322/96
f 1763/323/99 1772/324/99 1769/325/99 1762/326/99
f 1789/327/96 1782/328/96 1783/329/96 1792/330/96
f 1775/331/96 1767/332/96 1768/285/1944 1774/288/1944
f 1776/322/96 1766/321/96 1767/332/96 1775/331/96
f 1787/333/99 1772/324/99 1763/323/99 1780/334/99
f 1762/326/99 1769/325/99 1770/335/99 1761/336/99
f 1761/336/99 1770/335/99 1771/287/99 1764/286/99
f 1786/337/99 1777/338/99 1778/339/99 1785/340/99
f 1787/333/99 1780/334/99 1777/338/99 1786/337/99
f 1785/340/99 1778/339/99 1779/341/1945 1788/342/1945
f 1792/330/96 1783/329/96 1765/320/96 1773/319/96
f 1791/343/699 1784/344/699 1781/345/96 1790/346/96
f 1790/346/96 1781/345/96 1782/328/96 1789/327/96
f 1793/347/1946 1800/348/1946 1799/349/1946 1795/350/1946
f 1795/350/1947 1799/349/1947 1832/351/1948 1804/352/1949
f 1805/353/1872 1823/354/1872 1800/355/1872 1793/356/1872
f 1794/357/1878 1813/358/1950 1811/359/1951 1796/360/1878
f 1804/352/1952 1805/361/1953 1793/362/1873 1795/350/1873
f 1797/363/1954 1796/360/1954 1811/359/1955 1827/364/1956
f 1798/365/1872 1820/366/1872 1813/367/1872 1794/368/1872
f 1797/363/1946 1798/369/1946 1794/370/1946 1796/360/1946
f 1808/371/1957 1803/372/1958 1812/373/1959 1816/374/1960
f 1803/372/1961 1831/375/1962 1828/376/1963 1812/373/1964
f 1816/374/1965 1819/377/1965 1824/378/1966 1808/371/1966
f 1797/379/1902 1827/380/1967 1820/366/1968 1798/365/1902
f 1819/381/1969 1828/376/1970 1831/375/1971 1824/382/1972
f 1823/354/1973 1832/383/1974 1799/384/1893 1800/355/1893
f 1803/372/1961 1802/385/1975 1830/386/1976 1831/375/1962
f 1802/385/1975 1801/387/1977 1829/388/1978 1830/386/1976
f 1801/387/1977 1804/352/1949 1832/351/1948 1829/388/1978
f 1804/389/1952 1801/387/1979 1806/390/1980 1805/391/1953
f 1801/387/1979 1802/385/1981 1807/392/1982 1806/390/1980
f 1802/385/1981 1803/372/1958 1808/371/1957 1807/392/1982
f 1805/353/1872 1806/390/1872 1822/393/1872 1823/354/1872
f 1806/390/1872 1807/392/1872 1821/394/1872 1822/393/1872
f 1807/392/1872 1808/371/1966 1824/378/1966 1821/394/1872
f 1811/359/1955 1810/395/1983 1826/396/1984 1827/364/1956
f 1810/395/1983 1809/397/1985 1825/398/1986 1826/396/1984
f 1809/397/1985 1812/373/1964 1828/376/1963 1825/398/1986
f 1812/373/1959 1809/397/1987 1815/399/1988 1816/374/1960
f 1809/397/1987 1810/395/1989 1814/400/1990 1815/399/1988
f 1810/395/1989 1811/401/1951 1813/402/1950 1814/400/1990
f 1816/374/1965 1815/399/1872 1818/403/1911 1819/377/1965
f 1815/399/1872 1814/400/1872 1817/404/1872 1818/403/1911
f 1814/400/1872 1813/367/1872 1820/366/1872 1817/404/1872
f 1819/381/1969 1818/405/1991 1825/398/1992 1828/376/1970
f 1818/405/1991 1817/406/1993 1826/396/1994 1825/398/1992
f 1817/404/1993 1820/366/1968 1827/380/1967 1826/407/1994
f 1823/354/1973 1822/393/1995 1829/408/1996 1832/383/1974
f 1822/409/1995 1821/410/1997 1830/386/1998 1829/388/1996
f 1821/410/1997 1824/382/1972 1831/375/1971 1830/386/1998
f 1833/411/1999 1840/412/1999 1839/413/1999 1835/414/1999
f 1835/414/2000 1839/413/2000 1872/415/2001 1844/416/2002
f 1845/417/2003 1863/418/2004 1840/419/2005 1833/420/2005
f 1834/421/2006 1853/422/2007 1851/423/2008 1836/424/2006
f 1844/416/2009 1845/425/2010 1833/426/2011 1835/414/2011
f 1837/427/2012 1836/424/2012 1851/423/2013 1867/428/2014
f 1838/429/2015 1860/430/2016 1853/431/2017 1834/432/2015
f 1837/427/2018 1838/433/2018 1834/434/2018 1836/424/2018
f 1848/435/2019 1843/436/2020 1852/437/2021 1856/438/2022
f 1843/436/2023 1871/439/2024 1868/440/2025 1852/437/2026
f 1856/438/2027 1859/441/2028 1864/442/2029 1848/435/2029
f 1837/443/2011 1867/444/2030 1860/430/2031 1838/429/2011
f 1859/445/2032 1868/440/2033 1871/439/2034 1864/446/2035
f 1863/418/2036 1872/447/2037 1839/448/2006 1840/419/2006
f 1843/436/2023 1842/449/2038 1870/450/2039 1871/439/2024
f 1842/449/2038 1841/451/2040 1869/452/2041 1870/450/2039
f 1841/451/2040 1844/416/2002 1872/415/2001 1869/452/2041
f 1844/453/2009 1841/451/2042 1846/454/2043 1845/455/2010
f 1841/451/2042 1842/449/2044 1847/456/2045 1846/454/2043
f 1842/449/2044 1843/436/2020 1848/435/2019 1847/456/2045
f 1845/417/2003 1846/454/2028 1862/457/2028 1863/418/2004
f 1846/454/2028 1847/456/2029 1861/458/2029 1862/457/2028
f 1847/456/2029 1848/435/2029 1864/442/2029 1861/458/2029
f 1851/423/2013 1850/459/2046 1866/460/2047 1867/428/2014
f 1850/459/2046 1849/461/2048 1865/462/2049 1866/460/2047
f 1849/461/2048 1852/437/2026 1868/440/2025 1865/462/2049
f 1852/437/2021 1849/461/2050 1855/463/2051 1856/438/2022
f 1849/461/2050 1850/459/2052 1854/464/2053 1855/463/2051
f 1850/459/2052 1851/465/2008 1853/466/2007 1854/464/2053
f 1856/438/2027 1855/463/2029 1858/467/2027 1859/441/2028
f 1855/463/2029 1854/464/2029 1857/468/2029 1858/467/2027
f 1854/464/2029 1853/431/2017 1860/430/2016 1857/468/2029
f 1859/445/2032 1858/469/2054 1865/462/2055 1868/440/2033
f 1858/469/2054 1857/470/2056 1866/460/2057 1865/462/2055
f 1857/468/2056 1860/430/2031 1867/444/2030 1866/471/2057
f 1863/418/2036 1862/457/2058 1869/472/2059 1872/447/2037
f 1862/473/2058 1861/474/2060 1870/450/2061 1869/452/2059
f 1861/474/2060 1864/446/2035 1871/439/2034 1870/450/2061
f 1873/475/2062 1880/476/2062 1879/477/2062 1875/478/2062
f 1875/478/2063 1879/477/2063 1912/479/2064 1884/480/2065
f 1885/481/2066 1903/482/2067 1880/483/2068 1873/484/2068
f 1874/485/2011 1893/486/2069 1891/487/2070 1876/488/2011
f 1884/480/2071 1885/489/2072 1873/490/2006 1875/478/2006
f 1877/491/2073 1876/488/2073 1891/487/2074 1907/492/2075
f 1878/493/2076 1900/494/2077 1893/495/2078 1874/496/2076
f 1877/491/2079 1878/497/2079 1874/498/2079 1876/488/2079
f 1888/499/2080 1883/500/2081 1892/501/2082 1896/502/2083
f 1883/500/2084 1911/503/2085 1908/504/2086 1892/501/2087
f 1896/502/2029 1899/505/2029 1904/506/2029 1888/499/2028
f 1877/507/2006 1907/508/2088 1900/494/2089 1878/493/2006
f 1899/509/2090 1908/504/2091 1911/503/2092 1904/510/2093
f 1903/482/2094 1912/511/2095 1879/512/2011 1880/483/2011
f 1883/500/2084 1882/513/2096 1910/514/2097 1911/503/2085
f 1882/513/2096 1881/515/2098 1909/516/2099 1910/514/2097
f 1881/515/2098 1884/480/2065 1912/479/2064 1909/516/2099
f 1884/517/2071 1881/515/2100 1886/518/2101 1885/519/2072
f 1881/515/2100 1882/513/2102 1887/520/2103 1886/518/2101
f 1882/513/2102 1883/500/2081 1888/499/2080 1887/520/2103
f 1885/481/2066 1886/518/2104 1902/521/2104 1903/482/2067
f 1886/518/2104 1887/520/2029 1901/522/2029 1902/521/2104
f 1887/520/2029 1888/499/2028 1904/506/2029 1901/522/2029
f 1891/487/2074 1890/523/2105 1906/524/2106 1907/492/2075
f 1890/523/2105 1889/525/2107 1905/526/2108 1906/524/2106
f 1889/525/2107 1892/501/2087 1908/504/2086 1905/526/2108
f 1892/501/2082 1889/525/2109 1895/527/2110 1896/502/2083
f 1889/525/2109 1890/523/2111 1894/528/2112 1895/527/2110
f 1890/523/2111 1891/529/2070 1893/530/2069 1894/528/2112
f 1896/502/2029 1895/527/2104 1898/531/2029 1899/505/2029
f 1895/527/2104 1894/528/2104 1897/532/2029 1898/531/2029
f 1894/528/2104 1893/495/2078 1900/494/2077 1897/532/2029
f 1899/509/2090 1898/533/2113 1905/526/2114 1908/504/2091
f 1898/533/2113 1897/534/2115 1906/524/2116 1905/526/2114
f 1897/532/2115 1900/494/2089 1907/508/2088 1906/535/2116
f 1903/482/2094 1902/521/2117 1909/536/2118 1912/511/2095
f 1902/537/2117 1901/538/2119 1910/514/2120 1909/516/2118
f 1901/538/2119 1904/510/2093 1911/503/2092 1910/514/2120
f 1913/221/2121 1920/222/2121 1919/223/2121 1915/224/2121
f 1915/224/2122 1919/223/2122 1952/225/2123 1924/226/2124
f 1925/227/2125 1943/228/2125 1920/229/2125 1913/230/2125
f 1914/231/2126 1933/232/2127 1931/233/2128 1916/234/2126
f 1924/226/2129 1925/235/2130 1913/236/2131 1915/224/2131
f 1917/237/2132 1916/234/2132 1931/233/2133 1947/238/2134
f 1918/239/2135 1940/240/2135 1933/241/2136 1914/242/2135
f 1917/237/2121 1918/243/2121 1914/244/2121 1916/234/2121
f 1928/245/2137 1923/246/2138 1932/247/2139 1936/248/2140
f 1923/246/2141 1951/249/2142 1948/250/2143 1932/247/2144
f 1936/248/2145 1939/251/2125 1944/252/2125 1928/245/2125
f 1917/253/2131 1947/254/2146 1940/240/2147 1918/239/2131
f 1939/255/2148 1948/250/2149 1951/249/2150 1944/256/2151
f 1943/228/2152 1952/257/1146 1919/258/2126 1920/229/2126
f 1923/246/2141 1922/259/2153 1950/260/2154 1951/249/2142
f 1922/259/2153 1921/261/2155 1949/262/2156 1950/260/2154
f 1921/261/2155 1924/226/2124 1952/225/2123 1949/262/2156
f 1924/263/2129 1921/261/2157 1926/264/2158 1925/265/2130
f 1921/261/2157 1922/259/2159 1927/266/2160 1926/264/2158
f 1922/259/2159 1923/246/2138 1928/245/2137 1927/266/2160
f 1925/227/2125 1926/264/2125 1942/267/2125 1943/228/2125
f 1926/264/2125 1927/266/2125 1941/268/2125 1942/267/2125
f 1927/266/2125 1928/245/2125 1944/252/2125 1941/268/2125
f 1931/233/2133 1930/269/2161 1946/270/2162 1947/238/2134
f 1930/269/2161 1929/271/2163 1945/272/2164 1946/270/2162
f 1929/271/2163 1932/247/2144 1948/250/2143 1945/272/2164
f 1932/247/2139 1929/271/2165 1935/273/2166 1936/248/2140
f 1929/271/2165 1930/269/2167 1934/274/2168 1935/273/2166
f 1930/269/2167 1931/275/2128 1933/276/2127 1934/274/2168
f 1936/248/2145 1935/273/2125 1938/277/2125 1939/251/2125
f 1935/273/2125 1934/274/2125 1937/278/2125 1938/277/2125
f 1934/274/2125 1933/241/2136 1940/240/2135 1937/278/2125
f 1939/255/2148 1938/279/2169 1945/272/2170 1948/250/2149
f 1938/279/2169 1937/280/2171 1946/270/2172 1945/272/2170
f 1937/278/2171 1940/240/2147 1947/254/2146 1946/281/2172
f 1943/228/2152 1942/267/2173 1949/282/2174 1952/257/1146
f 1942/283/2173 1941/284/2175 1950/260/2176 1949/262/2174
f 1941/284/2175 1944/256/2151 1951/249/2150 1950/260/2176
f 1960/285/2177 1956/286/2177 1963/287/2178 1966/288/2178
f 1971/289/2179 1976/290/2179 1983/291/2180 1980/292/2181
f 1979/293/2182 1984/294/2182 1965/295/2183 1964/296/2183
f 1975/297/2184 1972/298/2184 1955/299/2185 1957/300/2185
f 1955/299/2185 1954/301/2186 1958/302/2186 1957/300/2185
f 1954/301/2186 1953/303/2187 1959/304/2187 1958/302/2186
f 1953/303/2187 1956/286/2177 1960/285/2177 1959/304/2187
f 1963/287/2178 1962/305/2188 1967/306/2188 1966/288/2178
f 1962/305/2188 1961/307/2189 1968/308/2189 1967/306/2188
f 1961/307/2189 1964/296/2183 1965/295/2183 1968/308/2189
f 1971/289/2179 1970/309/1190 1973/310/1190 1976/290/2179
f 1970/309/1190 1969/311/2190 1974/312/2190 1973/310/1190
f 1969/311/2190 1972/298/2184 1975/297/2184 1974/312/2190
f 1979/293/2182 1978/313/2191 1981/314/2191 1984/294/2182
f 1978/313/2191 1977/315/2192 1982/316/2192 1981/314/2191
f 1977/315/2192 1980/317/2181 1983/318/2180 1982/316/2192
f 1965/319/96 1957/320/96 1958/321/96 1968/322/96
f 1955/323/99 1964/324/99 1961/325/99 1954/326/99
f 1981/327/96 1974/328/96 1975/329/96 1984/330/96
f 1967/331/96 1959/332/96 1960/285/96 1966/288/96
f 1968/322/96 1958/321/96 1959/332/96 1967/331/96
f 1979/333/99 1964/324/99 1955/323/99 1972/334/99
f 1954/326/99 1961/325/99 1962/335/99 1953/336/99
f 1953/336/99 1962/335/99 1963/287/99 1956/286/99
f 1978/337/99 1969/338/99 1970/339/99 1977/340/99
f 1979/333/99 1972/334/99 1969/338/99 1978/337/99
f 1977/340/99 1970/339/99 1971/341/99 1980/342/99
f 1984/330/96 1975/329/96 1957/320/96 1965/319/96
f 1983/343/1944 1976/344/1944 1973/345/96 1982/346/96
f 1982/346/96 1973/345/96 1974/328/96 1981/327/96
f 1985/347/2193 1992/348/2193 1991/349/2193 1987/350/2193
f 1987/350/2194 1991/349/2194 2024/351/2195 1996/352/2196
f 1997/353/2136 2015/354/2135 1992/355/2135 1985/356/2135
f 1986/357/2131 2005/358/2197 2003/359/2198 1988/360/2131
f 1996/352/2199 1997/361/2200 1985/362/2126 1987/350/2126
f 1989/363/2201 1988/360/2201 2003/359/2202 2019/364/2203
f 1990/365/2125 2012/366/2125 2005/367/2125 1986/368/2125
f 1989/363/2204 1990/369/2204 1986/370/2204 1988/360/2204
f 2000/371/2205 1995/372/2206 2004/373/2207 2008/374/2208
f 1995/372/2209 2023/375/2210 2020/376/2211 2004/373/2212
f 2008/374/2125 2011/377/2125 2016/378/2213 2000/371/2213
f 1989/379/2126 2019/380/1222 2012/366/2214 1990/365/2126
f 2011/381/2215 2020/376/2216 2023/375/2217 2016/382/2218
f 2015/354/2219 2024/383/2220 1991/384/2131 1992/355/2131
f 1995/372/2209 1994/385/2221 2022/386/2222 2023/375/2210
f 1994/385/2221 1993/387/2223 2021/388/2224 2022/386/2222
f 1993/387/2223 1996/352/2196 2024/351/2195 2021/388/2224
f 1996/389/2199 1993/387/2225 1998/390/2226 1997/391/2200
f 1993/387/2225 1994/385/2227 1999/392/2228 1998/390/2226
f 1994/385/2227 1995/372/2206 2000/371/2205 1999/392/2228
f 1997/353/2136 1998/390/2125 2014/393/2125 2015/354/2135
f 1998/390/2125 1999/392/2125 2013/394/2125 2014/393/2125
f 1999/392/2125 2000/371/2213 2016/378/2213 2013/394/2125
f 2003/359/2202 2002/395/2229 2018/396/2230 2019/364/2203
f 2002/395/2229 2001/397/2231 2017/398/2232 2018/396/2230
f 2001/397/2231 2004/373/2212 2020/376/2211 2017/398/2232
f 2004/373/2207 2001/397/2233 2007/399/2234 2008/374/2208
f 2001/397/2233 2002/395/2235 2006/400/2236 2007/399/2234
f 2002/395/2235 2003/401/2198 2005/402/2197 2006/400/2236
f 2008/374/2125 2007/399/2125 2010/403/2125 2011/377/2125
f 2007/399/2125 2006/400/2125 2009/404/2125 2010/403/2125
f 2006/400/2125 2005/367/2125 2012/366/2125 2009/404/2125
f 2011/381/2215 2010/405/2237 2017/398/2238 2020/376/2216
f 2010/405/2237 2009/406/2239 2018/396/2240 2017/398/2238
f 2009/404/2239 2012/366/2214 2019/380/1222 2018/407/2240
f 2015/354/2219 2014/393/2241 2021/408/2242 2024/383/2220
f 2014/409/2241 2013/410/2243 2022/386/2244 2021/388/2242
f 2013/410/2243 2016/382/2218 2023/375/2217 2022/386/2244
f 2025/411/2245 2032/412/2245 2031/413/2245 2027/414/2245
f 2027/414/2246 2031/413/2246 2064/415/2247 2036/416/2248
f 2037/417/2249 2055/418/2250 2032/419/2251 2025/420/2251
f 2026/421/2252 2045/422/2253 2043/423/2254 2028/424/2252
f 2036/416/2255 2037/425/2256 2025/426/2257 2027/414/2257
f 2029/427/2258 2028/424/2258 2043/423/2259 2059/428/2260
f 2030/429/2261 2052/430/2262 2045/431/2263 2026/432/2261
f 2029/427/2264 2030/433/2264 2026/434/2264 2028/424/2264
f 2040/435/2265 2035/436/2266 2044/437/2267 2048/438/2268
f 2035/436/2269 2063/439/2270 2060/440/2271 2044/437/2272
f 2048/438/2273 2051/441/2273 2056/442/2274 2040/435/2274
f 2029/443/2257 2059/444/2275 2052/430/2276 2030/429/2257
f 2051/445/2277 2060/440/2278 2063/439/2279 2056/446/2280
f 2055/418/2281 2064/447/2282 2031/448/2252 2032/419/2252
f 2035/436/2269 2034/449/2283 2062/450/2284 2063/439/2270
f 2034/449/2283 2033/451/2285 2061/452/2286 2062/450/2284
f 2033/451/2285 2036/416/2248 2064/415/2247 2061/452/2286
f 2036/453/2255 2033/451/2287 2038/454/2288 2037/455/2256
f 2033/451/2287 2034/449/2289 2039/456/2290 2038/454/2288
f 2034/449/2289 2035/436/2266 2040/435/2265 2039/456/2290
f 2037/417/2249 2038/454/2273 2054/457/2273 2055/418/2250
f 2038/454/2273 2039/456/2273 2053/458/2273 2054/457/2273
f 2039/456/2273 2040/435/2274 2056/442/2274 2053/458/2273
f 2043/423/2259 2042/459/2291 2058/460/2292 2059/428/2260
f 2042/459/2291 2041/461/2293 2057/462/2294 2058/460/2292
f 2041/461/2293 2044/437/2272 2060/440/2271 2057/462/2294
f 2044/437/2267 2041/461/2295 2047/463/2296 2048/438/2268
f 2041/461/2295 2042/459/2297 2046/464/2298 2047/463/2296
f 2042/459/2297 2043/465/2254 2045/466/2253 2046/464/2298
f 2048/438/2273 2047/463/2273 2050/467/2273 2051/441/2273
f 2047/463/2273 2046/464/2274 2049/468/2274 2050/467/2273
f 2046/464/2274 2045/431/2263 2052/430/2262 2049/468/2274
f 2051/445/2277 2050/469/2299 2057/462/2300 2060/440/2278
f 2050/469/2299 2049/470/2301 2058/460/2302 2057/462/2300
f 2049/468/2301 2052/430/2276 2059/444/2275 2058/471/2302
f 2055/418/2281 2054/457/2303 2061/472/2304 2064/447/2282
f 2054/473/2303 2053/474/2305 2062/450/2306 2061/452/2304
f 2053/474/2305 2056/446/2280 2063/439/2279 2062/450/2306
f 2065/475/2307 2072/476/2307 2071/477/2307 2067/478/2307
f 2067/478/2308 2071/477/2308 2104/479/2309 2076/480/2310
f 2077/481/2311 2095/482/2312 2072/483/2313 2065/484/2313
f 2066/485/2257 2085/486/2314 2083/487/2315 2068/488/2257
f 2076/480/2316 2077/489/2317 2065/490/2252 2067/478/2252
f 2069/491/2318 2068/488/2318 2083/487/2319 2099/492/2320
f 2070/493/2321 2092/494/2322 2085/495/2323 2066/496/2321
f 2069/491/2307 2070/497/2307 2066/498/2307 2068/488/2307
f 2080/499/2324 2075/500/2325 2084/501/2326 2088/502/2327
f 2075/500/2328 2103/503/2329 2100/504/2330 2084/501/2331
f 2088/502/2274 2091/505/2274 2096/506/2273 2080/499/2273
f 2069/507/2252 2099/508/2332 2092/494/2333 2070/493/2252
f 2091/509/2334 2100/504/2335 2103/503/2336 2096/510/2337
f 2095/482/2338 2104/511/2339 2071/512/2257 2072/483/2257
f 2075/500/2328 2074/513/2340 2102/514/2341 2103/503/2329
f 2074/513/2340 2073/515/2342 2101/516/2343 2102/514/2341
f 2073/515/2342 2076/480/2310 2104/479/2309 2101/516/2343
f 2076/517/2316 2073/515/2344 2078/518/2345 2077/519/2317
f 2073/515/2344 2074/513/2346 2079/520/2347 2078/518/2345
f 2074/513/2346 2075/500/2325 2080/499/2324 2079/520/2347
f 2077/481/2311 2078/518/2274 2094/521/2274 2095/482/2312
f 2078/518/2274 2079/520/2273 2093/522/2273 2094/521/2274
f 2079/520/2273 2080/499/2273 2096/506/2273 2093/522/2273
f 2083/487/2319 2082/523/2348 2098/524/2349 2099/492/2320
f 2082/523/2348 2081/525/2350 2097/526/2351 2098/524/2349
f 2081/525/2350 2084/501/2331 2100/504/2330 2097/526/2351
f 2084/501/2326 2081/525/2352 2087/527/2353 2088/502/2327
f 2081/525/2352 2082/523/2354 2086/528/2355 2087/527/2353
f 2082/523/2354 2083/529/2315 2085/530/2314 2086/528/2355
f 2088/502/2274 2087/527/2274 2090/531/2274 2091/505/2274
f 2087/527/2274 2086/528/2273 2089/532/2273 2090/531/2274
f 2086/528/2273 2085/495/2323 2092/494/2322 2089/532/2273
f 2091/509/2334 2090/533/2356 2097/526/2357 2100/504/2335
f 2090/533/2356 2089/534/2358 2098/524/2359 2097/526/2357
f 2089/532/2358 2092/494/2333 2099/508/2332 2098/535/2359
f 2095/482/2338 2094/521/2360 2101/536/2361 2104/511/2339
f 2094/537/2360 2093/538/2362 2102/514/2363 2101/516/2361
f 2093/538/2362 2096/510/2337 2103/503/2336 2102/514/2363
f 2106/539/2364 2105/540/2364 2153/541/2365 2154/542/2366
f 2105/540/2367 2107/543/2368 2155/544/2369 2153/541/2367
f 2156/545/2370 2108/546/2371 2106/547/2372 2154/548/2372
f 2107/543/2368 2109/549/2373 2244/550/2374 2155/544/2369
f 2109/549/2375 2110/551/2375 2243/552/2376 2244/550/2377
f 2110/551/2378 2108/546/2371 2156/545/2370 2243/552/2379
f 2112/553/2380 2111/554/2380 2159/555/2381 2160/556/2382
f 2111/554/2383 2113/557/2384 2161/558/2385 2159/555/2383
f 2162/559/2386 2114/560/2387 2112/561/2388 2160/562/2388
f 2113/557/2384 2115/563/2389 2246/564/2390 2161/558/2385
f 2115/563/2391 2116/565/2391 2245/566/2392 2246/564/2393
f 2116/565/2394 2114/560/2387 2162/559/2386 2245/566/2395
f 2118/567/2396 2117/568/2396 2165/569/2397 2166/570/2398
f 2117/568/2399 2119/571/2400 2167/572/2401 2165/569/2399
f 2168/573/2402 2120/574/2403 2118/575/2404 2166/576/2404
f 2119/571/2400 2121/577/2405 2248/578/2406 2167/572/2401
f 2121/577/2407 2122/579/2407 2247/580/2408 2248/578/2409
f 2122/579/2410 2120/574/2403 2168/573/2402 2247/580/2411
f 2124/581/2412 2123/582/2412 2171/583/2413 2172/584/2414
f 2123/585/2415 2125/586/2415 2173/587/2415 2171/588/2415
f 2174/589/2416 2126/590/2416 2124/581/2416 2172/584/2416
f 2130/591/2417 2129/592/2417 2175/593/2418 2176/594/2419
f 2129/595/2420 2131/596/2421 2177/597/2422 2175/598/2420
f 2178/599/2423 2132/600/2424 2130/591/2425 2176/594/2425
f 2131/596/2421 2133/601/2426 2252/602/2427 2177/597/2422
f 2133/601/2428 2134/603/2428 2251/604/2429 2252/602/2430
f 2134/603/2431 2132/600/2424 2178/599/2423 2251/604/2432
f 2136/605/2433 2135/606/2433 2181/607/2433 2182/608/2433
f 2135/609/2434 2137/610/2435 2183/611/2436 2181/612/2434
f 2184/613/2437 2138/614/2438 2136/605/2439 2182/608/2439
f 2137/610/2435 2139/615/2440 2254/616/2441 2183/611/2436
f 2139/615/2442 2140/617/2442 2253/618/2443 2254/616/2444
f 2140/617/2445 2138/614/2438 2184/613/2437 2253/618/2446
f 2142/619/2447 2141/620/2447 2187/621/2448 2188/622/2449
f 2141/620/2450 2143/623/2451 2189/624/2452 2187/621/2450
f 2190/625/2453 2144/626/2454 2142/619/2455 2188/622/2455
f 2143/623/2451 2145/627/2456 2256/628/2457 2189/624/2452
f 2145/627/2458 2146/629/2458 2255/630/2459 2256/628/2460
f 2146/631/2461 2144/626/2454 2190/625/2453 2255/632/2462
f 2148/633/2463 2147/634/2463 2193/635/2463 2194/636/2463
f 2147/637/2464 2149/638/2465 2195/639/2466 2193/640/2464
f 2196/641/2467 2150/642/2468 2148/633/2469 2194/636/2469
f 2149/638/2465 2151/643/2470 2242/644/2471 2195/639/2466
f 2151/643/2472 2152/645/2472 2241/646/2473 2242/644/2474
f 2152/645/2475 2150/642/2468 2196/641/2467 2241/646/2476
f 2199/647/99 2160/648/2382 2159/649/2381 2212/650/99
f 2204/651/2477 2203/652/2478 2202/653/2479 2213/654/2480
f 2205/655/99 2182/656/99 2181/657/99 2216/658/99
f 2207/659/99 2194/660/99 2193/661/99 2209/662/99
f 2156/663/2481 2154/664/2482 2193/661/2482 2195/665/2483
f 2208/666/2484 2207/659/2485 2209/662/2486 2210/667/2486
f 2158/668/2487 2156/663/2481 2195/665/2483 2197/669/2487
f 2155/670/2488 2157/671/2489 2164/672/2489 2162/673/2488
f 2157/671/2490 2200/674/2491 2164/672/2492
f 2153/675/2493 2155/670/2488 2162/673/2488 2160/676/2493
f 2161/677/2494 2163/678/2495 2170/679/2495 2168/680/2494
f 2163/678/2496 2211/681/2497 2170/679/2498
f 2212/682/2499 2211/681/2499 2200/674/2500 2199/683/2500
f 2159/684/2501 2161/677/2494 2168/680/2494 2166/685/2501
f 2167/686/2502 2169/687/2503 2202/688/2503 2174/689/2504
f 2204/651/2505 2213/654/2506 2214/690/2507 2201/691/2505
f 2165/692/2508 2167/686/2502 2174/689/2504 2172/693/2508
f 2173/694/2509 2203/695/2510 2180/696/2510 2178/697/2511
f 2203/652/2478 2204/651/2477 2180/698/2512
f 2201/699/99 2171/700/2413 2176/701/2419
f 2171/700/2513 2173/694/2509 2178/697/2511 2176/701/2513
f 2183/702/2514 2185/703/2515 2192/704/2515 2190/705/2514
f 2185/703/2516 2215/706/2517 2192/704/2518
f 2216/707/2519 2215/706/2520 2206/708/2521 2205/709/2522
f 2181/710/2523 2183/702/2514 2190/705/2514 2188/711/2523
f 2177/712/2524 2179/713/2525 2186/714/2525 2184/715/2526
f 2179/713/2527 2206/708/2528 2186/714/2529
f 2175/716/2530 2177/712/2524 2184/715/2526 2182/717/2530
f 2189/718/2531 2191/719/2532 2198/720/2532 2196/721/2531
f 2191/722/2533 2208/666/2534 2198/723/2535
f 2187/724/2536 2189/718/2531 2196/721/2531 2194/660/2536
f 2199/647/99 2153/725/2365 2160/648/2382
f 2197/726/2537 2210/667/2538 2158/727/2539
f 2172/693/99 2214/728/99 2165/692/2397
f 2205/655/99 2175/729/2418 2182/656/99
f 2207/659/99 2187/724/2448 2194/660/99
f 2209/662/2486 2217/730/2540 2218/731/2541 2210/667/2486
f 2217/730/2540 2219/732/2542 2220/733/2542 2218/731/2541
f 2219/732/2542 2221/734/2543 2222/735/2544 2220/733/2542
f 2221/734/2543 2199/736/2500 2200/737/2500 2222/735/2544
f 2212/682/2499 2223/738/2545 2224/739/2546 2211/681/2499
f 2223/738/2545 2225/740/2547 2226/741/2547 2224/739/2546
f 2225/740/2547 2227/742/2548 2228/743/2549 2226/741/2547
f 2227/742/2548 2214/744/2507 2213/745/2506 2228/743/2549
f 2201/691/2505 2229/746/2550 2230/747/2551 2204/651/2505
f 2229/746/2550 2231/748/2552 2232/749/2553 2230/747/2551
f 2231/748/2552 2233/750/2554 2234/751/2555 2232/749/2553
f 2233/750/2554 2205/752/2522 2206/753/2521 2234/751/2555
f 2216/707/2519 2235/754/2556 2236/755/2557 2215/706/2520
f 2235/754/2556 2237/756/2558 2238/757/2558 2236/755/2557
f 2237/756/2558 2239/758/2559 2240/759/2560 2238/757/2558
f 2239/758/2559 2207/760/2485 2208/761/2484 2240/759/2560
f 2154/664/2366 2153/725/2365 2199/647/99
f 2154/664/2366 2199/647/99 2221/762/99
f 2154/664/2366 2221/762/99 2219/763/99
f 2154/664/2366 2219/763/99 2217/764/99
f 2154/664/2366 2217/764/99 2209/662/99
f 2157/671/2490 2158/727/2539 2210/667/2538
f 2157/671/2490 2210/667/2538 2218/765/2561
f 2157/671/2490 2218/765/2561 2220/766/2562
f 2157/671/2490 2220/766/2562 2222/767/2563
f 2157/671/2490 2222/767/2563 2200/674/2491
f 2166/768/2398 2165/692/2397 2214/728/99
f 2166/768/2398 2214/728/99 2227/769/99
f 2166/768/2398 2227/769/99 2225/770/99
f 2166/768/2398 2225/770/99 2223/771/99
f 2166/768/2398 2223/771/99 2212/650/99
f 2169/772/2564 2170/679/2498 2211/681/2497
f 2169/772/2564 2211/681/2497 2224/773/2565
f 2169/772/2564 2224/773/2565 2226/774/2566
f 2169/772/2564 2226/774/2566 2228/775/2567
f 2169/772/2564 2228/775/2567 2213/654/2568
f 2176/701/2419 2175/729/2418 2205/655/99
f 2176/701/2419 2205/655/99 2233/776/99
f 2176/701/2419 2233/776/99 2231/777/99
f 2176/701/2419 2231/777/99 2229/778/99
f 2176/701/2419 2229/778/99 2201/699/99
f 2179/713/2527 2180/698/2512 2204/651/2477
f 2179/713/2527 2204/651/2477 2230/779/2569
f 2179/713/2527 2230/779/2569 2232/780/2570
f 2179/713/2527 2232/780/2570 2234/781/2571
f 2179/713/2527 2234/781/2571 2206/708/2528
f 2188/782/2449 2187/724/2448 2207/659/99
f 2188/782/2449 2207/659/99 2239/783/99
f 2188/782/2449 2239/783/99 2237/784/99
f 2188/782/2449 2237/784/99 2235/785/99
f 2188/782/2449 2235/785/99 2216/658/99
f 2191/722/2533 2192/704/2518 2215/706/2517
f 2191/722/2533 2215/706/2517 2236/786/2572
f 2191/722/2533 2236/786/2572 2238/787/2573
f 2191/722/2533 2238/787/2573 2240/788/2574
f 2191/722/2533 2240/788/2574 2208/666/2534
f 2127/789/2575 2128/790/2575 2249/791/2576 2250/792/2577
f 2126/590/2578 2174/589/2579 2249/791/2580 2128/790/2578
f 2125/586/2581 2127/789/2581 2250/792/2582 2173/587/2583
f 2201/699/99 2214/728/99 2172/693/2414 2171/700/2413
f 2212/650/99 2159/649/99 2166/768/2398
f 2154/664/2366 2209/662/99 2193/661/99
f 2216/658/99 2181/657/99 2188/782/2449
f 2206/708/2528 2215/706/2584 2185/703/2585 2186/714/2529
f 2208/666/2534 2210/667/2586 2197/726/2587 2198/723/2535
f 2200/674/2491 2211/681/2588 2163/678/2589 2164/672/2492
f 2213/654/2568 2202/653/2590 2169/772/2564
f 2242/793/2474 2241/794/2473 2198/723/2535 2197/726/2587
f 2195/639/2466 2242/644/2471 2197/795/2591
f 2241/646/2476 2196/641/2467 2198/796/2592
f 2244/797/2377 2243/798/2376 2158/727/2539 2157/671/2490
f 2155/544/2369 2244/550/2374 2157/799/2593
f 2243/552/2379 2156/545/2370 2158/800/2594
f 2246/801/2393 2245/802/2392 2164/672/2492 2163/678/2589
f 2161/558/2385 2246/564/2390 2163/803/2595
f 2245/566/2395 2162/559/2386 2164/804/2596
f 2248/805/2409 2247/806/2408 2170/679/2498 2169/772/2564
f 2167/572/2401 2248/578/2406 2169/807/2597
f 2247/580/2411 2168/573/2402 2170/808/2598
f 2250/809/2577 2249/810/2576 2202/653/2479 2203/652/2478
f 2173/587/2583 2250/792/2582 2203/811/2599
f 2249/791/2580 2174/589/2579 2202/812/2600
f 2252/813/2430 2251/814/2429 2180/698/2512 2179/713/2527
f 2177/597/2422 2252/602/2427 2179/815/2601
f 2251/604/2432 2178/599/2423 2180/816/2602
f 2254/817/2444 2253/818/2443 2186/714/2529 2185/703/2585
f 2183/611/2436 2254/616/2441 2185/819/2603
f 2253/618/2446 2184/613/2437 2186/820/2604
f 2256/821/2460 2255/822/2459 2192/704/2518 2191/722/2533
f 2189/624/2452 2256/628/2457 2191/823/2605
f 2255/632/2462 2190/625/2453 2192/824/2606
f 2257/825/2607 2258/826/2608 2600/827/2609 2601/828/2610
f 2258/829/2608 2259/830/2611 2599/831/2612 2600/832/2609
f 2259/830/2611 2260/833/2613 2598/834/2614 2599/831/2612
f 2260/833/2613 2261/835/2615 2597/836/2616 2598/834/2614
f 2261/835/2615 2262/837/2617 2596/838/2618 2597/836/2616
f 2262/837/2617 2263/839/2619 2595/840/2620 2596/838/2618
f 2263/839/2619 2264/841/2621 2594/842/2622 2595/840/2620
f 2264/841/2621 2265/843/2623 2609/844/2624 2594/842/2622
f 2265/843/2623 2266/845/2625 2608/846/2626 2609/844/2624
f 2266/845/2625 2267/847/2627 2607/848/2628 2608/846/2626
f 2267/847/2627 2268/849/2629 2606/850/2630 2607/848/2628
f 2268/849/2629 2269/851/2631 2605/852/2632 2606/850/2630
f 2269/851/2631 2270/853/2633 2604/854/2634 2605/852/2632
f 2270/853/2633 2271/855/2635 2603/856/2636 2604/854/2634
f 2271/855/2635 2272/857/2637 2602/858/2638 2603/856/2636
f 2272/857/2637 2257/825/2607 2601/828/2610 2602/858/2638
f 2273/859/2639 2274/860/2640 2584/861/2641 2585/862/2642
f 2274/863/2640 2275/864/2643 2583/865/2644 2584/866/2641
f 2275/864/2643 2276/867/2645 2582/868/2646 2583/865/2644
f 2276/867/2645 2277/869/2647 2581/870/2648 2582/868/2646
f 2277/869/2647 2278/871/2649 2580/872/2650 2581/870/2648
f 2278/871/2649 2279/873/2651 2579/874/2652 2580/872/2650
f 2279/873/2651 2280/875/2653 2578/876/2654 2579/874/2652
f 2281/877/2655 2282/878/2656 2592/879/2657 2593/880/2658
f 2282/878/2656 2283/881/2659 2591/882/2660 2592/879/2657
f 2283/881/2659 2284/883/2661 2590/884/2662 2591/882/2660
f 2284/883/2661 2285/885/2663 2589/886/2664 2590/884/2662
f 2285/885/2663 2286/887/2665 2588/888/2666 2589/886/2664
f 2286/887/2665 2287/889/2667 2587/890/2668 2588/888/2666
f 2287/889/2667 2288/891/2669 2586/892/2670 2587/890/2668
f 2288/891/2669 2273/859/2639 2585/862/2642 2586/892/2670
f 2289/893/2671 2290/894/2672 2568/895/2673 2569/896/2674
f 2290/897/2672 2291/898/2675 2567/899/2676 2568/900/2673
f 2291/898/2675 2292/901/2677 2566/902/2678 2567/899/2676
f 2292/901/2677 2293/903/2679 2565/904/2680 2566/902/2678
f 2293/903/2679 2294/905/2681 2564/906/2682 2565/904/2680
f 2294/905/2681 2295/907/2683 2563/908/2684 2564/906/2682
f 2295/907/2683 2296/909/2685 2562/910/2686 2563/908/2684
f 2296/909/2685 2297/911/2687 2577/912/2688 2562/910/2686
f 2297/911/2687 2298/913/2689 2576/914/2690 2577/912/2688
f 2298/913/2689 2299/915/2691 2575/916/2692 2576/914/2690
f 2299/915/2691 2300/917/2693 2574/918/2694 2575/916/2692
f 2300/917/2693 2301/919/2695 2573/920/2696 2574/918/2694
f 2301/919/2695 2302/921/2697 2572/922/2698 2573/920/2696
f 2302/921/2697 2303/923/2699 2571/924/2700 2572/922/2698
f 2303/923/2699 2304/925/2701 2570/926/2702 2571/924/2700
f 2304/925/2701 2289/893/2671 2569/896/2674 2570/926/2702
f 2305/927/2703 2306/928/2704 2552/929/2705 2553/930/2706
f 2306/931/2704 2307/932/2707 2551/933/2708 2552/934/2705
f 2307/932/2707 2308/935/2709 2550/936/2710 2551/933/2708
f 2308/935/2709 2309/937/2711 2549/938/2712 2550/936/2710
f 2309/937/2711 2310/939/2713 2548/940/2714 2549/938/2712
f 2310/939/2713 2311/941/2715 2547/942/2716 2548/940/2714
f 2311/941/2715 2312/943/2717 2546/944/2718 2547/942/2716
f 2312/943/2717 2313/945/2719 2561/946/2720 2546/944/2718
f 2313/945/2719 2314/947/2721 2560/948/2722 2561/946/2720
f 2314/947/2721 2315/949/2723 2559/950/2724 2560/948/2722
f 2315/949/2723 2316/951/2725 2558/952/2726 2559/950/2724
f 2316/951/2725 2317/953/2727 2557/954/2728 2558/952/2726
f 2317/953/2727 2318/955/2729 2556/956/2730 2557/954/2728
f 2318/955/2729 2319/957/2731 2555/958/2732 2556/956/2730
f 2319/957/2731 2320/959/2733 2554/960/2734 2555/958/2732
f 2320/959/2733 2305/927/2703 2553/930/2706 2554/960/2734
f 2321/961/2735 2322/962/2736 2539/963/2737 2540/964/2738
f 2322/965/2736 2323/966/2739 2538/967/2740 2539/968/2737
f 2323/966/2739 2324/969/2741 2537/970/2742 2538/967/2740
f 2324/969/2741 2325/971/2743 2536/972/2744 2537/970/2742
f 2325/971/2743 2326/973/2745 2535/974/2746 2536/972/2744
f 2326/973/2745 2327/975/2747 2534/976/2748 2535/974/2746
f 2327/975/2747 2328/977/2749 2533/978/2750 2534/976/2748
f 2328/977/2749 2329/979/2751 2532/980/2752 2533/978/2750
f 2329/979/2751 2330/981/2753 2531/982/2754 2532/980/2752
f 2330/981/2753 2331/983/2755 2530/984/2756 2531/982/2754
f 2331/983/2755 2332/985/2757 2545/986/2758 2530/984/2756
f 2545/986/2758 2332/985/2757 2333/987/2759 2544/988/2760
f 2333/987/2759 2334/989/2761 2543/990/2762 2544/988/2760
f 2334/989/2761 2335/991/2763 2542/992/2764 2543/990/2762
f 2335/991/2763 2336/993/2765 2541/994/2766 2542/992/2764
f 2336/993/2765 2321/961/2735 2540/964/2738 2541/994/2766
f 2515/995/2767 2514/996/2768 2337/997/2769 2338/998/2770
f 2338/999/2770 2339/1000/2771 2516/1001/2772 2515/1002/2767
f 2517/1003/2773 2516/1001/2772 2339/1000/2771 2340/1004/2774
f 2340/1004/2774 2341/1005/2775 2518/1006/2776 2517/1003/2773
f 2519/1007/2777 2518/1006/2776 2341/1005/2775 2342/1008/2778
f 2342/1008/2778 2343/1009/2779 2520/1010/2780 2519/1007/2777
f 2521/1011/2781 2520/1010/2780 2343/1009/2779 2344/1012/2782
f 2344/1012/2782 2345/1013/2783 2522/1014/2784 2521/1011/2781
f 2523/1015/2785 2522/1014/2784 2345/1013/2783 2346/1016/2786
f 2346/1016/2786 2347/1017/2787 2524/1018/2788 2523/1015/2785
f 2525/1019/2789 2524/1018/2788 2347/1017/2787 2348/1020/2790
f 2348/1020/2790 2349/1021/2791 2526/1022/2792 2525/1019/2789
f 2350/1023/2793 2527/1024/2794 2526/1022/2792 2349/1021/2791
f 2350/1023/2793 2351/1025/2795 2528/1026/2796 2527/1024/2794
f 2529/1027/2797 2528/1026/2796 2351/1025/2795 2352/1028/2798
f 2352/1028/2798 2337/997/2769 2514/996/2768 2529/1027/2797
f 2354/1029/2799 2355/1030/2800 2371/1031/2801 2370/1032/2802
f 2356/1033/2803 2357/1034/2804 2373/1035/2805 2372/1036/2806
f 2358/1037/2807 2359/1038/2808 2375/1039/2809 2374/1040/2810
f 2360/1041/2811 2361/1042/2812 2377/1043/2813 2376/1044/2814
f 2362/1045/2815 2363/1046/2816 2379/1047/2817 2378/1048/2818
f 2364/1049/2819 2365/1050/2820 2381/1051/2821 2380/1052/2822
f 2366/1053/2823 2367/1054/2824 2383/1055/2825 2382/1056/2826
f 2368/1057/2827 2353/1058/2828 2369/1059/2829 2384/1060/2830
f 2369/1059/2829 2370/1061/2802 2386/1062/2831 2385/1063/2832
f 2370/1032/2802 2371/1031/2801 2387/1064/2833 2386/1065/2831
f 2371/1031/2801 2372/1036/2806 2388/1066/2834 2387/1064/2833
f 2372/1036/2806 2373/1035/2805 2389/1067/2835 2388/1066/2834
f 2373/1035/2805 2374/1040/2810 2390/1068/2836 2389/1067/2835
f 2374/1040/2810 2375/1039/2809 2391/1069/2837 2390/1068/2836
f 2375/1039/2809 2376/1044/2814 2392/1070/2838 2391/1069/2837
f 2376/1044/2814 2377/1043/2813 2393/1071/2839 2392/1070/2838
f 2377/1043/2813 2378/1048/2818 2394/1072/2840 2393/1071/2839
f 2378/1048/2818 2379/1047/2817 2395/1073/2841 2394/1072/2840
f 2379/1047/2817 2380/1052/2822 2396/1074/2842 2395/1073/2841
f 2380/1052/2822 2381/1051/2821 2397/1075/2843 2396/1074/2842
f 2381/1051/2821 2382/1056/2826 2398/1076/2844 2397/1075/2843
f 2382/1056/2826 2383/1055/2825 2399/1077/2845 2398/1076/2844
f 2383/1055/2825 2384/1060/2830 2400/1078/2846 2399/1077/2845
f 2384/1060/2830 2369/1059/2829 2385/1063/2832 2400/1078/2846
f 2401/1079/96 2392/1080/96 2393/1081/96
f 2400/1082/96 2401/1079/96 2399/1083/96
f 2401/1079/96 2385/1084/96 2386/1085/96
f 2401/1079/96 2386/1085/96 2387/1086/96
f 2401/1079/96 2387/1086/96 2388/1087/96
f 2401/1079/96 2388/1087/96 2389/1088/96
f 2390/1089/96 2401/1079/96 2389/1088/96
f 2391/1090/96 2401/1079/96 2390/1089/96
f 2392/1080/96 2401/1079/96 2391/1090/96
f 2400/1082/96 2385/1084/96 2401/1079/96
f 2394/1091/96 2401/1079/96 2393/1081/96
f 2399/1083/96 2401/1079/96 2398/1092/96
f 2395/1093/96 2401/1079/96 2394/1091/96
f 2396/1094/96 2401/1079/96 2395/1093/96
f 2397/1095/96 2401/1079/96 2396/1094/96
f 2398/1092/96 2401/1079/96 2397/1095/96
f 2281/877/2655 2593/880/2658 2578/876/2654 2280/875/2653
f 2272/857/2637 2271/855/2635 2402/1096/2847 2403/1097/2848
f 2264/841/2621 2263/839/2619 2404/1098/2849 2405/1099/2850
f 2263/839/2619 2262/837/2617 2406/1100/2851 2404/1098/2849
f 2262/837/2617 2261/835/2615 2407/1101/2852 2406/1100/2851
f 2261/835/2615 2260/833/2613 2408/1102/2853 2407/1101/2852
f 2260/833/2613 2259/830/2611 2409/1103/2854 2408/1102/2853
f 2259/830/2611 2258/829/2608 2410/1104/2855 2409/1103/2854
f 2258/826/2608 2257/825/2607 2411/1105/2856 2410/1106/2855
f 2257/825/2607 2272/857/2637 2403/1097/2848 2411/1105/2856
f 2271/855/2635 2270/853/2633 2412/1107/2857 2402/1096/2847
f 2270/853/2633 2269/851/2631 2413/1108/2858 2412/1107/2857
f 2413/1108/2858 2269/851/2631 2268/849/2629 2414/1109/2859
f 2268/849/2629 2267/847/2627 2415/1110/2860 2414/1109/2859
f 2267/847/2627 2266/845/2625 2416/1111/2861 2415/1110/2860
f 2266/845/2625 2265/843/2623 2417/1112/2862 2416/1111/2861
f 2265/843/2623 2264/841/2621 2405/1099/2850 2417/1112/2862
f 2403/1113/2766 2402/1114/2764 2451/1115/2764 2453/1116/2766
f 2405/1117/2750 2404/1118/2748 2455/1119/2748 2457/1120/2750
f 2404/1118/2748 2406/1121/2746 2459/1122/2746 2455/1119/2748
f 2406/1121/2746 2407/1123/2744 2461/1124/2744 2459/1122/2746
f 2407/1123/2744 2408/1125/2742 2463/1126/2742 2461/1124/2744
f 2408/1125/2742 2409/1127/2740 2465/1128/2740 2463/1126/2742
f 2409/1127/2740 2410/1129/2737 2467/1130/2737 2465/1128/2740
f 2410/1131/2737 2411/1132/2738 2469/1133/2738 2467/1134/2737
f 2411/1132/2738 2403/1113/2766 2453/1116/2766 2469/1133/2738
f 2402/1114/2764 2412/1135/2762 2471/1136/2762 2451/1115/2764
f 2412/1135/2762 2413/1137/2760 2473/1138/2760 2471/1136/2762
f 2473/1138/2760 2413/1137/2760 2414/1139/2758 2475/1140/2758
f 2414/1139/2758 2415/1141/2756 2477/1142/2756 2475/1140/2758
f 2415/1141/2756 2416/1143/2754 2479/1144/2754 2477/1142/2756
f 2416/1143/2754 2417/1145/2752 2481/1146/2752 2479/1144/2754
f 2417/1145/2752 2405/1117/2750 2457/1120/2750 2481/1146/2752
f 2452/1147/99 2450/1148/99 2483/1149/99 2485/1150/99
f 2456/1151/99 2454/1152/99 2487/1153/99 2489/1154/99
f 2454/1152/99 2458/1155/99 2491/1156/99 2487/1153/99
f 2458/1155/99 2460/1157/99 2493/1158/99 2491/1156/99
f 2460/1157/99 2462/1159/99 2495/1160/99 2493/1158/99
f 2462/1159/99 2464/1161/99 2497/1162/99 2495/1160/99
f 2464/1161/99 2466/1163/99 2499/1164/99 2497/1162/99
f 2466/1165/99 2468/1166/99 2501/1167/99 2499/1168/99
f 2468/1166/99 2452/1147/99 2485/1150/99 2501/1167/99
f 2450/1148/99 2470/1169/99 2503/1170/99 2483/1149/99
f 2470/1169/99 2472/1171/99 2505/1172/99 2503/1170/99
f 2472/1171/99 2474/1173/99 2507/1174/99 2505/1172/99
f 2507/1174/99 2474/1173/99 2476/1175/99 2509/1176/99
f 2476/1175/99 2478/1177/99 2511/1178/99 2509/1176/99
f 2478/1177/99 2480/1179/99 2513/1180/99 2511/1178/99
f 2480/1179/99 2456/1151/99 2489/1154/99 2513/1180/99
f 2484/1181/2750 2482/1182/2748 2418/1183/2748 2419/1184/2750
f 2488/1185/2766 2486/1186/2764 2420/1187/2764 2421/1188/2766
f 2486/1186/2764 2490/1189/2762 2422/1190/2762 2420/1187/2764
f 2490/1189/2762 2492/1191/2760 2423/1192/2760 2422/1190/2762
f 2492/1191/2760 2494/1193/2758 2424/1194/2758 2423/1192/2760
f 2494/1193/2758 2496/1195/2756 2425/1196/2756 2424/1194/2758
f 2496/1195/2756 2498/1197/2754 2426/1198/2754 2425/1196/2756
f 2498/1199/2754 2500/1200/2752 2427/1201/2752 2426/1202/2754
f 2500/1200/2752 2484/1181/2750 2419/1184/2750 2427/1201/2752
f 2482/1182/2748 2502/1203/2746 2428/1204/2746 2418/1183/2748
f 2502/1203/2746 2504/1205/2744 2429/1206/2744 2428/1204/2746
f 2504/1205/2744 2506/1207/2742 2430/1208/2742 2429/1206/2744
f 2506/1207/2742 2508/1209/2740 2431/1210/2740 2430/1208/2742
f 2508/1209/2740 2510/1211/2737 2432/1212/2737 2431/1210/2740
f 2432/1212/2737 2510/1211/2737 2512/1213/2738 2433/1214/2738
f 2512/1213/2738 2488/1185/2766 2421/1188/2766 2433/1214/2738
f 2419/1215/99 2418/1216/99 2434/1217/99 2435/1218/99
f 2421/1219/99 2420/1220/99 2436/1221/99 2437/1222/99
f 2420/1220/99 2422/1223/99 2438/1224/99 2436/1221/99
f 2422/1223/99 2423/1225/99 2439/1226/99 2438/1224/99
f 2423/1225/99 2424/1227/99 2440/1228/99 2439/1226/99
f 2424/1227/99 2425/1229/99 2441/1230/99 2440/1228/99
f 2425/1229/99 2426/1231/99 2442/1232/99 2441/1230/99
f 2426/1231/99 2427/1233/99 2443/1234/99 2442/1232/99
f 2427/1233/99 2419/1215/99 2435/1218/99 2443/1234/99
f 2418/1216/99 2428/1235/99 2444/1236/99 2434/1217/99
f 2428/1235/99 2429/1237/99 2445/1238/99 2444/1236/99
f 2429/1237/99 2430/1239/99 2446/1240/99 2445/1238/99
f 2430/1239/99 2431/1241/99 2447/1242/99 2446/1240/99
f 2447/1242/99 2431/1241/99 2432/1243/99 2448/1244/99
f 2432/1243/99 2433/1245/99 2449/1246/99 2448/1244/99
f 2433/1245/99 2421/1219/99 2437/1222/99 2449/1246/99
f 2453/1116/2863 2451/1115/2864 2450/1148/2864 2452/1147/2865
f 2451/1115/2864 2471/1136/2866 2470/1169/2867 2450/1148/2864
f 2469/1133/2868 2453/1116/2863 2452/1147/2865 2468/1166/2869
f 2457/1120/2870 2455/1119/2871 2454/1152/2872 2456/1151/2873
f 2455/1119/2871 2459/1122/2874 2458/1155/2875 2454/1152/2872
f 2481/1146/2876 2457/1120/2870 2456/1151/2873 2480/1179/2876
f 2459/1122/2874 2461/1124/2877 2460/1157/2878 2458/1155/2875
f 2461/1124/2877 2463/1126/2879 2462/1159/2880 2460/1157/2878
f 2463/1126/2879 2465/1128/2881 2464/1161/2882 2462/1159/2880
f 2465/1128/2881 2467/1130/2883 2466/1163/2884 2464/1161/2882
f 2467/1134/2883 2469/1133/2868 2468/1166/2869 2466/1165/2884
f 2471/1136/2866 2473/1138/2885 2472/1171/2886 2470/1169/2867
f 2472/1171/2886 2473/1138/2885 2475/1140/2887 2474/1173/2888
f 2475/1140/2887 2477/1142/2889 2476/1175/2889 2474/1173/2888
f 2477/1142/2889 2479/1144/2890 2478/1177/2891 2476/1175/2889
f 2479/1144/2890 2481/1146/2876 2480/1179/2876 2478/1177/2891
f 2485/1150/2892 2483/1149/2871 2482/1182/2872 2484/1181/2892
f 2483/1149/2871 2503/1170/2875 2502/1203/2875 2482/1182/2872
f 2501/1167/2893 2485/1150/2892 2484/1181/2892 2500/1200/2893
f 2489/1154/2894 2487/1153/2895 2486/1186/2895 2488/1185/2894
f 2487/1153/2895 2491/1156/2896 2490/1189/2897 2486/1186/2895
f 2513/1180/2898 2489/1154/2894 2488/1185/2894 2512/1213/2898
f 2491/1156/2896 2493/1158/2886 2492/1191/2899 2490/1189/2897
f 2493/1158/2886 2495/1160/2900 2494/1193/2900 2492/1191/2899
f 2495/1160/2900 2497/1162/2901 2496/1195/2901 2494/1193/2900
f 2497/1162/2901 2499/1164/2890 2498/1197/2890 2496/1195/2901
f 2499/1168/2890 2501/1167/2893 2500/1200/2893 2498/1199/2890
f 2503/1170/2875 2505/1172/2902 2504/1205/2902 2502/1203/2875
f 2505/1172/2902 2507/1174/2903 2506/1207/2903 2504/1205/2902
f 2507/1174/2903 2509/1176/2904 2508/1209/2904 2506/1207/2903
f 2509/1176/2904 2511/1178/2883 2510/1211/2905 2508/1209/2904
f 2510/1211/2905 2511/1178/2883 2513/1180/2898 2512/1213/2898
f 2354/1029/2799 2515/1002/2767 2516/1001/2772 2355/1030/2800
f 2356/1033/2803 2517/1003/2773 2518/1006/2776 2357/1034/2804
f 2358/1037/2807 2519/1007/2777 2520/1010/2780 2359/1038/2808
f 2360/1041/2811 2521/1011/2781 2522/1014/2784 2361/1042/2812
f 2362/1045/2815 2523/1015/2785 2524/1018/2788 2363/1046/2816
f 2364/1049/2819 2525/1019/2789 2526/1022/2792 2365/1050/2820
f 2366/1053/2823 2527/1024/2794 2528/1026/2796 2367/1054/2824
f 2368/1057/2827 2529/1027/2797 2514/996/2768 2353/1058/2828
f 2531/982/2754 2530/984/2756 2347/1017/2787 2346/1016/2786
f 2532/980/2752 2531/982/2754 2346/1016/2786 2345/1013/2783
f 2533/978/2750 2532/980/2752 2345/1013/2783 2344/1012/2782
f 2534/976/2748 2533/978/2750 2344/1012/2782 2343/1009/2779
f 2535/974/2746 2534/976/2748 2343/1009/2779 2342/1008/2778
f 2536/972/2744 2535/974/2746 2342/1008/2778 2341/1005/2775
f 2537/970/2742 2536/972/2744 2341/1005/2775 2340/1004/2774
f 2538/967/2740 2537/970/2742 2340/1004/2774 2339/1000/2771
f 2539/968/2737 2538/967/2740 2339/1000/2771 2338/999/2770
f 2540/964/2738 2539/963/2737 2338/998/2770 2337/997/2769
f 2541/994/2766 2540/964/2738 2337/997/2769 2352/1028/2798
f 2542/992/2764 2541/994/2766 2352/1028/2798 2351/1025/2795
f 2543/990/2762 2542/992/2764 2351/1025/2795 2350/1023/2793
f 2349/1021/2791 2544/988/2760 2543/990/2762 2350/1023/2793
f 2545/986/2758 2544/988/2760 2349/1021/2791 2348/1020/2790
f 2530/984/2756 2545/986/2758 2348/1020/2790 2347/1017/2787
f 2354/1247/2799 2370/1061/2802 2369/1059/2829 2353/1058/2828
f 2356/1033/2803 2372/1036/2806 2371/1031/2801 2355/1030/2800
f 2358/1037/2807 2374/1040/2810 2373/1035/2805 2357/1034/2804
f 2360/1041/2811 2376/1044/2814 2375/1039/2809 2359/1038/2808
f 2362/1045/2815 2378/1048/2818 2377/1043/2813 2361/1042/2812
f 2364/1049/2819 2380/1052/2822 2379/1047/2817 2363/1046/2816
f 2366/1053/2823 2382/1056/2826 2381/1051/2821 2365/1050/2820
f 2367/1054/2824 2368/1057/2827 2384/1060/2830 2383/1055/2825
f 2364/1049/2819 2363/1046/2816 2524/1018/2788 2525/1019/2789
f 2366/1053/2823 2365/1050/2820 2526/1022/2792 2527/1024/2794
f 2529/1027/2797 2368/1057/2827 2367/1054/2824 2528/1026/2796
f 2354/1247/2799 2353/1058/2828 2514/996/2768 2515/995/2767
f 2356/1033/2803 2355/1030/2800 2516/1001/2772 2517/1003/2773
f 2358/1037/2807 2357/1034/2804 2518/1006/2776 2519/1007/2777
f 2360/1041/2811 2359/1038/2808 2520/1010/2780 2521/1011/2781
f 2362/1045/2815 2361/1042/2812 2522/1014/2784 2523/1015/2785
f 2547/942/2716 2546/944/2718 2328/977/2749 2327/975/2747
f 2548/940/2714 2547/942/2716 2327/975/2747 2326/973/2745
f 2549/938/2712 2548/940/2714 2326/973/2745 2325/971/2743
f 2550/936/2710 2549/938/2712 2325/971/2743 2324/969/2741
f 2551/933/2708 2550/936/2710 2324/969/2741 2323/966/2739
f 2552/934/2705 2551/933/2708 2323/966/2739 2322/965/2736
f 2553/930/2706 2552/929/2705 2322/962/2736 2321/961/2735
f 2554/960/2734 2553/930/2706 2321/961/2735 2336/993/2765
f 2555/958/2732 2554/960/2734 2336/993/2765 2335/991/2763
f 2556/956/2730 2555/958/2732 2335/991/2763 2334/989/2761
f 2557/954/2728 2556/956/2730 2334/989/2761 2333/987/2759
f 2558/952/2726 2557/954/2728 2333/987/2759 2332/985/2757
f 2559/950/2724 2558/952/2726 2332/985/2757 2331/983/2755
f 2560/948/2722 2559/950/2724 2331/983/2755 2330/981/2753
f 2561/946/2720 2560/948/2722 2330/981/2753 2329/979/2751
f 2546/944/2718 2561/946/2720 2329/979/2751 2328/977/2749
f 2563/908/2684 2562/910/2686 2312/943/2717 2311/941/2715
f 2564/906/2682 2563/908/2684 2311/941/2715 2310/939/2713
f 2565/904/2680 2564/906/2682 2310/939/2713 2309/937/2711
f 2566/902/2678 2565/904/2680 2309/937/2711 2308/935/2709
f 2567/899/2676 2566/902/2678 2308/935/2709 2307/932/2707
f 2568/900/2673 2567/899/2676 2307/932/2707 2306/931/2704
f 2569/896/2674 2568/895/2673 2306/928/2704 2305/927/2703
f 2570/926/2702 2569/896/2674 2305/927/2703 2320/959/2733
f 2571/924/2700 2570/926/2702 2320/959/2733 2319/957/2731
f 2572/922/2698 2571/924/2700 2319/957/2731 2318/955/2729
f 2573/920/2696 2572/922/2698 2318/955/2729 2317/953/2727
f 2574/918/2694 2573/920/2696 2317/953/2727 2316/951/2725
f 2575/916/2692 2574/918/2694 2316/951/2725 2315/949/2723
f 2576/914/2690 2575/916/2692 2315/949/2723 2314/947/2721
f 2577/912/2688 2576/914/2690 2314/947/2721 2313/945/2719
f 2562/910/2686 2577/912/2688 2313/945/2719 2312/943/2717
f 2579/874/2652 2578/876/2654 2296/909/2685 2295/907/2683
f 2580/872/2650 2579/874/2652 2295/907/2683 2294/905/2681
f 2581/870/2648 2580/872/2650 2294/905/2681 2293/903/2679
f 2582/868/2646 2581/870/2648 2293/903/2679 2292/901/2677
f 2583/865/2644 2582/868/2646 2292/901/2677 2291/898/2675
f 2584/866/2641 2583/865/2644 2291/898/2675 2290/897/2672
f 2585/862/2642 2584/861/2641 2290/894/2672 2289/893/2671
f 2586/892/2670 2585/862/2642 2289/893/2671 2304/925/2701
f 2587/890/2668 2586/892/2670 2304/925/2701 2303/923/2699
f 2588/888/2666 2587/890/2668 2303/923/2699 2302/921/2697
f 2589/886/2664 2588/888/2666 2302/921/2697 2301/919/2695
f 2590/884/2662 2589/886/2664 2301/919/2695 2300/917/2693
f 2591/882/2660 2590/884/2662 2300/917/2693 2299/915/2691
f 2592/879/2657 2591/882/2660 2299/915/2691 2298/913/2689
f 2593/880/2658 2592/879/2657 2298/913/2689 2297/911/2687
f 2578/876/2654 2593/880/2658 2297/911/2687 2296/909/2685
f 2595/840/2620 2594/842/2622 2280/875/2653 2279/873/2651
f 2596/838/2618 2595/840/2620 2279/873/2651 2278/871/2649
f 2597/836/2616 2596/838/2618 2278/871/2649 2277/869/2647
f 2598/834/2614 2597/836/2616 2277/869/2647 2276/867/2645
f 2599/831/2612 2598/834/2614 2276/867/2645 2275/864/2643
f 2600/832/2609 2599/831/2612 2275/864/2643 2274/863/2640
f 2601/828/2610 2600/827/2609 2274/860/2640 2273/859/2639
f 2602/858/2638 2601/828/2610 2273/859/2639 2288/891/2669
f 2603/856/2636 2602/858/2638 2288/891/2669 2287/889/2667
f 2604/854/2634 2603/856/2636 2287/889/2667 2286/887/2665
f 2605/852/2632 2604/854/2634 2286/887/2665 2285/885/2663
f 2606/850/2630 2605/852/2632 2285/885/2663 2284/883/2661
f 2607/848/2628 2606/850/2630 2284/883/2661 2283/881/2659
f 2608/846/2626 2607/848/2628 2283/881/2659 2282/878/2656
f 2609/844/2624 2608/846/2626 2282/878/2656 2281/877/2655
f 2594/842/2622 2609/844/2624 2281/877/2655 2280/875/2653
f 2611/1248/2906 2614/1249/2907 2626/1250/2908 2627/1251/2909
f 2610/1252/2910 2612/1253/2911 2628/1254/2912 2629/1255/2913
f 2612/1253/2911 2613/1256/2914 2630/1257/2915 2628/1254/2912
f 2613/1256/2914 2611/1248/2906 2627/1251/2909 2630/1258/2915
f 2615/1259/2916 2618/1260/2916 2619/1261/2916 2617/1262/2916
f 2616/1263/2917 2620/1264/2917 2621/1265/2917 2610/1252/2917
f 2622/1266/2918 2623/1267/2918 2614/1249/2918 2611/1248/2918
f 2621/1265/2919 2624/1268/2919 2612/1253/2919 2610/1252/2919
f 2624/1268/2920 2625/1269/2920 2613/1256/2920 2612/1253/2920
f 2625/1269/2921 2622/1266/2921 2611/1248/2921 2613/1256/2921
f 2626/1250/2908 2615/1259/2922 2617/1262/2923 2631/1270/2924
f 2631/1270/2924 2616/1263/2925 2610/1252/2910 2629/1255/2913
f 2623/1267/2926 2618/1260/2926 2615/1259/2926 2614/1249/2926
f 2619/1261/2927 2620/1264/2927 2616/1263/2927 2617/1262/2927
f 2614/1249/2907 2615/1259/2922 2626/1250/2908
f 2616/1263/2925 2631/1270/2924 2617/1262/2923
f 2633/1271/2928 2636/1272/2929 2648/1273/2930 2649/1274/2931
f 2632/1275/2932 2634/1276/2933 2650/1277/2934 2651/1278/2935
f 2634/1276/2933 2635/1279/2936 2652/1280/2937 2650/1277/2934
f 2635/1279/2936 2633/1271/2928 2649/1274/2931 2652/1280/2937
f 2637/1281/2938 2640/1282/2938 2641/1283/2938 2639/1284/2938
f 2638/1285/2939 2642/1286/2939 2643/1287/2939 2632/1275/2939
f 2644/1288/2940 2645/1289/2940 2636/1272/2940 2633/1271/2940
f 2643/1287/2941 2646/1290/2941 2634/1276/2941 2632/1275/2941
f 2646/1290/2942 2647/1291/2942 2635/1279/2942 2634/1276/2942
f 2647/1291/2943 2644/1288/2943 2633/1271/2943 2635/1279/2943
f 2648/1273/2930 2637/1281/2944 2639/1284/2945 2653/1292/2946
f 2653/1292/2946 2638/1285/2947 2632/1275/2932 2651/1278/2935
f 2645/1289/2948 2640/1282/2948 2637/1281/2948 2636/1272/2948
f 2641/1283/2949 2642/1286/2949 2638/1285/2949 2639/1284/2949
f 2636/1272/2929 2637/1281/2944 2648/1273/2930
f 2638/1285/2947 2653/1292/2946 2639/1284/2945
f 2655/1293/2950 2658/1294/2951 2670/1295/2952 2671/1296/2953
f 2654/1297/2954 2656/1298/2955 2672/1299/2956 2673/1300/2957
f 2656/1298/2955 2657/1301/2958 2674/1302/2959 2672/1299/2956
f 2657/1301/2958 2655/1293/2950 2671/1296/2953 2674/1302/2959
f 2659/1303/2960 2662/1304/2960 2663/1305/2960 2661/1306/2960
f 2660/1307/2961 2664/1308/2961 2665/1309/2961 2654/1297/2961
f 2666/1310/2962 2667/1311/2962 2658/1294/2962 2655/1293/2962
f 2665/1309/2963 2668/1312/2963 2656/1298/2963 2654/1297/2963
f 2668/1312/2964 2669/1313/2964 2657/1301/2964 2656/1298/2964
f 2669/1313/2965 2666/1310/2965 2655/1293/2965 2657/1301/2965
f 2670/1295/2952 2659/1303/2966 2661/1306/2967 2675/1314/2968
f 2675/1314/2968 2660/1307/2969 2654/1297/2954 2673/1300/2957
f 2667/1311/2970 2662/1304/2970 2659/1303/2970 2658/1294/2970
f 2663/1305/2971 2664/1308/2971 2660/1307/2971 2661/1306/2971
f 2658/1294/2951 2659/1303/2966 2670/1295/2952
f 2660/1307/2969 2675/1314/2968 2661/1306/2967
f 2677/1315/2972 2680/1316/2973 2692/1317/2974 2693/1318/2975
f 2676/1319/2976 2678/1320/2977 2694/1321/2978 2695/1322/2979
f 2678/1320/2977 2679/1323/2980 2696/1324/2981 2694/1321/2978
f 2679/1323/2980 2677/1315/2972 2693/1318/2975 2696/1324/2981
f 2681/1325/2982 2684/1326/2982 2685/1327/2982 2683/1328/2982
f 2682/1329/2983 2686/1330/2983 2687/1331/2983 2676/1319/2983
f 2688/1332/2984 2689/1333/2984 2680/1316/2984 2677/1315/2984
f 2687/1331/2985 2690/1334/2985 2678/1320/2985 2676/1319/2985
f 2690/1334/2986 2691/1335/2986 2679/1323/2986 2678/1320/2986
f 2691/1335/2987 2688/1332/2987 2677/1315/2987 2679/1323/2987
f 2692/1317/2974 2681/1325/2988 2683/1328/2989 2697/1336/2990
f 2697/1336/2990 2682/1329/2991 2676/1319/2976 2695/1322/2979
f 2689/1333/2992 2684/1326/2992 2681/1325/2992 2680/1316/2992
f 2685/1327/2993 2686/1330/2993 2682/1329/2993 2683/1328/2993
f 2680/1316/2973 2681/1325/2988 2692/1317/2974
f 2682/1329/2991 2697/1336/2990 2683/1328/2989
f 2699/1337/2994 2702/1338/2995 2714/1339/2996 2715/1340/2997
f 2698/1341/2998 2700/1342/2999 2716/1343/3000 2717/1344/3001
f 2700/1342/2999 2701/1345/3002 2718/1346/3003 2716/1343/3000
f 2701/1345/3002 2699/1337/2994 2715/1340/2997 2718/1346/3003
f 2703/1347/3004 2706/1348/3004 2707/1349/3004 2705/1350/3004
f 2704/1351/3005 2708/1352/3005 2709/1353/3005 2698/1341/3005
f 2710/1354/3006 2711/1355/3006 2702/1338/3006 2699/1337/3006
f 2709/1353/3007 2712/1356/3007 2700/1342/3007 2698/1341/3007
f 2712/1356/3008 2713/1357/3008 2701/1345/3008 2700/1342/3008
f 2713/1357/3009 2710/1354/3009 2699/1337/3009 2701/1345/3009
f 2714/1339/2996 2703/1347/3010 2705/1350/3011 2719/1358/3012
f 2719/1358/3012 2704/1351/3013 2698/1341/2998 2717/1344/3001
f 2711/1355/3014 2706/1348/3014 2703/1347/3014 2702/1338/3014
f 2707/1349/3015 2708/1352/3015 2704/1351/3015 2705/1350/3015
f 2702/1338/2995 2703/1347/3010 2714/1339/2996
f 2704/1351/3013 2719/1358/3012 2705/1350/3011
f 2721/1359/3016 2724/1360/3017 2736/1361/3018 2737/1362/3019
f 2720/1363/3020 2722/1364/3021 2738/1365/3022 2739/1366/3023
f 2722/1364/3021 2723/1367/3024 2740/1368/3024 2738/1365/3022
f 2723/1367/3024 2721/1359/3016 2737/1362/3019 2740/1368/3024
f 2725/1369/3025 2728/1370/3025 2729/1371/3025 2727/1372/3025
f 2726/1373/3026 2730/1374/3026 2731/1375/3026 2720/1363/3026
f 2732/1376/3027 2733/1377/3027 2724/1360/3027 2721/1359/3027
f 2731/1375/3028 2734/1378/3028 2722/1364/3028 2720/1363/3028
f 2734/1378/3029 2735/1379/3029 2723/1367/3029 2722/1364/3029
f 2735/1379/3030 2732/1376/3030 2721/1359/3030 2723/1367/3030
f 2736/1361/3018 2725/1369/3031 2727/1372/3032 2741/1380/3033
f 2741/1380/3033 2726/1373/3034 2720/1363/3020 2739/1366/3023
f 2733/1377/3035 2728/1370/3035 2725/1369/3035 2724/1360/3035
f 2729/1371/3036 2730/1374/3036 2726/1373/3036 2727/1372/3036
f 2724/1360/3017 2725/1369/3031 2736/1361/3018
f 2726/1373/3034 2741/1380/3033 2727/1372/3032
f 2743/1381/3037 2746/1382/3038 2758/1383/3039 2759/1384/3040
f 2742/1385/3041 2744/1386/3042 2760/1387/3043 2761/1388/3044
f 2744/1386/3042 2745/1389/3045 2762/1390/3046 2760/1387/3043
f 2745/1389/3045 2743/1381/3037 2759/1384/3040 2762/1390/3046
f 2747/1391/3047 2750/1392/3047 2751/1393/3047 2749/1394/3047
f 2748/1395/3048 2752/1396/3048 2753/1397/3048 2742/1385/3048
f 2754/1398/3049 2755/1399/3049 2746/1382/3049 2743/1381/3049
f 2753/1397/3050 2756/1400/3050 2744/1386/3050 2742/1385/3050
f 2756/1400/3051 2757/1401/3051 2745/1389/3051 2744/1386/3051
f 2757/1401/3052 2754/1398/3052 2743/1381/3052 2745/1389/3052
f 2758/1383/3039 2747/1391/3053 2749/1394/3054 2763/1402/3055
f 2763/1402/3055 2748/1395/3056 2742/1385/3041 2761/1388/3044
f 2755/1399/3057 2750/1392/3057 2747/1391/3057 2746/1382/3057
f 2751/1393/3058 2752/1396/3058 2748/1395/3058 2749/1394/3058
f 2746/1382/3038 2747/1391/3053 2758/1383/3039
f 2748/1395/3056 2763/1402/3055 2749/1394/3054
f 2765/1403/3059 2768/1404/3060 2780/1405/3061 2781/1406/3062
f 2764/1407/3063 2766/1408/3064 2782/1409/3065 2783/1410/3066
f 2766/1408/3064 2767/1411/3067 2784/1412/3068 2782/1409/3065
f 2767/1411/3067 2765/1403/3059 2781/1406/3062 2784/1412/3068
f 2769/1413/3069 2772/1414/3069 2773/1415/3069 2771/1416/3069
f 2770/1417/3070 2774/1418/3070 2775/1419/3070 2764/1407/3070
f 2776/1420/3071 2777/1421/3071 2768/1404/3071 2765/1403/3071
f 2775/1419/3072 2778/1422/3072 2766/1408/3072 2764/1407/3072
f 2778/1422/3073 2779/1423/3073 2767/1411/3073 2766/1408/3073
f 2779/1423/3074 2776/1420/3074 2765/1403/3074 2767/1411/3074
f 2780/1405/3061 2769/1413/3075 2771/1416/3076 2785/1424/3077
f 2785/1424/3077 2770/1417/3078 2764/1407/3063 2783/1410/3066
f 2777/1421/3079 2772/1414/3079 2769/1413/3079 2768/1404/3079
f 2773/1415/3080 2774/1418/3080 2770/1417/3080 2771/1416/3080
f 2768/1404/3060 2769/1413/3075 2780/1405/3061
f 2770/1417/3078 2785/1424/3077 2771/1416/3076
f 2851/1425/2766 2852/1426/2764 2786/1427/2764 2787/1428/2766
f 2853/1429/2750 2854/1430/2748 2788/1431/2748 2789/1432/2750
f 2854/1430/2748 2855/1433/2746 2790/1434/2746 2788/1431/2748
f 2855/1433/2746 2856/1435/2744 2791/1436/2744 2790/1434/2746
f 2856/1435/2744 2857/1437/2742 2792/1438/2742 2791/1436/2744
f 2857/1437/2742 2858/1439/2740 2793/1440/2740 2792/1438/2742
f 2858/1439/2740 2859/1441/2737 2794/1442/2737 2793/1440/2740
f 2859/1443/2737 2860/1444/2738 2795/1445/2738 2794/1446/2737
f 2860/1444/2738 2851/1425/2766 2787/1428/2766 2795/1445/2738
f 2852/1426/2764 2861/1447/2762 2796/1448/2762 2786/1427/2764
f 2861/1447/2762 2862/1449/2760 2797/1450/2760 2796/1448/2762
f 2797/1450/2760 2862/1449/2760 2863/1451/2758 2798/1452/2758
f 2863/1451/2758 2864/1453/2756 2799/1454/2756 2798/1452/2758
f 2864/1453/2756 2865/1455/2754 2800/1456/2754 2799/1454/2756
f 2865/1455/2754 2866/1457/2752 2801/1458/2752 2800/1456/2754
f 2866/1457/2752 2853/1429/2750 2789/1432/2750 2801/1458/2752
f 2787/1459/96 2786/1460/96 2802/1461/96 2803/1462/96
f 2789/1463/96 2788/1464/96 2804/1465/96 2805/1466/96
f 2788/1464/96 2790/1467/96 2806/1468/96 2804/1465/96
f 2790/1467/96 2791/1469/96 2807/1470/96 2806/1468/96
f 2791/1469/96 2792/1471/96 2808/1472/96 2807/1470/96
f 2792/1471/96 2793/1473/96 2809/1474/96 2808/1472/96
f 2793/1473/96 2794/1475/96 2810/1476/96 2809/1474/96
f 2794/1475/96 2795/1477/96 2811/1478/96 2810/1476/96
f 2811/1478/96 2795/1477/96 2787/1459/96 2803/1462/96
f 2786/1460/96 2796/1479/96 2812/1480/96 2802/1461/96
f 2796/1479/96 2797/1481/96 2813/1482/96 2812/1480/96
f 2797/1481/96 2798/1483/96 2814/1484/96 2813/1482/96
f 2798/1483/96 2799/1485/96 2815/1486/96 2814/1484/96
f 2799/1485/96 2800/1487/96 2816/1488/96 2815/1486/96
f 2800/1487/96 2801/1489/96 2817/1490/96 2816/1488/96
f 2801/1489/96 2789/1463/96 2805/1466/96 2817/1490/96
f 2803/1491/2766 2802/1492/2764 2818/1493/2764 2819/1494/2766
f 2805/1495/2750 2804/1496/2748 2820/1497/2748 2821/1498/2750
f 2804/1496/2748 2806/1499/2746 2822/1500/2746 2820/1497/2748
f 2806/1499/2746 2807/1501/2744 2823/1502/2744 2822/1500/2746
f 2807/1501/2744 2808/1503/2742 2824/1504/2742 2823/1502/2744
f 2808/1503/2742 2809/1505/2740 2825/1506/2740 2824/1504/2742
f 2809/1505/2740 2810/1507/2737 2826/1508/2737 2825/1506/2740
f 2810/1507/2737 2811/1509/2738 2827/1510/2738 2826/1508/2737
f 2811/1509/2738 2803/1491/2766 2819/1494/2766 2827/1510/2738
f 2818/1493/2764 2802/1492/2764 2812/1511/2762 2828/1512/2762
f 2812/1511/2762 2813/1513/2760 2829/1514/2760 2828/1512/2762
f 2813/1513/2760 2814/1515/2758 2830/1516/2758 2829/1514/2760
f 2814/1515/2758 2815/1517/2756 2831/1518/2756 2830/1516/2758
f 2815/1517/2756 2816/1519/2754 2832/1520/2754 2831/1518/2756
f 2816/1519/2754 2817/1521/2752 2833/1522/2752 2832/1520/2754
f 2817/1521/2752 2805/1495/2750 2821/1498/2750 2833/1522/2752
f 2819/1494/3081 2818/1493/3082 2834/1523/3083 2835/1524/3084
f 2821/1498/3085 2820/1497/3086 2836/1525/3087 2837/1526/3088
f 2820/1497/3086 2822/1500/3089 2838/1527/3090 2836/1525/3087
f 2822/1500/3089 2823/1502/3091 2839/1528/3092 2838/1527/3090
f 2823/1502/3091 2824/1504/3093 2840/1529/3094 2839/1528/3092
f 2824/1504/3093 2825/1506/3095 2841/1530/3096 2840/1529/3094
f 2825/1506/3095 2826/1508/3097 2842/1531/3098 2841/1530/3096
f 2826/1508/3097 2827/1510/3099 2843/1532/3100 2842/1531/3098
f 2827/1510/3099 2819/1494/3081 2835/1524/3084 2843/1532/3100
f 2818/1493/3082 2828/1512/3101 2844/1533/3102 2834/1523/3083
f 2844/1533/3102 2828/1512/3101 2829/1514/3103 2845/1534/3104
f 2829/1514/3103 2830/1516/3105 2846/1535/3106 2845/1534/3104
f 2830/1516/3105 2831/1518/3107 2847/1536/3108 2846/1535/3106
f 2831/1518/3107 2832/1520/3109 2848/1537/3110 2847/1536/3108
f 2832/1520/3109 2833/1522/3111 2849/1538/3112 2848/1537/3110
f 2833/1522/3111 2821/1498/3085 2837/1526/3088 2849/1538/3112
f 2835/1524/3084 2834/1523/3083 2850/1539/99
f 2837/1526/3088 2836/1525/3087 2850/1539/99
f 2850/1539/99 2836/1525/3087 2838/1527/3090
f 2850/1539/99 2838/1527/3090 2839/1528/3092
f 2850/1539/99 2839/1528/3092 2840/1529/3094
f 2850/1539/99 2840/1529/3094 2841/1530/3096
f 2850/1539/99 2841/1530/3096 2842/1531/3098
f 2850/1539/99 2842/1531/3098 2843/1532/3100
f 2850/1539/99 2843/1532/3100 2835/1524/3084
f 2850/1539/99 2834/1523/3083 2844/1533/3102
f 2850/1539/99 2844/1533/3102 2845/1534/3104
f 2850/1539/99 2845/1534/3104 2846/1535/3106
f 2850/1539/99 2846/1535/3106 2847/1536/3108
f 2850/1539/99 2847/1536/3108 2848/1537/3110
f 2850/1539/99 2848/1537/3110 2849/1538/3112
f 2850/1539/99 2849/1538/3112 2837/1526/3088
